[2026-04-17 02:34:59.910978] | Thread:20665 | [CncServiceImpl::SetNodeSchedule] | Start setting node schedule for node: vstsn01
[2026-04-17 02:34:59.911088] | Thread:20665 | [NetworkManager::deployConfigToNode] | Start config deployment for node: vstsn01
[2026-04-17 02:34:59.911232] | Thread:20635 | [NetconfSession::editData] | Start edit-config with XML length: 3260
[2026-04-17 02:34:59.944887] | Thread:20635 | [NetconfSession::editData] | Finished edit-config with XML length: 3260
[2026-04-17 02:34:59.944914] | Thread:20635 | [NetconfSession::commit] | Start commit operation.
[2026-04-17 02:34:59.986741] | Thread:20635 | [NetconfSession::commit] | Finished commit operation.
[2026-04-17 02:34:59.986768] | Thread:20635 | [NetworkManager::deployConfigToNode] | Successfully deployed config for node: vstsn01
[2026-04-17 02:34:59.986819] | Thread:20665 | [CncServiceImpl::SetNodeSchedule] | Finished deploying config to node: vstsn01
[2026-04-17 02:34:59.986861] | Thread:20665 | [NetworkManager::fetchOperationGcl] | Start operational GCL fetch
[2026-04-17 02:34:59.986864] | Thread:20665 | [NetworkManager::fetchOperationGclForNode] | Start operational GCL fetch for node: vstsn01
[2026-04-17 02:34:59.986898] | Thread:20635 | [NetconfSession::getData] | Start data fetch with XPath: /ietf-interfaces:interfaces/interface/ieee802-dot1q-bridge:bridge-port/ieee802-dot1q-sched-bridge:gate-parameter-table
[2026-04-17 02:35:00.095592] | Thread:20635 | [NetconfSession::getData] | Got return for path: /ietf-interfaces:interfaces/interface/ieee802-dot1q-bridge:bridge-port/ieee802-dot1q-sched-bridge:gate-parameter-table
[2026-04-17 02:35:00.095717] | Thread:20635 | [GclParser::parseOperationalGclData] | Start operational GCL data parsing
[2026-04-17 02:35:00.095982] | Thread:20635 | [GclParser::parseOperationalGclData] | Finished operational GCL data parsing
[2026-04-17 02:35:00.096054] | Thread:20665 | [NetworkManager::fetchOperationGclForNode] | Start operational GCL fetch for node: vstsn02
[2026-04-17 02:35:00.096149] | Thread:20646 | [NetconfSession::getData] | Start data fetch with XPath: /ietf-interfaces:interfaces/interface/ieee802-dot1q-bridge:bridge-port/ieee802-dot1q-sched-bridge:gate-parameter-table
[2026-04-17 02:35:00.173540] | Thread:20646 | [NetconfSession::getData] | Got return for path: /ietf-interfaces:interfaces/interface/ieee802-dot1q-bridge:bridge-port/ieee802-dot1q-sched-bridge:gate-parameter-table
[2026-04-17 02:35:00.173700] | Thread:20646 | [GclParser::parseOperationalGclData] | Start operational GCL data parsing
[2026-04-17 02:35:00.174043] | Thread:20646 | [GclParser::parseOperationalGclData] | Finished operational GCL data parsing
[2026-04-17 02:35:00.174116] | Thread:20665 | [NetworkManager::fetchOperationGclForNode] | Start operational GCL fetch for node: vstsn03
[2026-04-17 02:35:00.174203] | Thread:20657 | [NetconfSession::getData] | Start data fetch with XPath: /ietf-interfaces:interfaces/interface/ieee802-dot1q-bridge:bridge-port/ieee802-dot1q-sched-bridge:gate-parameter-table
[2026-04-17 02:35:00.214480] | Thread:20657 | [NetconfSession::getData] | Got return for path: /ietf-interfaces:interfaces/interface/ieee802-dot1q-bridge:bridge-port/ieee802-dot1q-sched-bridge:gate-parameter-table
[2026-04-17 02:35:00.214586] | Thread:20657 | [GclParser::parseOperationalGclData] | Start operational GCL data parsing
[2026-04-17 02:35:00.214761] | Thread:20657 | [GclParser::parseOperationalGclData] | Finished operational GCL data parsing
[2026-04-17 02:35:00.214870] | Thread:20665 | [NetworkManager::fetchOperationGcl] | Stop operational GCL fetch
[2026-04-17 02:35:00.214914] | Thread:20665 | [CncServiceImpl::SetNodeSchedule] | Finished setting node schedule (with verification) for node: vstsn01
[2026-04-17 02:35:00.887738] | Thread:20665 | [CncServiceImpl::SetNodeSchedule] | Start setting node schedule for node: vstsn01
[2026-04-17 02:35:00.887822] | Thread:20665 | [NetworkManager::deployConfigToNode] | Start config deployment for node: vstsn01
[2026-04-17 02:35:00.887930] | Thread:20635 | [NetconfSession::editData] | Start edit-config with XML length: 3260
[2026-04-17 02:35:00.888011] | Thread:20712 | [CncServiceImpl::SetNodeSchedule] | Start setting node schedule for node: vstsn01
[2026-04-17 02:35:00.918640] | Thread:20635 | [NetconfSession::editData] | Finished edit-config with XML length: 3260
[2026-04-17 02:35:00.918664] | Thread:20635 | [NetconfSession::commit] | Start commit operation.
[2026-04-17 02:35:00.964726] | Thread:20635 | [NetconfSession::commit] | Finished commit operation.
[2026-04-17 02:35:00.964762] | Thread:20635 | [NetworkManager::deployConfigToNode] | Successfully deployed config for node: vstsn01
[2026-04-17 02:35:00.964808] | Thread:20665 | [CncServiceImpl::SetNodeSchedule] | Finished deploying config to node: vstsn01
[2026-04-17 02:35:00.964837] | Thread:20665 | [NetworkManager::fetchOperationGcl] | Start operational GCL fetch
[2026-04-17 02:35:00.964838] | Thread:20665 | [NetworkManager::fetchOperationGclForNode] | Start operational GCL fetch for node: vstsn01
[2026-04-17 02:35:00.964886] | Thread:20635 | [NetconfSession::getData] | Start data fetch with XPath: /ietf-interfaces:interfaces/interface/ieee802-dot1q-bridge:bridge-port/ieee802-dot1q-sched-bridge:gate-parameter-table
[2026-04-17 02:35:01.082739] | Thread:20635 | [NetconfSession::getData] | Got return for path: /ietf-interfaces:interfaces/interface/ieee802-dot1q-bridge:bridge-port/ieee802-dot1q-sched-bridge:gate-parameter-table
[2026-04-17 02:35:01.082855] | Thread:20635 | [GclParser::parseOperationalGclData] | Start operational GCL data parsing
[2026-04-17 02:35:01.083101] | Thread:20635 | [GclParser::parseOperationalGclData] | Finished operational GCL data parsing
[2026-04-17 02:35:01.083155] | Thread:20665 | [NetworkManager::fetchOperationGclForNode] | Start operational GCL fetch for node: vstsn02
[2026-04-17 02:35:01.083206] | Thread:20646 | [NetconfSession::getData] | Start data fetch with XPath: /ietf-interfaces:interfaces/interface/ieee802-dot1q-bridge:bridge-port/ieee802-dot1q-sched-bridge:gate-parameter-table
[2026-04-17 02:35:01.183024] | Thread:20646 | [NetconfSession::getData] | Got return for path: /ietf-interfaces:interfaces/interface/ieee802-dot1q-bridge:bridge-port/ieee802-dot1q-sched-bridge:gate-parameter-table
[2026-04-17 02:35:01.183174] | Thread:20646 | [GclParser::parseOperationalGclData] | Start operational GCL data parsing
[2026-04-17 02:35:01.183590] | Thread:20646 | [GclParser::parseOperationalGclData] | Finished operational GCL data parsing
[2026-04-17 02:35:01.183701] | Thread:20665 | [NetworkManager::fetchOperationGclForNode] | Start operational GCL fetch for node: vstsn03
[2026-04-17 02:35:01.183751] | Thread:20657 | [NetconfSession::getData] | Start data fetch with XPath: /ietf-interfaces:interfaces/interface/ieee802-dot1q-bridge:bridge-port/ieee802-dot1q-sched-bridge:gate-parameter-table
[2026-04-17 02:35:01.219555] | Thread:20657 | [NetconfSession::getData] | Got return for path: /ietf-interfaces:interfaces/interface/ieee802-dot1q-bridge:bridge-port/ieee802-dot1q-sched-bridge:gate-parameter-table
[2026-04-17 02:35:01.219687] | Thread:20657 | [GclParser::parseOperationalGclData] | Start operational GCL data parsing
[2026-04-17 02:35:01.219847] | Thread:20657 | [GclParser::parseOperationalGclData] | Finished operational GCL data parsing
[2026-04-17 02:35:01.219967] | Thread:20665 | [NetworkManager::fetchOperationGcl] | Stop operational GCL fetch
[2026-04-17 02:35:01.220014] | Thread:20665 | [CncServiceImpl::SetNodeSchedule] | Finished setting node schedule (with verification) for node: vstsn01
[2026-04-17 02:35:01.220084] | Thread:20712 | [NetworkManager::deployConfigToNode] | Start config deployment for node: vstsn01
[2026-04-17 02:35:01.220248] | Thread:20635 | [NetconfSession::editData] | Start edit-config with XML length: 3260
[2026-04-17 02:35:01.250536] | Thread:20635 | [NetconfSession::editData] | Finished edit-config with XML length: 3260
[2026-04-17 02:35:01.250566] | Thread:20635 | [NetconfSession::commit] | Start commit operation.
[2026-04-17 02:35:01.291701] | Thread:20635 | [NetconfSession::commit] | Finished commit operation.
[2026-04-17 02:35:01.291726] | Thread:20635 | [NetworkManager::deployConfigToNode] | Successfully deployed config for node: vstsn01
[2026-04-17 02:35:01.291815] | Thread:20712 | [CncServiceImpl::SetNodeSchedule] | Finished deploying config to node: vstsn01
[2026-04-17 02:35:01.291855] | Thread:20712 | [NetworkManager::fetchOperationGcl] | Start operational GCL fetch
[2026-04-17 02:35:01.291857] | Thread:20712 | [NetworkManager::fetchOperationGclForNode] | Start operational GCL fetch for node: vstsn01
[2026-04-17 02:35:01.291904] | Thread:20635 | [NetconfSession::getData] | Start data fetch with XPath: /ietf-interfaces:interfaces/interface/ieee802-dot1q-bridge:bridge-port/ieee802-dot1q-sched-bridge:gate-parameter-table
[2026-04-17 02:35:01.394477] | Thread:20635 | [NetconfSession::getData] | Got return for path: /ietf-interfaces:interfaces/interface/ieee802-dot1q-bridge:bridge-port/ieee802-dot1q-sched-bridge:gate-parameter-table
[2026-04-17 02:35:01.394600] | Thread:20635 | [GclParser::parseOperationalGclData] | Start operational GCL data parsing
[2026-04-17 02:35:01.394896] | Thread:20635 | [GclParser::parseOperationalGclData] | Finished operational GCL data parsing
[2026-04-17 02:35:01.394976] | Thread:20712 | [NetworkManager::fetchOperationGclForNode] | Start operational GCL fetch for node: vstsn02
[2026-04-17 02:35:01.395082] | Thread:20646 | [NetconfSession::getData] | Start data fetch with XPath: /ietf-interfaces:interfaces/interface/ieee802-dot1q-bridge:bridge-port/ieee802-dot1q-sched-bridge:gate-parameter-table
[2026-04-17 02:35:01.471486] | Thread:20646 | [NetconfSession::getData] | Got return for path: /ietf-interfaces:interfaces/interface/ieee802-dot1q-bridge:bridge-port/ieee802-dot1q-sched-bridge:gate-parameter-table
[2026-04-17 02:35:01.471649] | Thread:20646 | [GclParser::parseOperationalGclData] | Start operational GCL data parsing
[2026-04-17 02:35:01.471985] | Thread:20646 | [GclParser::parseOperationalGclData] | Finished operational GCL data parsing
[2026-04-17 02:35:01.472072] | Thread:20712 | [NetworkManager::fetchOperationGclForNode] | Start operational GCL fetch for node: vstsn03
[2026-04-17 02:35:01.472127] | Thread:20657 | [NetconfSession::getData] | Start data fetch with XPath: /ietf-interfaces:interfaces/interface/ieee802-dot1q-bridge:bridge-port/ieee802-dot1q-sched-bridge:gate-parameter-table
[2026-04-17 02:35:01.512624] | Thread:20657 | [NetconfSession::getData] | Got return for path: /ietf-interfaces:interfaces/interface/ieee802-dot1q-bridge:bridge-port/ieee802-dot1q-sched-bridge:gate-parameter-table
[2026-04-17 02:35:01.512738] | Thread:20657 | [GclParser::parseOperationalGclData] | Start operational GCL data parsing
[2026-04-17 02:35:01.512889] | Thread:20657 | [GclParser::parseOperationalGclData] | Finished operational GCL data parsing
[2026-04-17 02:35:01.513005] | Thread:20712 | [NetworkManager::fetchOperationGcl] | Stop operational GCL fetch
[2026-04-17 02:35:01.513061] | Thread:20712 | [CncServiceImpl::SetNodeSchedule] | Finished setting node schedule (with verification) for node: vstsn01
[2026-04-17 02:35:01.892839] | Thread:20735 | [CncServiceImpl::SetNodeSchedule] | Start setting node schedule for node: vstsn01
[2026-04-17 02:35:01.892923] | Thread:20735 | [NetworkManager::deployConfigToNode] | Start config deployment for node: vstsn01
[2026-04-17 02:35:01.893016] | Thread:20635 | [NetconfSession::editData] | Start edit-config with XML length: 3260
[2026-04-17 02:35:01.893227] | Thread:20665 | [CncServiceImpl::SetNodeSchedule] | Start setting node schedule for node: vstsn01
[2026-04-17 02:35:01.895026] | Thread:20760 | [CncServiceImpl::SetNodeSchedule] | Start setting node schedule for node: vstsn01
[2026-04-17 02:35:01.924663] | Thread:20635 | [NetconfSession::editData] | Finished edit-config with XML length: 3260
[2026-04-17 02:35:01.924707] | Thread:20635 | [NetconfSession::commit] | Start commit operation.
[2026-04-17 02:35:01.976696] | Thread:20635 | [NetconfSession::commit] | Finished commit operation.
[2026-04-17 02:35:01.976722] | Thread:20635 | [NetworkManager::deployConfigToNode] | Successfully deployed config for node: vstsn01
[2026-04-17 02:35:01.976761] | Thread:20735 | [CncServiceImpl::SetNodeSchedule] | Finished deploying config to node: vstsn01
[2026-04-17 02:35:01.976770] | Thread:20735 | [NetworkManager::fetchOperationGcl] | Start operational GCL fetch
[2026-04-17 02:35:01.976772] | Thread:20735 | [NetworkManager::fetchOperationGclForNode] | Start operational GCL fetch for node: vstsn01
[2026-04-17 02:35:01.976817] | Thread:20635 | [NetconfSession::getData] | Start data fetch with XPath: /ietf-interfaces:interfaces/interface/ieee802-dot1q-bridge:bridge-port/ieee802-dot1q-sched-bridge:gate-parameter-table
[2026-04-17 02:35:02.085607] | Thread:20635 | [NetconfSession::getData] | Got return for path: /ietf-interfaces:interfaces/interface/ieee802-dot1q-bridge:bridge-port/ieee802-dot1q-sched-bridge:gate-parameter-table
[2026-04-17 02:35:02.085731] | Thread:20635 | [GclParser::parseOperationalGclData] | Start operational GCL data parsing
[2026-04-17 02:35:02.085956] | Thread:20635 | [GclParser::parseOperationalGclData] | Finished operational GCL data parsing
[2026-04-17 02:35:02.086049] | Thread:20735 | [NetworkManager::fetchOperationGclForNode] | Start operational GCL fetch for node: vstsn02
[2026-04-17 02:35:02.086099] | Thread:20646 | [NetconfSession::getData] | Start data fetch with XPath: /ietf-interfaces:interfaces/interface/ieee802-dot1q-bridge:bridge-port/ieee802-dot1q-sched-bridge:gate-parameter-table
[2026-04-17 02:35:02.162929] | Thread:20646 | [NetconfSession::getData] | Got return for path: /ietf-interfaces:interfaces/interface/ieee802-dot1q-bridge:bridge-port/ieee802-dot1q-sched-bridge:gate-parameter-table
[2026-04-17 02:35:02.163080] | Thread:20646 | [GclParser::parseOperationalGclData] | Start operational GCL data parsing
[2026-04-17 02:35:02.163429] | Thread:20646 | [GclParser::parseOperationalGclData] | Finished operational GCL data parsing
[2026-04-17 02:35:02.163552] | Thread:20735 | [NetworkManager::fetchOperationGclForNode] | Start operational GCL fetch for node: vstsn03
[2026-04-17 02:35:02.163622] | Thread:20657 | [NetconfSession::getData] | Start data fetch with XPath: /ietf-interfaces:interfaces/interface/ieee802-dot1q-bridge:bridge-port/ieee802-dot1q-sched-bridge:gate-parameter-table
[2026-04-17 02:35:02.200269] | Thread:20657 | [NetconfSession::getData] | Got return for path: /ietf-interfaces:interfaces/interface/ieee802-dot1q-bridge:bridge-port/ieee802-dot1q-sched-bridge:gate-parameter-table
[2026-04-17 02:35:02.200403] | Thread:20657 | [GclParser::parseOperationalGclData] | Start operational GCL data parsing
[2026-04-17 02:35:02.200628] | Thread:20657 | [GclParser::parseOperationalGclData] | Finished operational GCL data parsing
[2026-04-17 02:35:02.200718] | Thread:20735 | [NetworkManager::fetchOperationGcl] | Stop operational GCL fetch
[2026-04-17 02:35:02.200771] | Thread:20735 | [CncServiceImpl::SetNodeSchedule] | Finished setting node schedule (with verification) for node: vstsn01
[2026-04-17 02:35:02.200828] | Thread:20665 | [NetworkManager::deployConfigToNode] | Start config deployment for node: vstsn01
[2026-04-17 02:35:02.200932] | Thread:20635 | [NetconfSession::editData] | Start edit-config with XML length: 3260
[2026-04-17 02:35:02.229530] | Thread:20635 | [NetconfSession::editData] | Finished edit-config with XML length: 3260
[2026-04-17 02:35:02.229552] | Thread:20635 | [NetconfSession::commit] | Start commit operation.
[2026-04-17 02:35:02.271251] | Thread:20635 | [NetconfSession::commit] | Finished commit operation.
[2026-04-17 02:35:02.271276] | Thread:20635 | [NetworkManager::deployConfigToNode] | Successfully deployed config for node: vstsn01
[2026-04-17 02:35:02.271332] | Thread:20665 | [CncServiceImpl::SetNodeSchedule] | Finished deploying config to node: vstsn01
[2026-04-17 02:35:02.271369] | Thread:20665 | [NetworkManager::fetchOperationGcl] | Start operational GCL fetch
[2026-04-17 02:35:02.271371] | Thread:20665 | [NetworkManager::fetchOperationGclForNode] | Start operational GCL fetch for node: vstsn01
[2026-04-17 02:35:02.271406] | Thread:20635 | [NetconfSession::getData] | Start data fetch with XPath: /ietf-interfaces:interfaces/interface/ieee802-dot1q-bridge:bridge-port/ieee802-dot1q-sched-bridge:gate-parameter-table
[2026-04-17 02:35:02.372994] | Thread:20635 | [NetconfSession::getData] | Got return for path: /ietf-interfaces:interfaces/interface/ieee802-dot1q-bridge:bridge-port/ieee802-dot1q-sched-bridge:gate-parameter-table
[2026-04-17 02:35:02.373176] | Thread:20635 | [GclParser::parseOperationalGclData] | Start operational GCL data parsing
[2026-04-17 02:35:02.373462] | Thread:20635 | [GclParser::parseOperationalGclData] | Finished operational GCL data parsing
[2026-04-17 02:35:02.373536] | Thread:20665 | [NetworkManager::fetchOperationGclForNode] | Start operational GCL fetch for node: vstsn02
[2026-04-17 02:35:02.373589] | Thread:20646 | [NetconfSession::getData] | Start data fetch with XPath: /ietf-interfaces:interfaces/interface/ieee802-dot1q-bridge:bridge-port/ieee802-dot1q-sched-bridge:gate-parameter-table
[2026-04-17 02:35:02.452389] | Thread:20646 | [NetconfSession::getData] | Got return for path: /ietf-interfaces:interfaces/interface/ieee802-dot1q-bridge:bridge-port/ieee802-dot1q-sched-bridge:gate-parameter-table
[2026-04-17 02:35:02.452624] | Thread:20646 | [GclParser::parseOperationalGclData] | Start operational GCL data parsing
[2026-04-17 02:35:02.453084] | Thread:20646 | [GclParser::parseOperationalGclData] | Finished operational GCL data parsing
[2026-04-17 02:35:02.453264] | Thread:20665 | [NetworkManager::fetchOperationGclForNode] | Start operational GCL fetch for node: vstsn03
[2026-04-17 02:35:02.453332] | Thread:20657 | [NetconfSession::getData] | Start data fetch with XPath: /ietf-interfaces:interfaces/interface/ieee802-dot1q-bridge:bridge-port/ieee802-dot1q-sched-bridge:gate-parameter-table
[2026-04-17 02:35:02.489897] | Thread:20657 | [NetconfSession::getData] | Got return for path: /ietf-interfaces:interfaces/interface/ieee802-dot1q-bridge:bridge-port/ieee802-dot1q-sched-bridge:gate-parameter-table
[2026-04-17 02:35:02.490007] | Thread:20657 | [GclParser::parseOperationalGclData] | Start operational GCL data parsing
[2026-04-17 02:35:02.490187] | Thread:20657 | [GclParser::parseOperationalGclData] | Finished operational GCL data parsing
[2026-04-17 02:35:02.490282] | Thread:20665 | [NetworkManager::fetchOperationGcl] | Stop operational GCL fetch
[2026-04-17 02:35:02.490337] | Thread:20665 | [CncServiceImpl::SetNodeSchedule] | Finished setting node schedule (with verification) for node: vstsn01
[2026-04-17 02:35:02.490390] | Thread:20760 | [NetworkManager::deployConfigToNode] | Start config deployment for node: vstsn01
[2026-04-17 02:35:02.490508] | Thread:20635 | [NetconfSession::editData] | Start edit-config with XML length: 3260
[2026-04-17 02:35:02.527487] | Thread:20635 | [NetconfSession::editData] | Finished edit-config with XML length: 3260
[2026-04-17 02:35:02.527510] | Thread:20635 | [NetconfSession::commit] | Start commit operation.
[2026-04-17 02:35:02.567806] | Thread:20635 | [NetconfSession::commit] | Finished commit operation.
[2026-04-17 02:35:02.567832] | Thread:20635 | [NetworkManager::deployConfigToNode] | Successfully deployed config for node: vstsn01
[2026-04-17 02:35:02.567889] | Thread:20760 | [CncServiceImpl::SetNodeSchedule] | Finished deploying config to node: vstsn01
[2026-04-17 02:35:02.567936] | Thread:20760 | [NetworkManager::fetchOperationGcl] | Start operational GCL fetch
[2026-04-17 02:35:02.567938] | Thread:20760 | [NetworkManager::fetchOperationGclForNode] | Start operational GCL fetch for node: vstsn01
[2026-04-17 02:35:02.567991] | Thread:20635 | [NetconfSession::getData] | Start data fetch with XPath: /ietf-interfaces:interfaces/interface/ieee802-dot1q-bridge:bridge-port/ieee802-dot1q-sched-bridge:gate-parameter-table
[2026-04-17 02:35:02.668111] | Thread:20635 | [NetconfSession::getData] | Got return for path: /ietf-interfaces:interfaces/interface/ieee802-dot1q-bridge:bridge-port/ieee802-dot1q-sched-bridge:gate-parameter-table
[2026-04-17 02:35:02.668291] | Thread:20635 | [GclParser::parseOperationalGclData] | Start operational GCL data parsing
[2026-04-17 02:35:02.668700] | Thread:20635 | [GclParser::parseOperationalGclData] | Finished operational GCL data parsing
[2026-04-17 02:35:02.668841] | Thread:20760 | [NetworkManager::fetchOperationGclForNode] | Start operational GCL fetch for node: vstsn02
[2026-04-17 02:35:02.668928] | Thread:20646 | [NetconfSession::getData] | Start data fetch with XPath: /ietf-interfaces:interfaces/interface/ieee802-dot1q-bridge:bridge-port/ieee802-dot1q-sched-bridge:gate-parameter-table
[2026-04-17 02:35:02.744107] | Thread:20646 | [NetconfSession::getData] | Got return for path: /ietf-interfaces:interfaces/interface/ieee802-dot1q-bridge:bridge-port/ieee802-dot1q-sched-bridge:gate-parameter-table
[2026-04-17 02:35:02.744381] | Thread:20646 | [GclParser::parseOperationalGclData] | Start operational GCL data parsing
[2026-04-17 02:35:02.744886] | Thread:20646 | [GclParser::parseOperationalGclData] | Finished operational GCL data parsing
[2026-04-17 02:35:02.745072] | Thread:20760 | [NetworkManager::fetchOperationGclForNode] | Start operational GCL fetch for node: vstsn03
[2026-04-17 02:35:02.745157] | Thread:20657 | [NetconfSession::getData] | Start data fetch with XPath: /ietf-interfaces:interfaces/interface/ieee802-dot1q-bridge:bridge-port/ieee802-dot1q-sched-bridge:gate-parameter-table
[2026-04-17 02:35:02.780837] | Thread:20657 | [NetconfSession::getData] | Got return for path: /ietf-interfaces:interfaces/interface/ieee802-dot1q-bridge:bridge-port/ieee802-dot1q-sched-bridge:gate-parameter-table
[2026-04-17 02:35:02.780946] | Thread:20657 | [GclParser::parseOperationalGclData] | Start operational GCL data parsing
[2026-04-17 02:35:02.781112] | Thread:20657 | [GclParser::parseOperationalGclData] | Finished operational GCL data parsing
[2026-04-17 02:35:02.781194] | Thread:20760 | [NetworkManager::fetchOperationGcl] | Stop operational GCL fetch
[2026-04-17 02:35:02.781266] | Thread:20760 | [CncServiceImpl::SetNodeSchedule] | Finished setting node schedule (with verification) for node: vstsn01
[2026-04-17 02:35:02.897249] | Thread:20761 | [CncServiceImpl::SetNodeSchedule] | Start setting node schedule for node: vstsn01
[2026-04-17 02:35:02.897336] | Thread:20761 | [NetworkManager::deployConfigToNode] | Start config deployment for node: vstsn01
[2026-04-17 02:35:02.897435] | Thread:20635 | [NetconfSession::editData] | Start edit-config with XML length: 3260
[2026-04-17 02:35:02.897561] | Thread:20735 | [CncServiceImpl::SetNodeSchedule] | Start setting node schedule for node: vstsn01
[2026-04-17 02:35:02.898824] | Thread:20792 | [CncServiceImpl::SetNodeSchedule] | Start setting node schedule for node: vstsn01
[2026-04-17 02:35:02.899441] | Thread:20793 | [CncServiceImpl::SetNodeSchedule] | Start setting node schedule for node: vstsn01
[2026-04-17 02:35:02.929365] | Thread:20635 | [NetconfSession::editData] | Finished edit-config with XML length: 3260
[2026-04-17 02:35:02.929396] | Thread:20635 | [NetconfSession::commit] | Start commit operation.
[2026-04-17 02:35:02.973590] | Thread:20635 | [NetconfSession::commit] | Finished commit operation.
[2026-04-17 02:35:02.973624] | Thread:20635 | [NetworkManager::deployConfigToNode] | Successfully deployed config for node: vstsn01
[2026-04-17 02:35:02.973678] | Thread:20761 | [CncServiceImpl::SetNodeSchedule] | Finished deploying config to node: vstsn01
[2026-04-17 02:35:02.973722] | Thread:20761 | [NetworkManager::fetchOperationGcl] | Start operational GCL fetch
[2026-04-17 02:35:02.973724] | Thread:20761 | [NetworkManager::fetchOperationGclForNode] | Start operational GCL fetch for node: vstsn01
[2026-04-17 02:35:02.973787] | Thread:20635 | [NetconfSession::getData] | Start data fetch with XPath: /ietf-interfaces:interfaces/interface/ieee802-dot1q-bridge:bridge-port/ieee802-dot1q-sched-bridge:gate-parameter-table
[2026-04-17 02:35:03.087735] | Thread:20635 | [NetconfSession::getData] | Got return for path: /ietf-interfaces:interfaces/interface/ieee802-dot1q-bridge:bridge-port/ieee802-dot1q-sched-bridge:gate-parameter-table
[2026-04-17 02:35:03.087845] | Thread:20635 | [GclParser::parseOperationalGclData] | Start operational GCL data parsing
[2026-04-17 02:35:03.088091] | Thread:20635 | [GclParser::parseOperationalGclData] | Finished operational GCL data parsing
[2026-04-17 02:35:03.088168] | Thread:20761 | [NetworkManager::fetchOperationGclForNode] | Start operational GCL fetch for node: vstsn02
[2026-04-17 02:35:03.088215] | Thread:20646 | [NetconfSession::getData] | Start data fetch with XPath: /ietf-interfaces:interfaces/interface/ieee802-dot1q-bridge:bridge-port/ieee802-dot1q-sched-bridge:gate-parameter-table
[2026-04-17 02:35:03.180572] | Thread:20646 | [NetconfSession::getData] | Got return for path: /ietf-interfaces:interfaces/interface/ieee802-dot1q-bridge:bridge-port/ieee802-dot1q-sched-bridge:gate-parameter-table
[2026-04-17 02:35:03.180912] | Thread:20646 | [GclParser::parseOperationalGclData] | Start operational GCL data parsing
[2026-04-17 02:35:03.181540] | Thread:20646 | [GclParser::parseOperationalGclData] | Finished operational GCL data parsing
[2026-04-17 02:35:03.181674] | Thread:20761 | [NetworkManager::fetchOperationGclForNode] | Start operational GCL fetch for node: vstsn03
[2026-04-17 02:35:03.181758] | Thread:20657 | [NetconfSession::getData] | Start data fetch with XPath: /ietf-interfaces:interfaces/interface/ieee802-dot1q-bridge:bridge-port/ieee802-dot1q-sched-bridge:gate-parameter-table
[2026-04-17 02:35:03.220957] | Thread:20657 | [NetconfSession::getData] | Got return for path: /ietf-interfaces:interfaces/interface/ieee802-dot1q-bridge:bridge-port/ieee802-dot1q-sched-bridge:gate-parameter-table
[2026-04-17 02:35:03.221157] | Thread:20657 | [GclParser::parseOperationalGclData] | Start operational GCL data parsing
[2026-04-17 02:35:03.221554] | Thread:20657 | [GclParser::parseOperationalGclData] | Finished operational GCL data parsing
[2026-04-17 02:35:03.221855] | Thread:20761 | [NetworkManager::fetchOperationGcl] | Stop operational GCL fetch
[2026-04-17 02:35:03.221950] | Thread:20761 | [CncServiceImpl::SetNodeSchedule] | Finished setting node schedule (with verification) for node: vstsn01
[2026-04-17 02:35:03.222137] | Thread:20735 | [NetworkManager::deployConfigToNode] | Start config deployment for node: vstsn01
[2026-04-17 02:35:03.222368] | Thread:20635 | [NetconfSession::editData] | Start edit-config with XML length: 3260
[2026-04-17 02:35:03.252459] | Thread:20635 | [NetconfSession::editData] | Finished edit-config with XML length: 3260
[2026-04-17 02:35:03.252492] | Thread:20635 | [NetconfSession::commit] | Start commit operation.
[2026-04-17 02:35:03.294491] | Thread:20635 | [NetconfSession::commit] | Finished commit operation.
[2026-04-17 02:35:03.294540] | Thread:20635 | [NetworkManager::deployConfigToNode] | Successfully deployed config for node: vstsn01
[2026-04-17 02:35:03.294633] | Thread:20735 | [CncServiceImpl::SetNodeSchedule] | Finished deploying config to node: vstsn01
[2026-04-17 02:35:03.294695] | Thread:20735 | [NetworkManager::fetchOperationGcl] | Start operational GCL fetch
[2026-04-17 02:35:03.294699] | Thread:20735 | [NetworkManager::fetchOperationGclForNode] | Start operational GCL fetch for node: vstsn01
[2026-04-17 02:35:03.294790] | Thread:20635 | [NetconfSession::getData] | Start data fetch with XPath: /ietf-interfaces:interfaces/interface/ieee802-dot1q-bridge:bridge-port/ieee802-dot1q-sched-bridge:gate-parameter-table
[2026-04-17 02:35:03.411323] | Thread:20635 | [NetconfSession::getData] | Got return for path: /ietf-interfaces:interfaces/interface/ieee802-dot1q-bridge:bridge-port/ieee802-dot1q-sched-bridge:gate-parameter-table
[2026-04-17 02:35:03.411447] | Thread:20635 | [GclParser::parseOperationalGclData] | Start operational GCL data parsing
[2026-04-17 02:35:03.411710] | Thread:20635 | [GclParser::parseOperationalGclData] | Finished operational GCL data parsing
[2026-04-17 02:35:03.411806] | Thread:20735 | [NetworkManager::fetchOperationGclForNode] | Start operational GCL fetch for node: vstsn02
[2026-04-17 02:35:03.411861] | Thread:20646 | [NetconfSession::getData] | Start data fetch with XPath: /ietf-interfaces:interfaces/interface/ieee802-dot1q-bridge:bridge-port/ieee802-dot1q-sched-bridge:gate-parameter-table
[2026-04-17 02:35:03.502398] | Thread:20646 | [NetconfSession::getData] | Got return for path: /ietf-interfaces:interfaces/interface/ieee802-dot1q-bridge:bridge-port/ieee802-dot1q-sched-bridge:gate-parameter-table
[2026-04-17 02:35:03.502674] | Thread:20646 | [GclParser::parseOperationalGclData] | Start operational GCL data parsing
[2026-04-17 02:35:03.503240] | Thread:20646 | [GclParser::parseOperationalGclData] | Finished operational GCL data parsing
[2026-04-17 02:35:03.503383] | Thread:20735 | [NetworkManager::fetchOperationGclForNode] | Start operational GCL fetch for node: vstsn03
[2026-04-17 02:35:03.503444] | Thread:20657 | [NetconfSession::getData] | Start data fetch with XPath: /ietf-interfaces:interfaces/interface/ieee802-dot1q-bridge:bridge-port/ieee802-dot1q-sched-bridge:gate-parameter-table
[2026-04-17 02:35:03.543893] | Thread:20657 | [NetconfSession::getData] | Got return for path: /ietf-interfaces:interfaces/interface/ieee802-dot1q-bridge:bridge-port/ieee802-dot1q-sched-bridge:gate-parameter-table
[2026-04-17 02:35:03.544043] | Thread:20657 | [GclParser::parseOperationalGclData] | Start operational GCL data parsing
[2026-04-17 02:35:03.544237] | Thread:20657 | [GclParser::parseOperationalGclData] | Finished operational GCL data parsing
[2026-04-17 02:35:03.544338] | Thread:20735 | [NetworkManager::fetchOperationGcl] | Stop operational GCL fetch
[2026-04-17 02:35:03.544399] | Thread:20735 | [CncServiceImpl::SetNodeSchedule] | Finished setting node schedule (with verification) for node: vstsn01
[2026-04-17 02:35:03.544449] | Thread:20792 | [NetworkManager::deployConfigToNode] | Start config deployment for node: vstsn01
[2026-04-17 02:35:03.544562] | Thread:20635 | [NetconfSession::editData] | Start edit-config with XML length: 3260
[2026-04-17 02:35:03.572324] | Thread:20635 | [NetconfSession::editData] | Finished edit-config with XML length: 3260
[2026-04-17 02:35:03.572346] | Thread:20635 | [NetconfSession::commit] | Start commit operation.
[2026-04-17 02:35:03.614254] | Thread:20635 | [NetconfSession::commit] | Finished commit operation.
[2026-04-17 02:35:03.614295] | Thread:20635 | [NetworkManager::deployConfigToNode] | Successfully deployed config for node: vstsn01
[2026-04-17 02:35:03.614376] | Thread:20792 | [CncServiceImpl::SetNodeSchedule] | Finished deploying config to node: vstsn01
[2026-04-17 02:35:03.614451] | Thread:20792 | [NetworkManager::fetchOperationGcl] | Start operational GCL fetch
[2026-04-17 02:35:03.614454] | Thread:20792 | [NetworkManager::fetchOperationGclForNode] | Start operational GCL fetch for node: vstsn01
[2026-04-17 02:35:03.614506] | Thread:20635 | [NetconfSession::getData] | Start data fetch with XPath: /ietf-interfaces:interfaces/interface/ieee802-dot1q-bridge:bridge-port/ieee802-dot1q-sched-bridge:gate-parameter-table
[2026-04-17 02:35:03.715256] | Thread:20635 | [NetconfSession::getData] | Got return for path: /ietf-interfaces:interfaces/interface/ieee802-dot1q-bridge:bridge-port/ieee802-dot1q-sched-bridge:gate-parameter-table
[2026-04-17 02:35:03.715375] | Thread:20635 | [GclParser::parseOperationalGclData] | Start operational GCL data parsing
[2026-04-17 02:35:03.715731] | Thread:20635 | [GclParser::parseOperationalGclData] | Finished operational GCL data parsing
[2026-04-17 02:35:03.715810] | Thread:20792 | [NetworkManager::fetchOperationGclForNode] | Start operational GCL fetch for node: vstsn02
[2026-04-17 02:35:03.715893] | Thread:20646 | [NetconfSession::getData] | Start data fetch with XPath: /ietf-interfaces:interfaces/interface/ieee802-dot1q-bridge:bridge-port/ieee802-dot1q-sched-bridge:gate-parameter-table
[2026-04-17 02:35:03.791259] | Thread:20646 | [NetconfSession::getData] | Got return for path: /ietf-interfaces:interfaces/interface/ieee802-dot1q-bridge:bridge-port/ieee802-dot1q-sched-bridge:gate-parameter-table
[2026-04-17 02:35:03.791436] | Thread:20646 | [GclParser::parseOperationalGclData] | Start operational GCL data parsing
[2026-04-17 02:35:03.791831] | Thread:20646 | [GclParser::parseOperationalGclData] | Finished operational GCL data parsing
[2026-04-17 02:35:03.791969] | Thread:20792 | [NetworkManager::fetchOperationGclForNode] | Start operational GCL fetch for node: vstsn03
[2026-04-17 02:35:03.792046] | Thread:20657 | [NetconfSession::getData] | Start data fetch with XPath: /ietf-interfaces:interfaces/interface/ieee802-dot1q-bridge:bridge-port/ieee802-dot1q-sched-bridge:gate-parameter-table
[2026-04-17 02:35:03.833633] | Thread:20657 | [NetconfSession::getData] | Got return for path: /ietf-interfaces:interfaces/interface/ieee802-dot1q-bridge:bridge-port/ieee802-dot1q-sched-bridge:gate-parameter-table
[2026-04-17 02:35:03.833784] | Thread:20657 | [GclParser::parseOperationalGclData] | Start operational GCL data parsing
[2026-04-17 02:35:03.834023] | Thread:20657 | [GclParser::parseOperationalGclData] | Finished operational GCL data parsing
[2026-04-17 02:35:03.834106] | Thread:20792 | [NetworkManager::fetchOperationGcl] | Stop operational GCL fetch
[2026-04-17 02:35:03.834161] | Thread:20792 | [CncServiceImpl::SetNodeSchedule] | Finished setting node schedule (with verification) for node: vstsn01
[2026-04-17 02:35:03.834218] | Thread:20793 | [NetworkManager::deployConfigToNode] | Start config deployment for node: vstsn01
[2026-04-17 02:35:03.834351] | Thread:20635 | [NetconfSession::editData] | Start edit-config with XML length: 3260
[2026-04-17 02:35:03.865052] | Thread:20635 | [NetconfSession::editData] | Finished edit-config with XML length: 3260
[2026-04-17 02:35:03.865080] | Thread:20635 | [NetconfSession::commit] | Start commit operation.
[2026-04-17 02:35:03.900448] | Thread:20761 | [CncServiceImpl::SetNodeSchedule] | Start setting node schedule for node: vstsn01
[2026-04-17 02:35:03.901293] | Thread:20794 | [CncServiceImpl::SetNodeSchedule] | Start setting node schedule for node: vstsn01
[2026-04-17 02:35:03.902092] | Thread:20799 | [CncServiceImpl::SetNodeSchedule] | Start setting node schedule for node: vstsn01
[2026-04-17 02:35:03.902806] | Thread:20801 | [CncServiceImpl::SetNodeSchedule] | Start setting node schedule for node: vstsn01
[2026-04-17 02:35:03.904517] | Thread:20802 | [CncServiceImpl::SetNodeSchedule] | Start setting node schedule for node: vstsn01
[2026-04-17 02:35:03.907953] | Thread:20635 | [NetconfSession::commit] | Finished commit operation.
[2026-04-17 02:35:03.907979] | Thread:20635 | [NetworkManager::deployConfigToNode] | Successfully deployed config for node: vstsn01
[2026-04-17 02:35:03.908020] | Thread:20793 | [CncServiceImpl::SetNodeSchedule] | Finished deploying config to node: vstsn01
[2026-04-17 02:35:03.908050] | Thread:20793 | [NetworkManager::fetchOperationGcl] | Start operational GCL fetch
[2026-04-17 02:35:03.908069] | Thread:20793 | [NetworkManager::fetchOperationGclForNode] | Start operational GCL fetch for node: vstsn01
[2026-04-17 02:35:03.908101] | Thread:20635 | [NetconfSession::getData] | Start data fetch with XPath: /ietf-interfaces:interfaces/interface/ieee802-dot1q-bridge:bridge-port/ieee802-dot1q-sched-bridge:gate-parameter-table
[2026-04-17 02:35:04.014194] | Thread:20635 | [NetconfSession::getData] | Got return for path: /ietf-interfaces:interfaces/interface/ieee802-dot1q-bridge:bridge-port/ieee802-dot1q-sched-bridge:gate-parameter-table
[2026-04-17 02:35:04.014312] | Thread:20635 | [GclParser::parseOperationalGclData] | Start operational GCL data parsing
[2026-04-17 02:35:04.014560] | Thread:20635 | [GclParser::parseOperationalGclData] | Finished operational GCL data parsing
[2026-04-17 02:35:04.014658] | Thread:20793 | [NetworkManager::fetchOperationGclForNode] | Start operational GCL fetch for node: vstsn02
[2026-04-17 02:35:04.014715] | Thread:20646 | [NetconfSession::getData] | Start data fetch with XPath: /ietf-interfaces:interfaces/interface/ieee802-dot1q-bridge:bridge-port/ieee802-dot1q-sched-bridge:gate-parameter-table
[2026-04-17 02:35:04.098788] | Thread:20646 | [NetconfSession::getData] | Got return for path: /ietf-interfaces:interfaces/interface/ieee802-dot1q-bridge:bridge-port/ieee802-dot1q-sched-bridge:gate-parameter-table
[2026-04-17 02:35:04.099158] | Thread:20646 | [GclParser::parseOperationalGclData] | Start operational GCL data parsing
[2026-04-17 02:35:04.099798] | Thread:20646 | [GclParser::parseOperationalGclData] | Finished operational GCL data parsing
[2026-04-17 02:35:04.100022] | Thread:20793 | [NetworkManager::fetchOperationGclForNode] | Start operational GCL fetch for node: vstsn03
[2026-04-17 02:35:04.100137] | Thread:20657 | [NetconfSession::getData] | Start data fetch with XPath: /ietf-interfaces:interfaces/interface/ieee802-dot1q-bridge:bridge-port/ieee802-dot1q-sched-bridge:gate-parameter-table
[2026-04-17 02:35:04.136903] | Thread:20657 | [NetconfSession::getData] | Got return for path: /ietf-interfaces:interfaces/interface/ieee802-dot1q-bridge:bridge-port/ieee802-dot1q-sched-bridge:gate-parameter-table
[2026-04-17 02:35:04.137015] | Thread:20657 | [GclParser::parseOperationalGclData] | Start operational GCL data parsing
[2026-04-17 02:35:04.137174] | Thread:20657 | [GclParser::parseOperationalGclData] | Finished operational GCL data parsing
[2026-04-17 02:35:04.137271] | Thread:20793 | [NetworkManager::fetchOperationGcl] | Stop operational GCL fetch
[2026-04-17 02:35:04.137315] | Thread:20793 | [CncServiceImpl::SetNodeSchedule] | Finished setting node schedule (with verification) for node: vstsn01
[2026-04-17 02:35:04.137380] | Thread:20761 | [NetworkManager::deployConfigToNode] | Start config deployment for node: vstsn01
[2026-04-17 02:35:04.137510] | Thread:20635 | [NetconfSession::editData] | Start edit-config with XML length: 3260
[2026-04-17 02:35:04.165772] | Thread:20635 | [NetconfSession::editData] | Finished edit-config with XML length: 3260
[2026-04-17 02:35:04.165812] | Thread:20635 | [NetconfSession::commit] | Start commit operation.
[2026-04-17 02:35:04.206704] | Thread:20635 | [NetconfSession::commit] | Finished commit operation.
[2026-04-17 02:35:04.206744] | Thread:20635 | [NetworkManager::deployConfigToNode] | Successfully deployed config for node: vstsn01
[2026-04-17 02:35:04.206786] | Thread:20761 | [CncServiceImpl::SetNodeSchedule] | Finished deploying config to node: vstsn01
[2026-04-17 02:35:04.206827] | Thread:20761 | [NetworkManager::fetchOperationGcl] | Start operational GCL fetch
[2026-04-17 02:35:04.206828] | Thread:20761 | [NetworkManager::fetchOperationGclForNode] | Start operational GCL fetch for node: vstsn01
[2026-04-17 02:35:04.206874] | Thread:20635 | [NetconfSession::getData] | Start data fetch with XPath: /ietf-interfaces:interfaces/interface/ieee802-dot1q-bridge:bridge-port/ieee802-dot1q-sched-bridge:gate-parameter-table
[2026-04-17 02:35:04.310688] | Thread:20635 | [NetconfSession::getData] | Got return for path: /ietf-interfaces:interfaces/interface/ieee802-dot1q-bridge:bridge-port/ieee802-dot1q-sched-bridge:gate-parameter-table
[2026-04-17 02:35:04.310806] | Thread:20635 | [GclParser::parseOperationalGclData] | Start operational GCL data parsing
[2026-04-17 02:35:04.311055] | Thread:20635 | [GclParser::parseOperationalGclData] | Finished operational GCL data parsing
[2026-04-17 02:35:04.311125] | Thread:20761 | [NetworkManager::fetchOperationGclForNode] | Start operational GCL fetch for node: vstsn02
[2026-04-17 02:35:04.311175] | Thread:20646 | [NetconfSession::getData] | Start data fetch with XPath: /ietf-interfaces:interfaces/interface/ieee802-dot1q-bridge:bridge-port/ieee802-dot1q-sched-bridge:gate-parameter-table
[2026-04-17 02:35:04.393622] | Thread:20646 | [NetconfSession::getData] | Got return for path: /ietf-interfaces:interfaces/interface/ieee802-dot1q-bridge:bridge-port/ieee802-dot1q-sched-bridge:gate-parameter-table
[2026-04-17 02:35:04.393879] | Thread:20646 | [GclParser::parseOperationalGclData] | Start operational GCL data parsing
[2026-04-17 02:35:04.394410] | Thread:20646 | [GclParser::parseOperationalGclData] | Finished operational GCL data parsing
[2026-04-17 02:35:04.394526] | Thread:20761 | [NetworkManager::fetchOperationGclForNode] | Start operational GCL fetch for node: vstsn03
[2026-04-17 02:35:04.394586] | Thread:20657 | [NetconfSession::getData] | Start data fetch with XPath: /ietf-interfaces:interfaces/interface/ieee802-dot1q-bridge:bridge-port/ieee802-dot1q-sched-bridge:gate-parameter-table
[2026-04-17 02:35:04.448448] | Thread:20657 | [NetconfSession::getData] | Got return for path: /ietf-interfaces:interfaces/interface/ieee802-dot1q-bridge:bridge-port/ieee802-dot1q-sched-bridge:gate-parameter-table
[2026-04-17 02:35:04.448609] | Thread:20657 | [GclParser::parseOperationalGclData] | Start operational GCL data parsing
[2026-04-17 02:35:04.448859] | Thread:20657 | [GclParser::parseOperationalGclData] | Finished operational GCL data parsing
[2026-04-17 02:35:04.448962] | Thread:20761 | [NetworkManager::fetchOperationGcl] | Stop operational GCL fetch
[2026-04-17 02:35:04.449024] | Thread:20761 | [CncServiceImpl::SetNodeSchedule] | Finished setting node schedule (with verification) for node: vstsn01
[2026-04-17 02:35:04.449128] | Thread:20794 | [NetworkManager::deployConfigToNode] | Start config deployment for node: vstsn01
[2026-04-17 02:35:04.449242] | Thread:20635 | [NetconfSession::editData] | Start edit-config with XML length: 3260
[2026-04-17 02:35:04.480950] | Thread:20635 | [NetconfSession::editData] | Finished edit-config with XML length: 3260
[2026-04-17 02:35:04.480979] | Thread:20635 | [NetconfSession::commit] | Start commit operation.
[2026-04-17 02:35:04.532198] | Thread:20635 | [NetconfSession::commit] | Finished commit operation.
[2026-04-17 02:35:04.532224] | Thread:20635 | [NetworkManager::deployConfigToNode] | Successfully deployed config for node: vstsn01
[2026-04-17 02:35:04.532266] | Thread:20794 | [CncServiceImpl::SetNodeSchedule] | Finished deploying config to node: vstsn01
[2026-04-17 02:35:04.532305] | Thread:20794 | [NetworkManager::fetchOperationGcl] | Start operational GCL fetch
[2026-04-17 02:35:04.532306] | Thread:20794 | [NetworkManager::fetchOperationGclForNode] | Start operational GCL fetch for node: vstsn01
[2026-04-17 02:35:04.532374] | Thread:20635 | [NetconfSession::getData] | Start data fetch with XPath: /ietf-interfaces:interfaces/interface/ieee802-dot1q-bridge:bridge-port/ieee802-dot1q-sched-bridge:gate-parameter-table
[2026-04-17 02:35:04.646565] | Thread:20635 | [NetconfSession::getData] | Got return for path: /ietf-interfaces:interfaces/interface/ieee802-dot1q-bridge:bridge-port/ieee802-dot1q-sched-bridge:gate-parameter-table
[2026-04-17 02:35:04.646689] | Thread:20635 | [GclParser::parseOperationalGclData] | Start operational GCL data parsing
[2026-04-17 02:35:04.646919] | Thread:20635 | [GclParser::parseOperationalGclData] | Finished operational GCL data parsing
[2026-04-17 02:35:04.647003] | Thread:20794 | [NetworkManager::fetchOperationGclForNode] | Start operational GCL fetch for node: vstsn02
[2026-04-17 02:35:04.647076] | Thread:20646 | [NetconfSession::getData] | Start data fetch with XPath: /ietf-interfaces:interfaces/interface/ieee802-dot1q-bridge:bridge-port/ieee802-dot1q-sched-bridge:gate-parameter-table
[2026-04-17 02:35:04.725452] | Thread:20646 | [NetconfSession::getData] | Got return for path: /ietf-interfaces:interfaces/interface/ieee802-dot1q-bridge:bridge-port/ieee802-dot1q-sched-bridge:gate-parameter-table
[2026-04-17 02:35:04.725621] | Thread:20646 | [GclParser::parseOperationalGclData] | Start operational GCL data parsing
[2026-04-17 02:35:04.725981] | Thread:20646 | [GclParser::parseOperationalGclData] | Finished operational GCL data parsing
[2026-04-17 02:35:04.726080] | Thread:20794 | [NetworkManager::fetchOperationGclForNode] | Start operational GCL fetch for node: vstsn03
[2026-04-17 02:35:04.726127] | Thread:20657 | [NetconfSession::getData] | Start data fetch with XPath: /ietf-interfaces:interfaces/interface/ieee802-dot1q-bridge:bridge-port/ieee802-dot1q-sched-bridge:gate-parameter-table
[2026-04-17 02:35:04.760369] | Thread:20657 | [NetconfSession::getData] | Got return for path: /ietf-interfaces:interfaces/interface/ieee802-dot1q-bridge:bridge-port/ieee802-dot1q-sched-bridge:gate-parameter-table
[2026-04-17 02:35:04.760486] | Thread:20657 | [GclParser::parseOperationalGclData] | Start operational GCL data parsing
[2026-04-17 02:35:04.760667] | Thread:20657 | [GclParser::parseOperationalGclData] | Finished operational GCL data parsing
[2026-04-17 02:35:04.760768] | Thread:20794 | [NetworkManager::fetchOperationGcl] | Stop operational GCL fetch
[2026-04-17 02:35:04.760834] | Thread:20794 | [CncServiceImpl::SetNodeSchedule] | Finished setting node schedule (with verification) for node: vstsn01
[2026-04-17 02:35:04.760893] | Thread:20799 | [NetworkManager::deployConfigToNode] | Start config deployment for node: vstsn01
[2026-04-17 02:35:04.761007] | Thread:20635 | [NetconfSession::editData] | Start edit-config with XML length: 3260
[2026-04-17 02:35:04.792119] | Thread:20635 | [NetconfSession::editData] | Finished edit-config with XML length: 3260
[2026-04-17 02:35:04.792143] | Thread:20635 | [NetconfSession::commit] | Start commit operation.
[2026-04-17 02:35:04.833135] | Thread:20635 | [NetconfSession::commit] | Finished commit operation.
[2026-04-17 02:35:04.833175] | Thread:20635 | [NetworkManager::deployConfigToNode] | Successfully deployed config for node: vstsn01
[2026-04-17 02:35:04.833245] | Thread:20799 | [CncServiceImpl::SetNodeSchedule] | Finished deploying config to node: vstsn01
[2026-04-17 02:35:04.833352] | Thread:20799 | [NetworkManager::fetchOperationGcl] | Start operational GCL fetch
[2026-04-17 02:35:04.833356] | Thread:20799 | [NetworkManager::fetchOperationGclForNode] | Start operational GCL fetch for node: vstsn01
[2026-04-17 02:35:04.833420] | Thread:20635 | [NetconfSession::getData] | Start data fetch with XPath: /ietf-interfaces:interfaces/interface/ieee802-dot1q-bridge:bridge-port/ieee802-dot1q-sched-bridge:gate-parameter-table
[2026-04-17 02:35:04.906465] | Thread:20793 | [CncServiceImpl::SetNodeSchedule] | Start setting node schedule for node: vstsn01
[2026-04-17 02:35:04.907393] | Thread:20803 | [CncServiceImpl::SetNodeSchedule] | Start setting node schedule for node: vstsn01
[2026-04-17 02:35:04.908189] | Thread:20806 | [CncServiceImpl::SetNodeSchedule] | Start setting node schedule for node: vstsn01
[2026-04-17 02:35:04.909030] | Thread:20807 | [CncServiceImpl::SetNodeSchedule] | Start setting node schedule for node: vstsn01
[2026-04-17 02:35:04.910177] | Thread:20808 | [CncServiceImpl::SetNodeSchedule] | Start setting node schedule for node: vstsn01
[2026-04-17 02:35:04.911395] | Thread:20810 | [CncServiceImpl::SetNodeSchedule] | Start setting node schedule for node: vstsn01
[2026-04-17 02:35:04.960692] | Thread:20635 | [NetconfSession::getData] | Got return for path: /ietf-interfaces:interfaces/interface/ieee802-dot1q-bridge:bridge-port/ieee802-dot1q-sched-bridge:gate-parameter-table
[2026-04-17 02:35:04.960811] | Thread:20635 | [GclParser::parseOperationalGclData] | Start operational GCL data parsing
[2026-04-17 02:35:04.961037] | Thread:20635 | [GclParser::parseOperationalGclData] | Finished operational GCL data parsing
[2026-04-17 02:35:04.961153] | Thread:20799 | [NetworkManager::fetchOperationGclForNode] | Start operational GCL fetch for node: vstsn02
[2026-04-17 02:35:04.961203] | Thread:20646 | [NetconfSession::getData] | Start data fetch with XPath: /ietf-interfaces:interfaces/interface/ieee802-dot1q-bridge:bridge-port/ieee802-dot1q-sched-bridge:gate-parameter-table
[2026-04-17 02:35:05.040112] | Thread:20646 | [NetconfSession::getData] | Got return for path: /ietf-interfaces:interfaces/interface/ieee802-dot1q-bridge:bridge-port/ieee802-dot1q-sched-bridge:gate-parameter-table
[2026-04-17 02:35:05.040263] | Thread:20646 | [GclParser::parseOperationalGclData] | Start operational GCL data parsing
[2026-04-17 02:35:05.040603] | Thread:20646 | [GclParser::parseOperationalGclData] | Finished operational GCL data parsing
[2026-04-17 02:35:05.040682] | Thread:20799 | [NetworkManager::fetchOperationGclForNode] | Start operational GCL fetch for node: vstsn03
[2026-04-17 02:35:05.040697] | Thread:20657 | [NetconfSession::getData] | Start data fetch with XPath: /ietf-interfaces:interfaces/interface/ieee802-dot1q-bridge:bridge-port/ieee802-dot1q-sched-bridge:gate-parameter-table
[2026-04-17 02:35:05.082843] | Thread:20657 | [NetconfSession::getData] | Got return for path: /ietf-interfaces:interfaces/interface/ieee802-dot1q-bridge:bridge-port/ieee802-dot1q-sched-bridge:gate-parameter-table
[2026-04-17 02:35:05.082973] | Thread:20657 | [GclParser::parseOperationalGclData] | Start operational GCL data parsing
[2026-04-17 02:35:05.083211] | Thread:20657 | [GclParser::parseOperationalGclData] | Finished operational GCL data parsing
[2026-04-17 02:35:05.083296] | Thread:20799 | [NetworkManager::fetchOperationGcl] | Stop operational GCL fetch
[2026-04-17 02:35:05.083348] | Thread:20799 | [CncServiceImpl::SetNodeSchedule] | Finished setting node schedule (with verification) for node: vstsn01
[2026-04-17 02:35:05.083397] | Thread:20801 | [NetworkManager::deployConfigToNode] | Start config deployment for node: vstsn01
[2026-04-17 02:35:05.083486] | Thread:20635 | [NetconfSession::editData] | Start edit-config with XML length: 3260
[2026-04-17 02:35:05.113594] | Thread:20635 | [NetconfSession::editData] | Finished edit-config with XML length: 3260
[2026-04-17 02:35:05.113628] | Thread:20635 | [NetconfSession::commit] | Start commit operation.
[2026-04-17 02:35:05.156681] | Thread:20635 | [NetconfSession::commit] | Finished commit operation.
[2026-04-17 02:35:05.156705] | Thread:20635 | [NetworkManager::deployConfigToNode] | Successfully deployed config for node: vstsn01
[2026-04-17 02:35:05.156765] | Thread:20801 | [CncServiceImpl::SetNodeSchedule] | Finished deploying config to node: vstsn01
[2026-04-17 02:35:05.156790] | Thread:20801 | [NetworkManager::fetchOperationGcl] | Start operational GCL fetch
[2026-04-17 02:35:05.156810] | Thread:20801 | [NetworkManager::fetchOperationGclForNode] | Start operational GCL fetch for node: vstsn01
[2026-04-17 02:35:05.156865] | Thread:20635 | [NetconfSession::getData] | Start data fetch with XPath: /ietf-interfaces:interfaces/interface/ieee802-dot1q-bridge:bridge-port/ieee802-dot1q-sched-bridge:gate-parameter-table
[2026-04-17 02:35:05.258216] | Thread:20635 | [NetconfSession::getData] | Got return for path: /ietf-interfaces:interfaces/interface/ieee802-dot1q-bridge:bridge-port/ieee802-dot1q-sched-bridge:gate-parameter-table
[2026-04-17 02:35:05.258318] | Thread:20635 | [GclParser::parseOperationalGclData] | Start operational GCL data parsing
[2026-04-17 02:35:05.258567] | Thread:20635 | [GclParser::parseOperationalGclData] | Finished operational GCL data parsing
[2026-04-17 02:35:05.258669] | Thread:20801 | [NetworkManager::fetchOperationGclForNode] | Start operational GCL fetch for node: vstsn02
[2026-04-17 02:35:05.258714] | Thread:20646 | [NetconfSession::getData] | Start data fetch with XPath: /ietf-interfaces:interfaces/interface/ieee802-dot1q-bridge:bridge-port/ieee802-dot1q-sched-bridge:gate-parameter-table
[2026-04-17 02:35:05.333662] | Thread:20646 | [NetconfSession::getData] | Got return for path: /ietf-interfaces:interfaces/interface/ieee802-dot1q-bridge:bridge-port/ieee802-dot1q-sched-bridge:gate-parameter-table
[2026-04-17 02:35:05.333815] | Thread:20646 | [GclParser::parseOperationalGclData] | Start operational GCL data parsing
[2026-04-17 02:35:05.334591] | Thread:20646 | [GclParser::parseOperationalGclData] | Finished operational GCL data parsing
[2026-04-17 02:35:05.334695] | Thread:20801 | [NetworkManager::fetchOperationGclForNode] | Start operational GCL fetch for node: vstsn03
[2026-04-17 02:35:05.334749] | Thread:20657 | [NetconfSession::getData] | Start data fetch with XPath: /ietf-interfaces:interfaces/interface/ieee802-dot1q-bridge:bridge-port/ieee802-dot1q-sched-bridge:gate-parameter-table
[2026-04-17 02:35:05.373196] | Thread:20657 | [NetconfSession::getData] | Got return for path: /ietf-interfaces:interfaces/interface/ieee802-dot1q-bridge:bridge-port/ieee802-dot1q-sched-bridge:gate-parameter-table
[2026-04-17 02:35:05.373302] | Thread:20657 | [GclParser::parseOperationalGclData] | Start operational GCL data parsing
[2026-04-17 02:35:05.373457] | Thread:20657 | [GclParser::parseOperationalGclData] | Finished operational GCL data parsing
[2026-04-17 02:35:05.373568] | Thread:20801 | [NetworkManager::fetchOperationGcl] | Stop operational GCL fetch
[2026-04-17 02:35:05.373608] | Thread:20801 | [CncServiceImpl::SetNodeSchedule] | Finished setting node schedule (with verification) for node: vstsn01
[2026-04-17 02:35:05.373691] | Thread:20802 | [NetworkManager::deployConfigToNode] | Start config deployment for node: vstsn01
[2026-04-17 02:35:05.373813] | Thread:20635 | [NetconfSession::editData] | Start edit-config with XML length: 3260
[2026-04-17 02:35:05.402964] | Thread:20635 | [NetconfSession::editData] | Finished edit-config with XML length: 3260
[2026-04-17 02:35:05.403004] | Thread:20635 | [NetconfSession::commit] | Start commit operation.
[2026-04-17 02:35:05.444525] | Thread:20635 | [NetconfSession::commit] | Finished commit operation.
[2026-04-17 02:35:05.444554] | Thread:20635 | [NetworkManager::deployConfigToNode] | Successfully deployed config for node: vstsn01
[2026-04-17 02:35:05.444598] | Thread:20802 | [CncServiceImpl::SetNodeSchedule] | Finished deploying config to node: vstsn01
[2026-04-17 02:35:05.444619] | Thread:20802 | [NetworkManager::fetchOperationGcl] | Start operational GCL fetch
[2026-04-17 02:35:05.444634] | Thread:20802 | [NetworkManager::fetchOperationGclForNode] | Start operational GCL fetch for node: vstsn01
[2026-04-17 02:35:05.444664] | Thread:20635 | [NetconfSession::getData] | Start data fetch with XPath: /ietf-interfaces:interfaces/interface/ieee802-dot1q-bridge:bridge-port/ieee802-dot1q-sched-bridge:gate-parameter-table
[2026-04-17 02:35:05.558877] | Thread:20635 | [NetconfSession::getData] | Got return for path: /ietf-interfaces:interfaces/interface/ieee802-dot1q-bridge:bridge-port/ieee802-dot1q-sched-bridge:gate-parameter-table
[2026-04-17 02:35:05.559003] | Thread:20635 | [GclParser::parseOperationalGclData] | Start operational GCL data parsing
[2026-04-17 02:35:05.559370] | Thread:20635 | [GclParser::parseOperationalGclData] | Finished operational GCL data parsing
[2026-04-17 02:35:05.559500] | Thread:20802 | [NetworkManager::fetchOperationGclForNode] | Start operational GCL fetch for node: vstsn02
[2026-04-17 02:35:05.559561] | Thread:20646 | [NetconfSession::getData] | Start data fetch with XPath: /ietf-interfaces:interfaces/interface/ieee802-dot1q-bridge:bridge-port/ieee802-dot1q-sched-bridge:gate-parameter-table
[2026-04-17 02:35:05.641305] | Thread:20646 | [NetconfSession::getData] | Got return for path: /ietf-interfaces:interfaces/interface/ieee802-dot1q-bridge:bridge-port/ieee802-dot1q-sched-bridge:gate-parameter-table
[2026-04-17 02:35:05.641464] | Thread:20646 | [GclParser::parseOperationalGclData] | Start operational GCL data parsing
[2026-04-17 02:35:05.641799] | Thread:20646 | [GclParser::parseOperationalGclData] | Finished operational GCL data parsing
[2026-04-17 02:35:05.641873] | Thread:20802 | [NetworkManager::fetchOperationGclForNode] | Start operational GCL fetch for node: vstsn03
[2026-04-17 02:35:05.641924] | Thread:20657 | [NetconfSession::getData] | Start data fetch with XPath: /ietf-interfaces:interfaces/interface/ieee802-dot1q-bridge:bridge-port/ieee802-dot1q-sched-bridge:gate-parameter-table
[2026-04-17 02:35:05.678026] | Thread:20657 | [NetconfSession::getData] | Got return for path: /ietf-interfaces:interfaces/interface/ieee802-dot1q-bridge:bridge-port/ieee802-dot1q-sched-bridge:gate-parameter-table
[2026-04-17 02:35:05.678132] | Thread:20657 | [GclParser::parseOperationalGclData] | Start operational GCL data parsing
[2026-04-17 02:35:05.678308] | Thread:20657 | [GclParser::parseOperationalGclData] | Finished operational GCL data parsing
[2026-04-17 02:35:05.678381] | Thread:20802 | [NetworkManager::fetchOperationGcl] | Stop operational GCL fetch
[2026-04-17 02:35:05.678420] | Thread:20802 | [CncServiceImpl::SetNodeSchedule] | Finished setting node schedule (with verification) for node: vstsn01
[2026-04-17 02:35:05.678485] | Thread:20793 | [NetworkManager::deployConfigToNode] | Start config deployment for node: vstsn01
[2026-04-17 02:35:05.678634] | Thread:20635 | [NetconfSession::editData] | Start edit-config with XML length: 3260
[2026-04-17 02:35:05.707481] | Thread:20635 | [NetconfSession::editData] | Finished edit-config with XML length: 3260
[2026-04-17 02:35:05.707510] | Thread:20635 | [NetconfSession::commit] | Start commit operation.
[2026-04-17 02:35:05.747591] | Thread:20635 | [NetconfSession::commit] | Finished commit operation.
[2026-04-17 02:35:05.747625] | Thread:20635 | [NetworkManager::deployConfigToNode] | Successfully deployed config for node: vstsn01
[2026-04-17 02:35:05.747692] | Thread:20793 | [CncServiceImpl::SetNodeSchedule] | Finished deploying config to node: vstsn01
[2026-04-17 02:35:05.747752] | Thread:20793 | [NetworkManager::fetchOperationGcl] | Start operational GCL fetch
[2026-04-17 02:35:05.747753] | Thread:20793 | [NetworkManager::fetchOperationGclForNode] | Start operational GCL fetch for node: vstsn01
[2026-04-17 02:35:05.747820] | Thread:20635 | [NetconfSession::getData] | Start data fetch with XPath: /ietf-interfaces:interfaces/interface/ieee802-dot1q-bridge:bridge-port/ieee802-dot1q-sched-bridge:gate-parameter-table
[2026-04-17 02:35:05.852398] | Thread:20635 | [NetconfSession::getData] | Got return for path: /ietf-interfaces:interfaces/interface/ieee802-dot1q-bridge:bridge-port/ieee802-dot1q-sched-bridge:gate-parameter-table
[2026-04-17 02:35:05.852687] | Thread:20635 | [GclParser::parseOperationalGclData] | Start operational GCL data parsing
[2026-04-17 02:35:05.853293] | Thread:20635 | [GclParser::parseOperationalGclData] | Finished operational GCL data parsing
[2026-04-17 02:35:05.853462] | Thread:20793 | [NetworkManager::fetchOperationGclForNode] | Start operational GCL fetch for node: vstsn02
[2026-04-17 02:35:05.853628] | Thread:20646 | [NetconfSession::getData] | Start data fetch with XPath: /ietf-interfaces:interfaces/interface/ieee802-dot1q-bridge:bridge-port/ieee802-dot1q-sched-bridge:gate-parameter-table
[2026-04-17 02:35:05.917996] | Thread:20799 | [CncServiceImpl::SetNodeSchedule] | Start setting node schedule for node: vstsn01
[2026-04-17 02:35:05.920808] | Thread:20811 | [CncServiceImpl::SetNodeSchedule] | Start setting node schedule for node: vstsn01
[2026-04-17 02:35:05.922865] | Thread:20814 | [CncServiceImpl::SetNodeSchedule] | Start setting node schedule for node: vstsn01
[2026-04-17 02:35:05.928632] | Thread:20817 | [CncServiceImpl::SetNodeSchedule] | Start setting node schedule for node: vstsn01
[2026-04-17 02:35:05.929063] | Thread:20819 | [CncServiceImpl::SetNodeSchedule] | Start setting node schedule for node: vstsn01
[2026-04-17 02:35:05.933756] | Thread:20646 | [NetconfSession::getData] | Got return for path: /ietf-interfaces:interfaces/interface/ieee802-dot1q-bridge:bridge-port/ieee802-dot1q-sched-bridge:gate-parameter-table
[2026-04-17 02:35:05.934364] | Thread:20646 | [GclParser::parseOperationalGclData] | Start operational GCL data parsing
[2026-04-17 02:35:05.935001] | Thread:20820 | [CncServiceImpl::SetNodeSchedule] | Start setting node schedule for node: vstsn01
[2026-04-17 02:35:05.935579] | Thread:20646 | [GclParser::parseOperationalGclData] | Finished operational GCL data parsing
[2026-04-17 02:35:05.935654] | Thread:20824 | [CncServiceImpl::SetNodeSchedule] | Start setting node schedule for node: vstsn01
[2026-04-17 02:35:05.935798] | Thread:20793 | [NetworkManager::fetchOperationGclForNode] | Start operational GCL fetch for node: vstsn03
[2026-04-17 02:35:05.935887] | Thread:20657 | [NetconfSession::getData] | Start data fetch with XPath: /ietf-interfaces:interfaces/interface/ieee802-dot1q-bridge:bridge-port/ieee802-dot1q-sched-bridge:gate-parameter-table
[2026-04-17 02:35:05.975031] | Thread:20657 | [NetconfSession::getData] | Got return for path: /ietf-interfaces:interfaces/interface/ieee802-dot1q-bridge:bridge-port/ieee802-dot1q-sched-bridge:gate-parameter-table
[2026-04-17 02:35:05.975186] | Thread:20657 | [GclParser::parseOperationalGclData] | Start operational GCL data parsing
[2026-04-17 02:35:05.975404] | Thread:20657 | [GclParser::parseOperationalGclData] | Finished operational GCL data parsing
[2026-04-17 02:35:05.975527] | Thread:20793 | [NetworkManager::fetchOperationGcl] | Stop operational GCL fetch
[2026-04-17 02:35:05.975595] | Thread:20793 | [CncServiceImpl::SetNodeSchedule] | Finished setting node schedule (with verification) for node: vstsn01
[2026-04-17 02:35:05.975762] | Thread:20803 | [NetworkManager::deployConfigToNode] | Start config deployment for node: vstsn01
[2026-04-17 02:35:05.975985] | Thread:20635 | [NetconfSession::editData] | Start edit-config with XML length: 3260
[2026-04-17 02:35:06.009491] | Thread:20635 | [NetconfSession::editData] | Finished edit-config with XML length: 3260
[2026-04-17 02:35:06.009560] | Thread:20635 | [NetconfSession::commit] | Start commit operation.
[2026-04-17 02:35:06.054629] | Thread:20635 | [NetconfSession::commit] | Finished commit operation.
[2026-04-17 02:35:06.054670] | Thread:20635 | [NetworkManager::deployConfigToNode] | Successfully deployed config for node: vstsn01
[2026-04-17 02:35:06.054819] | Thread:20803 | [CncServiceImpl::SetNodeSchedule] | Finished deploying config to node: vstsn01
[2026-04-17 02:35:06.054904] | Thread:20803 | [NetworkManager::fetchOperationGcl] | Start operational GCL fetch
[2026-04-17 02:35:06.054907] | Thread:20803 | [NetworkManager::fetchOperationGclForNode] | Start operational GCL fetch for node: vstsn01
[2026-04-17 02:35:06.054980] | Thread:20635 | [NetconfSession::getData] | Start data fetch with XPath: /ietf-interfaces:interfaces/interface/ieee802-dot1q-bridge:bridge-port/ieee802-dot1q-sched-bridge:gate-parameter-table
[2026-04-17 02:35:06.163372] | Thread:20635 | [NetconfSession::getData] | Got return for path: /ietf-interfaces:interfaces/interface/ieee802-dot1q-bridge:bridge-port/ieee802-dot1q-sched-bridge:gate-parameter-table
[2026-04-17 02:35:06.163710] | Thread:20635 | [GclParser::parseOperationalGclData] | Start operational GCL data parsing
[2026-04-17 02:35:06.164571] | Thread:20635 | [GclParser::parseOperationalGclData] | Finished operational GCL data parsing
[2026-04-17 02:35:06.164835] | Thread:20803 | [NetworkManager::fetchOperationGclForNode] | Start operational GCL fetch for node: vstsn02
[2026-04-17 02:35:06.164998] | Thread:20646 | [NetconfSession::getData] | Start data fetch with XPath: /ietf-interfaces:interfaces/interface/ieee802-dot1q-bridge:bridge-port/ieee802-dot1q-sched-bridge:gate-parameter-table
[2026-04-17 02:35:06.245622] | Thread:20646 | [NetconfSession::getData] | Got return for path: /ietf-interfaces:interfaces/interface/ieee802-dot1q-bridge:bridge-port/ieee802-dot1q-sched-bridge:gate-parameter-table
[2026-04-17 02:35:06.246040] | Thread:20646 | [GclParser::parseOperationalGclData] | Start operational GCL data parsing
[2026-04-17 02:35:06.247003] | Thread:20646 | [GclParser::parseOperationalGclData] | Finished operational GCL data parsing
[2026-04-17 02:35:06.247341] | Thread:20803 | [NetworkManager::fetchOperationGclForNode] | Start operational GCL fetch for node: vstsn03
[2026-04-17 02:35:06.247504] | Thread:20657 | [NetconfSession::getData] | Start data fetch with XPath: /ietf-interfaces:interfaces/interface/ieee802-dot1q-bridge:bridge-port/ieee802-dot1q-sched-bridge:gate-parameter-table
[2026-04-17 02:35:06.287834] | Thread:20657 | [NetconfSession::getData] | Got return for path: /ietf-interfaces:interfaces/interface/ieee802-dot1q-bridge:bridge-port/ieee802-dot1q-sched-bridge:gate-parameter-table
[2026-04-17 02:35:06.288183] | Thread:20657 | [GclParser::parseOperationalGclData] | Start operational GCL data parsing
[2026-04-17 02:35:06.288610] | Thread:20657 | [GclParser::parseOperationalGclData] | Finished operational GCL data parsing
[2026-04-17 02:35:06.288857] | Thread:20803 | [NetworkManager::fetchOperationGcl] | Stop operational GCL fetch
[2026-04-17 02:35:06.288950] | Thread:20803 | [CncServiceImpl::SetNodeSchedule] | Finished setting node schedule (with verification) for node: vstsn01
[2026-04-17 02:35:06.289129] | Thread:20806 | [NetworkManager::deployConfigToNode] | Start config deployment for node: vstsn01
[2026-04-17 02:35:06.289344] | Thread:20635 | [NetconfSession::editData] | Start edit-config with XML length: 3260
[2026-04-17 02:35:06.321914] | Thread:20635 | [NetconfSession::editData] | Finished edit-config with XML length: 3260
[2026-04-17 02:35:06.321992] | Thread:20635 | [NetconfSession::commit] | Start commit operation.
[2026-04-17 02:35:06.364448] | Thread:20635 | [NetconfSession::commit] | Finished commit operation.
[2026-04-17 02:35:06.364471] | Thread:20635 | [NetworkManager::deployConfigToNode] | Successfully deployed config for node: vstsn01
[2026-04-17 02:35:06.364518] | Thread:20806 | [CncServiceImpl::SetNodeSchedule] | Finished deploying config to node: vstsn01
[2026-04-17 02:35:06.364569] | Thread:20806 | [NetworkManager::fetchOperationGcl] | Start operational GCL fetch
[2026-04-17 02:35:06.364571] | Thread:20806 | [NetworkManager::fetchOperationGclForNode] | Start operational GCL fetch for node: vstsn01
[2026-04-17 02:35:06.364622] | Thread:20635 | [NetconfSession::getData] | Start data fetch with XPath: /ietf-interfaces:interfaces/interface/ieee802-dot1q-bridge:bridge-port/ieee802-dot1q-sched-bridge:gate-parameter-table
[2026-04-17 02:35:06.467829] | Thread:20635 | [NetconfSession::getData] | Got return for path: /ietf-interfaces:interfaces/interface/ieee802-dot1q-bridge:bridge-port/ieee802-dot1q-sched-bridge:gate-parameter-table
[2026-04-17 02:35:06.468019] | Thread:20635 | [GclParser::parseOperationalGclData] | Start operational GCL data parsing
[2026-04-17 02:35:06.468381] | Thread:20635 | [GclParser::parseOperationalGclData] | Finished operational GCL data parsing
[2026-04-17 02:35:06.468510] | Thread:20806 | [NetworkManager::fetchOperationGclForNode] | Start operational GCL fetch for node: vstsn02
[2026-04-17 02:35:06.468588] | Thread:20646 | [NetconfSession::getData] | Start data fetch with XPath: /ietf-interfaces:interfaces/interface/ieee802-dot1q-bridge:bridge-port/ieee802-dot1q-sched-bridge:gate-parameter-table
[2026-04-17 02:35:06.543055] | Thread:20646 | [NetconfSession::getData] | Got return for path: /ietf-interfaces:interfaces/interface/ieee802-dot1q-bridge:bridge-port/ieee802-dot1q-sched-bridge:gate-parameter-table
[2026-04-17 02:35:06.543202] | Thread:20646 | [GclParser::parseOperationalGclData] | Start operational GCL data parsing
[2026-04-17 02:35:06.543565] | Thread:20646 | [GclParser::parseOperationalGclData] | Finished operational GCL data parsing
[2026-04-17 02:35:06.543658] | Thread:20806 | [NetworkManager::fetchOperationGclForNode] | Start operational GCL fetch for node: vstsn03
[2026-04-17 02:35:06.543724] | Thread:20657 | [NetconfSession::getData] | Start data fetch with XPath: /ietf-interfaces:interfaces/interface/ieee802-dot1q-bridge:bridge-port/ieee802-dot1q-sched-bridge:gate-parameter-table
[2026-04-17 02:35:06.584391] | Thread:20657 | [NetconfSession::getData] | Got return for path: /ietf-interfaces:interfaces/interface/ieee802-dot1q-bridge:bridge-port/ieee802-dot1q-sched-bridge:gate-parameter-table
[2026-04-17 02:35:06.584561] | Thread:20657 | [GclParser::parseOperationalGclData] | Start operational GCL data parsing
[2026-04-17 02:35:06.584839] | Thread:20657 | [GclParser::parseOperationalGclData] | Finished operational GCL data parsing
[2026-04-17 02:35:06.584942] | Thread:20806 | [NetworkManager::fetchOperationGcl] | Stop operational GCL fetch
[2026-04-17 02:35:06.585012] | Thread:20806 | [CncServiceImpl::SetNodeSchedule] | Finished setting node schedule (with verification) for node: vstsn01
[2026-04-17 02:35:06.585056] | Thread:20807 | [NetworkManager::deployConfigToNode] | Start config deployment for node: vstsn01
[2026-04-17 02:35:06.585172] | Thread:20635 | [NetconfSession::editData] | Start edit-config with XML length: 3260
[2026-04-17 02:35:06.630555] | Thread:20635 | [NetconfSession::editData] | Finished edit-config with XML length: 3260
[2026-04-17 02:35:06.630587] | Thread:20635 | [NetconfSession::commit] | Start commit operation.
[2026-04-17 02:35:06.682639] | Thread:20635 | [NetconfSession::commit] | Finished commit operation.
[2026-04-17 02:35:06.682664] | Thread:20635 | [NetworkManager::deployConfigToNode] | Successfully deployed config for node: vstsn01
[2026-04-17 02:35:06.682717] | Thread:20807 | [CncServiceImpl::SetNodeSchedule] | Finished deploying config to node: vstsn01
[2026-04-17 02:35:06.682760] | Thread:20807 | [NetworkManager::fetchOperationGcl] | Start operational GCL fetch
[2026-04-17 02:35:06.682762] | Thread:20807 | [NetworkManager::fetchOperationGclForNode] | Start operational GCL fetch for node: vstsn01
[2026-04-17 02:35:06.682818] | Thread:20635 | [NetconfSession::getData] | Start data fetch with XPath: /ietf-interfaces:interfaces/interface/ieee802-dot1q-bridge:bridge-port/ieee802-dot1q-sched-bridge:gate-parameter-table
[2026-04-17 02:35:06.782486] | Thread:20635 | [NetconfSession::getData] | Got return for path: /ietf-interfaces:interfaces/interface/ieee802-dot1q-bridge:bridge-port/ieee802-dot1q-sched-bridge:gate-parameter-table
[2026-04-17 02:35:06.782653] | Thread:20635 | [GclParser::parseOperationalGclData] | Start operational GCL data parsing
[2026-04-17 02:35:06.782972] | Thread:20635 | [GclParser::parseOperationalGclData] | Finished operational GCL data parsing
[2026-04-17 02:35:06.783108] | Thread:20807 | [NetworkManager::fetchOperationGclForNode] | Start operational GCL fetch for node: vstsn02
[2026-04-17 02:35:06.783163] | Thread:20646 | [NetconfSession::getData] | Start data fetch with XPath: /ietf-interfaces:interfaces/interface/ieee802-dot1q-bridge:bridge-port/ieee802-dot1q-sched-bridge:gate-parameter-table
[2026-04-17 02:35:06.864933] | Thread:20646 | [NetconfSession::getData] | Got return for path: /ietf-interfaces:interfaces/interface/ieee802-dot1q-bridge:bridge-port/ieee802-dot1q-sched-bridge:gate-parameter-table
[2026-04-17 02:35:06.865380] | Thread:20646 | [GclParser::parseOperationalGclData] | Start operational GCL data parsing
[2026-04-17 02:35:06.866873] | Thread:20646 | [GclParser::parseOperationalGclData] | Finished operational GCL data parsing
[2026-04-17 02:35:06.867224] | Thread:20807 | [NetworkManager::fetchOperationGclForNode] | Start operational GCL fetch for node: vstsn03
[2026-04-17 02:35:06.867372] | Thread:20657 | [NetconfSession::getData] | Start data fetch with XPath: /ietf-interfaces:interfaces/interface/ieee802-dot1q-bridge:bridge-port/ieee802-dot1q-sched-bridge:gate-parameter-table
[2026-04-17 02:35:06.905040] | Thread:20657 | [NetconfSession::getData] | Got return for path: /ietf-interfaces:interfaces/interface/ieee802-dot1q-bridge:bridge-port/ieee802-dot1q-sched-bridge:gate-parameter-table
[2026-04-17 02:35:06.905184] | Thread:20657 | [GclParser::parseOperationalGclData] | Start operational GCL data parsing
[2026-04-17 02:35:06.905414] | Thread:20657 | [GclParser::parseOperationalGclData] | Finished operational GCL data parsing
[2026-04-17 02:35:06.905598] | Thread:20807 | [NetworkManager::fetchOperationGcl] | Stop operational GCL fetch
[2026-04-17 02:35:06.905645] | Thread:20807 | [CncServiceImpl::SetNodeSchedule] | Finished setting node schedule (with verification) for node: vstsn01
[2026-04-17 02:35:06.905705] | Thread:20808 | [NetworkManager::deployConfigToNode] | Start config deployment for node: vstsn01
[2026-04-17 02:35:06.905878] | Thread:20635 | [NetconfSession::editData] | Start edit-config with XML length: 3260
[2026-04-17 02:35:06.935887] | Thread:20635 | [NetconfSession::editData] | Finished edit-config with XML length: 3260
[2026-04-17 02:35:06.935914] | Thread:20635 | [NetconfSession::commit] | Start commit operation.
[2026-04-17 02:35:06.936547] | Thread:20793 | [CncServiceImpl::SetNodeSchedule] | Start setting node schedule for node: vstsn01
[2026-04-17 02:35:06.937223] | Thread:20825 | [CncServiceImpl::SetNodeSchedule] | Start setting node schedule for node: vstsn01
[2026-04-17 02:35:06.937826] | Thread:20832 | [CncServiceImpl::SetNodeSchedule] | Start setting node schedule for node: vstsn01
[2026-04-17 02:35:06.938441] | Thread:20833 | [CncServiceImpl::SetNodeSchedule] | Start setting node schedule for node: vstsn01
[2026-04-17 02:35:06.939297] | Thread:20835 | [CncServiceImpl::SetNodeSchedule] | Start setting node schedule for node: vstsn01
[2026-04-17 02:35:06.939993] | Thread:20836 | [CncServiceImpl::SetNodeSchedule] | Start setting node schedule for node: vstsn01
[2026-04-17 02:35:06.940838] | Thread:20838 | [CncServiceImpl::SetNodeSchedule] | Start setting node schedule for node: vstsn01
[2026-04-17 02:35:06.943663] | Thread:20839 | [CncServiceImpl::SetNodeSchedule] | Start setting node schedule for node: vstsn01
[2026-04-17 02:35:06.993698] | Thread:20635 | [NetconfSession::commit] | Finished commit operation.
[2026-04-17 02:35:06.993741] | Thread:20635 | [NetworkManager::deployConfigToNode] | Successfully deployed config for node: vstsn01
[2026-04-17 02:35:06.993822] | Thread:20808 | [CncServiceImpl::SetNodeSchedule] | Finished deploying config to node: vstsn01
[2026-04-17 02:35:06.993870] | Thread:20808 | [NetworkManager::fetchOperationGcl] | Start operational GCL fetch
[2026-04-17 02:35:06.993872] | Thread:20808 | [NetworkManager::fetchOperationGclForNode] | Start operational GCL fetch for node: vstsn01
[2026-04-17 02:35:06.993963] | Thread:20635 | [NetconfSession::getData] | Start data fetch with XPath: /ietf-interfaces:interfaces/interface/ieee802-dot1q-bridge:bridge-port/ieee802-dot1q-sched-bridge:gate-parameter-table
[2026-04-17 02:35:07.105552] | Thread:20635 | [NetconfSession::getData] | Got return for path: /ietf-interfaces:interfaces/interface/ieee802-dot1q-bridge:bridge-port/ieee802-dot1q-sched-bridge:gate-parameter-table
[2026-04-17 02:35:07.105765] | Thread:20635 | [GclParser::parseOperationalGclData] | Start operational GCL data parsing
[2026-04-17 02:35:07.106272] | Thread:20635 | [GclParser::parseOperationalGclData] | Finished operational GCL data parsing
[2026-04-17 02:35:07.106498] | Thread:20808 | [NetworkManager::fetchOperationGclForNode] | Start operational GCL fetch for node: vstsn02
[2026-04-17 02:35:07.106746] | Thread:20646 | [NetconfSession::getData] | Start data fetch with XPath: /ietf-interfaces:interfaces/interface/ieee802-dot1q-bridge:bridge-port/ieee802-dot1q-sched-bridge:gate-parameter-table
[2026-04-17 02:35:07.207245] | Thread:20646 | [NetconfSession::getData] | Got return for path: /ietf-interfaces:interfaces/interface/ieee802-dot1q-bridge:bridge-port/ieee802-dot1q-sched-bridge:gate-parameter-table
[2026-04-17 02:35:07.207574] | Thread:20646 | [GclParser::parseOperationalGclData] | Start operational GCL data parsing
[2026-04-17 02:35:07.208448] | Thread:20646 | [GclParser::parseOperationalGclData] | Finished operational GCL data parsing
[2026-04-17 02:35:07.208623] | Thread:20808 | [NetworkManager::fetchOperationGclForNode] | Start operational GCL fetch for node: vstsn03
[2026-04-17 02:35:07.208747] | Thread:20657 | [NetconfSession::getData] | Start data fetch with XPath: /ietf-interfaces:interfaces/interface/ieee802-dot1q-bridge:bridge-port/ieee802-dot1q-sched-bridge:gate-parameter-table
[2026-04-17 02:35:07.244916] | Thread:20657 | [NetconfSession::getData] | Got return for path: /ietf-interfaces:interfaces/interface/ieee802-dot1q-bridge:bridge-port/ieee802-dot1q-sched-bridge:gate-parameter-table
[2026-04-17 02:35:07.245081] | Thread:20657 | [GclParser::parseOperationalGclData] | Start operational GCL data parsing
[2026-04-17 02:35:07.245268] | Thread:20657 | [GclParser::parseOperationalGclData] | Finished operational GCL data parsing
[2026-04-17 02:35:07.245387] | Thread:20808 | [NetworkManager::fetchOperationGcl] | Stop operational GCL fetch
[2026-04-17 02:35:07.245446] | Thread:20808 | [CncServiceImpl::SetNodeSchedule] | Finished setting node schedule (with verification) for node: vstsn01
[2026-04-17 02:35:07.245516] | Thread:20810 | [NetworkManager::deployConfigToNode] | Start config deployment for node: vstsn01
[2026-04-17 02:35:07.245681] | Thread:20635 | [NetconfSession::editData] | Start edit-config with XML length: 3260
[2026-04-17 02:35:07.276800] | Thread:20635 | [NetconfSession::editData] | Finished edit-config with XML length: 3260
[2026-04-17 02:35:07.276824] | Thread:20635 | [NetconfSession::commit] | Start commit operation.
[2026-04-17 02:35:07.318283] | Thread:20635 | [NetconfSession::commit] | Finished commit operation.
[2026-04-17 02:35:07.318311] | Thread:20635 | [NetworkManager::deployConfigToNode] | Successfully deployed config for node: vstsn01
[2026-04-17 02:35:07.318363] | Thread:20810 | [CncServiceImpl::SetNodeSchedule] | Finished deploying config to node: vstsn01
[2026-04-17 02:35:07.318408] | Thread:20810 | [NetworkManager::fetchOperationGcl] | Start operational GCL fetch
[2026-04-17 02:35:07.318410] | Thread:20810 | [NetworkManager::fetchOperationGclForNode] | Start operational GCL fetch for node: vstsn01
[2026-04-17 02:35:07.318475] | Thread:20635 | [NetconfSession::getData] | Start data fetch with XPath: /ietf-interfaces:interfaces/interface/ieee802-dot1q-bridge:bridge-port/ieee802-dot1q-sched-bridge:gate-parameter-table
[2026-04-17 02:35:07.424931] | Thread:20635 | [NetconfSession::getData] | Got return for path: /ietf-interfaces:interfaces/interface/ieee802-dot1q-bridge:bridge-port/ieee802-dot1q-sched-bridge:gate-parameter-table
[2026-04-17 02:35:07.425046] | Thread:20635 | [GclParser::parseOperationalGclData] | Start operational GCL data parsing
[2026-04-17 02:35:07.425326] | Thread:20635 | [GclParser::parseOperationalGclData] | Finished operational GCL data parsing
[2026-04-17 02:35:07.425429] | Thread:20810 | [NetworkManager::fetchOperationGclForNode] | Start operational GCL fetch for node: vstsn02
[2026-04-17 02:35:07.425534] | Thread:20646 | [NetconfSession::getData] | Start data fetch with XPath: /ietf-interfaces:interfaces/interface/ieee802-dot1q-bridge:bridge-port/ieee802-dot1q-sched-bridge:gate-parameter-table
[2026-04-17 02:35:07.501161] | Thread:20646 | [NetconfSession::getData] | Got return for path: /ietf-interfaces:interfaces/interface/ieee802-dot1q-bridge:bridge-port/ieee802-dot1q-sched-bridge:gate-parameter-table
[2026-04-17 02:35:07.501416] | Thread:20646 | [GclParser::parseOperationalGclData] | Start operational GCL data parsing
[2026-04-17 02:35:07.502004] | Thread:20646 | [GclParser::parseOperationalGclData] | Finished operational GCL data parsing
[2026-04-17 02:35:07.502188] | Thread:20810 | [NetworkManager::fetchOperationGclForNode] | Start operational GCL fetch for node: vstsn03
[2026-04-17 02:35:07.502253] | Thread:20657 | [NetconfSession::getData] | Start data fetch with XPath: /ietf-interfaces:interfaces/interface/ieee802-dot1q-bridge:bridge-port/ieee802-dot1q-sched-bridge:gate-parameter-table
[2026-04-17 02:35:07.537935] | Thread:20657 | [NetconfSession::getData] | Got return for path: /ietf-interfaces:interfaces/interface/ieee802-dot1q-bridge:bridge-port/ieee802-dot1q-sched-bridge:gate-parameter-table
[2026-04-17 02:35:07.538035] | Thread:20657 | [GclParser::parseOperationalGclData] | Start operational GCL data parsing
[2026-04-17 02:35:07.538199] | Thread:20657 | [GclParser::parseOperationalGclData] | Finished operational GCL data parsing
[2026-04-17 02:35:07.538272] | Thread:20810 | [NetworkManager::fetchOperationGcl] | Stop operational GCL fetch
[2026-04-17 02:35:07.538315] | Thread:20810 | [CncServiceImpl::SetNodeSchedule] | Finished setting node schedule (with verification) for node: vstsn01
[2026-04-17 02:35:07.538361] | Thread:20799 | [NetworkManager::deployConfigToNode] | Start config deployment for node: vstsn01
[2026-04-17 02:35:07.538501] | Thread:20635 | [NetconfSession::editData] | Start edit-config with XML length: 3260
[2026-04-17 02:35:07.567559] | Thread:20635 | [NetconfSession::editData] | Finished edit-config with XML length: 3260
[2026-04-17 02:35:07.567585] | Thread:20635 | [NetconfSession::commit] | Start commit operation.
[2026-04-17 02:35:07.607874] | Thread:20635 | [NetconfSession::commit] | Finished commit operation.
[2026-04-17 02:35:07.607899] | Thread:20635 | [NetworkManager::deployConfigToNode] | Successfully deployed config for node: vstsn01
[2026-04-17 02:35:07.607944] | Thread:20799 | [CncServiceImpl::SetNodeSchedule] | Finished deploying config to node: vstsn01
[2026-04-17 02:35:07.607965] | Thread:20799 | [NetworkManager::fetchOperationGcl] | Start operational GCL fetch
[2026-04-17 02:35:07.607966] | Thread:20799 | [NetworkManager::fetchOperationGclForNode] | Start operational GCL fetch for node: vstsn01
[2026-04-17 02:35:07.608046] | Thread:20635 | [NetconfSession::getData] | Start data fetch with XPath: /ietf-interfaces:interfaces/interface/ieee802-dot1q-bridge:bridge-port/ieee802-dot1q-sched-bridge:gate-parameter-table
[2026-04-17 02:35:07.714278] | Thread:20635 | [NetconfSession::getData] | Got return for path: /ietf-interfaces:interfaces/interface/ieee802-dot1q-bridge:bridge-port/ieee802-dot1q-sched-bridge:gate-parameter-table
[2026-04-17 02:35:07.714387] | Thread:20635 | [GclParser::parseOperationalGclData] | Start operational GCL data parsing
[2026-04-17 02:35:07.714629] | Thread:20635 | [GclParser::parseOperationalGclData] | Finished operational GCL data parsing
[2026-04-17 02:35:07.714700] | Thread:20799 | [NetworkManager::fetchOperationGclForNode] | Start operational GCL fetch for node: vstsn02
[2026-04-17 02:35:07.714752] | Thread:20646 | [NetconfSession::getData] | Start data fetch with XPath: /ietf-interfaces:interfaces/interface/ieee802-dot1q-bridge:bridge-port/ieee802-dot1q-sched-bridge:gate-parameter-table
[2026-04-17 02:35:07.793594] | Thread:20646 | [NetconfSession::getData] | Got return for path: /ietf-interfaces:interfaces/interface/ieee802-dot1q-bridge:bridge-port/ieee802-dot1q-sched-bridge:gate-parameter-table
[2026-04-17 02:35:07.793767] | Thread:20646 | [GclParser::parseOperationalGclData] | Start operational GCL data parsing
[2026-04-17 02:35:07.794206] | Thread:20646 | [GclParser::parseOperationalGclData] | Finished operational GCL data parsing
[2026-04-17 02:35:07.794305] | Thread:20799 | [NetworkManager::fetchOperationGclForNode] | Start operational GCL fetch for node: vstsn03
[2026-04-17 02:35:07.794357] | Thread:20657 | [NetconfSession::getData] | Start data fetch with XPath: /ietf-interfaces:interfaces/interface/ieee802-dot1q-bridge:bridge-port/ieee802-dot1q-sched-bridge:gate-parameter-table
[2026-04-17 02:35:07.832459] | Thread:20657 | [NetconfSession::getData] | Got return for path: /ietf-interfaces:interfaces/interface/ieee802-dot1q-bridge:bridge-port/ieee802-dot1q-sched-bridge:gate-parameter-table
[2026-04-17 02:35:07.832668] | Thread:20657 | [GclParser::parseOperationalGclData] | Start operational GCL data parsing
[2026-04-17 02:35:07.833063] | Thread:20657 | [GclParser::parseOperationalGclData] | Finished operational GCL data parsing
[2026-04-17 02:35:07.833222] | Thread:20799 | [NetworkManager::fetchOperationGcl] | Stop operational GCL fetch
[2026-04-17 02:35:07.833292] | Thread:20799 | [CncServiceImpl::SetNodeSchedule] | Finished setting node schedule (with verification) for node: vstsn01
[2026-04-17 02:35:07.833362] | Thread:20811 | [NetworkManager::deployConfigToNode] | Start config deployment for node: vstsn01
[2026-04-17 02:35:07.833539] | Thread:20635 | [NetconfSession::editData] | Start edit-config with XML length: 3260
[2026-04-17 02:35:07.863478] | Thread:20635 | [NetconfSession::editData] | Finished edit-config with XML length: 3260
[2026-04-17 02:35:07.863498] | Thread:20635 | [NetconfSession::commit] | Start commit operation.
[2026-04-17 02:35:07.907804] | Thread:20635 | [NetconfSession::commit] | Finished commit operation.
[2026-04-17 02:35:07.907838] | Thread:20635 | [NetworkManager::deployConfigToNode] | Successfully deployed config for node: vstsn01
[2026-04-17 02:35:07.907901] | Thread:20811 | [CncServiceImpl::SetNodeSchedule] | Finished deploying config to node: vstsn01
[2026-04-17 02:35:07.907939] | Thread:20811 | [NetworkManager::fetchOperationGcl] | Start operational GCL fetch
[2026-04-17 02:35:07.907941] | Thread:20811 | [NetworkManager::fetchOperationGclForNode] | Start operational GCL fetch for node: vstsn01
[2026-04-17 02:35:07.907988] | Thread:20635 | [NetconfSession::getData] | Start data fetch with XPath: /ietf-interfaces:interfaces/interface/ieee802-dot1q-bridge:bridge-port/ieee802-dot1q-sched-bridge:gate-parameter-table
[2026-04-17 02:35:07.945132] | Thread:20808 | [CncServiceImpl::SetNodeSchedule] | Start setting node schedule for node: vstsn01
[2026-04-17 02:35:07.946019] | Thread:20841 | [CncServiceImpl::SetNodeSchedule] | Start setting node schedule for node: vstsn01
[2026-04-17 02:35:07.946870] | Thread:20855 | [CncServiceImpl::SetNodeSchedule] | Start setting node schedule for node: vstsn01
[2026-04-17 02:35:07.947696] | Thread:20857 | [CncServiceImpl::SetNodeSchedule] | Start setting node schedule for node: vstsn01
[2026-04-17 02:35:07.948545] | Thread:20858 | [CncServiceImpl::SetNodeSchedule] | Start setting node schedule for node: vstsn01
[2026-04-17 02:35:07.949687] | Thread:20860 | [CncServiceImpl::SetNodeSchedule] | Start setting node schedule for node: vstsn01
[2026-04-17 02:35:07.950982] | Thread:20862 | [CncServiceImpl::SetNodeSchedule] | Start setting node schedule for node: vstsn01
[2026-04-17 02:35:07.952066] | Thread:20864 | [CncServiceImpl::SetNodeSchedule] | Start setting node schedule for node: vstsn01
[2026-04-17 02:35:07.953171] | Thread:20866 | [CncServiceImpl::SetNodeSchedule] | Start setting node schedule for node: vstsn01
[2026-04-17 02:35:08.009466] | Thread:20635 | [NetconfSession::getData] | Got return for path: /ietf-interfaces:interfaces/interface/ieee802-dot1q-bridge:bridge-port/ieee802-dot1q-sched-bridge:gate-parameter-table
[2026-04-17 02:35:08.009570] | Thread:20635 | [GclParser::parseOperationalGclData] | Start operational GCL data parsing
[2026-04-17 02:35:08.009807] | Thread:20635 | [GclParser::parseOperationalGclData] | Finished operational GCL data parsing
[2026-04-17 02:35:08.009872] | Thread:20811 | [NetworkManager::fetchOperationGclForNode] | Start operational GCL fetch for node: vstsn02
[2026-04-17 02:35:08.009929] | Thread:20646 | [NetconfSession::getData] | Start data fetch with XPath: /ietf-interfaces:interfaces/interface/ieee802-dot1q-bridge:bridge-port/ieee802-dot1q-sched-bridge:gate-parameter-table
[2026-04-17 02:35:08.085723] | Thread:20646 | [NetconfSession::getData] | Got return for path: /ietf-interfaces:interfaces/interface/ieee802-dot1q-bridge:bridge-port/ieee802-dot1q-sched-bridge:gate-parameter-table
[2026-04-17 02:35:08.085949] | Thread:20646 | [GclParser::parseOperationalGclData] | Start operational GCL data parsing
[2026-04-17 02:35:08.086453] | Thread:20646 | [GclParser::parseOperationalGclData] | Finished operational GCL data parsing
[2026-04-17 02:35:08.086635] | Thread:20811 | [NetworkManager::fetchOperationGclForNode] | Start operational GCL fetch for node: vstsn03
[2026-04-17 02:35:08.086715] | Thread:20657 | [NetconfSession::getData] | Start data fetch with XPath: /ietf-interfaces:interfaces/interface/ieee802-dot1q-bridge:bridge-port/ieee802-dot1q-sched-bridge:gate-parameter-table
[2026-04-17 02:35:08.122996] | Thread:20657 | [NetconfSession::getData] | Got return for path: /ietf-interfaces:interfaces/interface/ieee802-dot1q-bridge:bridge-port/ieee802-dot1q-sched-bridge:gate-parameter-table
[2026-04-17 02:35:08.123102] | Thread:20657 | [GclParser::parseOperationalGclData] | Start operational GCL data parsing
[2026-04-17 02:35:08.123252] | Thread:20657 | [GclParser::parseOperationalGclData] | Finished operational GCL data parsing
[2026-04-17 02:35:08.123368] | Thread:20811 | [NetworkManager::fetchOperationGcl] | Stop operational GCL fetch
[2026-04-17 02:35:08.123418] | Thread:20811 | [CncServiceImpl::SetNodeSchedule] | Finished setting node schedule (with verification) for node: vstsn01
[2026-04-17 02:35:08.123503] | Thread:20814 | [NetworkManager::deployConfigToNode] | Start config deployment for node: vstsn01
[2026-04-17 02:35:08.123636] | Thread:20635 | [NetconfSession::editData] | Start edit-config with XML length: 3260
[2026-04-17 02:35:08.153262] | Thread:20635 | [NetconfSession::editData] | Finished edit-config with XML length: 3260
[2026-04-17 02:35:08.153283] | Thread:20635 | [NetconfSession::commit] | Start commit operation.
[2026-04-17 02:35:08.193778] | Thread:20635 | [NetconfSession::commit] | Finished commit operation.
[2026-04-17 02:35:08.193802] | Thread:20635 | [NetworkManager::deployConfigToNode] | Successfully deployed config for node: vstsn01
[2026-04-17 02:35:08.193856] | Thread:20814 | [CncServiceImpl::SetNodeSchedule] | Finished deploying config to node: vstsn01
[2026-04-17 02:35:08.193905] | Thread:20814 | [NetworkManager::fetchOperationGcl] | Start operational GCL fetch
[2026-04-17 02:35:08.193906] | Thread:20814 | [NetworkManager::fetchOperationGclForNode] | Start operational GCL fetch for node: vstsn01
[2026-04-17 02:35:08.193937] | Thread:20635 | [NetconfSession::getData] | Start data fetch with XPath: /ietf-interfaces:interfaces/interface/ieee802-dot1q-bridge:bridge-port/ieee802-dot1q-sched-bridge:gate-parameter-table
[2026-04-17 02:35:08.294521] | Thread:20635 | [NetconfSession::getData] | Got return for path: /ietf-interfaces:interfaces/interface/ieee802-dot1q-bridge:bridge-port/ieee802-dot1q-sched-bridge:gate-parameter-table
[2026-04-17 02:35:08.294615] | Thread:20635 | [GclParser::parseOperationalGclData] | Start operational GCL data parsing
[2026-04-17 02:35:08.294845] | Thread:20635 | [GclParser::parseOperationalGclData] | Finished operational GCL data parsing
[2026-04-17 02:35:08.294900] | Thread:20814 | [NetworkManager::fetchOperationGclForNode] | Start operational GCL fetch for node: vstsn02
[2026-04-17 02:35:08.295029] | Thread:20646 | [NetconfSession::getData] | Start data fetch with XPath: /ietf-interfaces:interfaces/interface/ieee802-dot1q-bridge:bridge-port/ieee802-dot1q-sched-bridge:gate-parameter-table
[2026-04-17 02:35:08.371873] | Thread:20646 | [NetconfSession::getData] | Got return for path: /ietf-interfaces:interfaces/interface/ieee802-dot1q-bridge:bridge-port/ieee802-dot1q-sched-bridge:gate-parameter-table
[2026-04-17 02:35:08.372048] | Thread:20646 | [GclParser::parseOperationalGclData] | Start operational GCL data parsing
[2026-04-17 02:35:08.372383] | Thread:20646 | [GclParser::parseOperationalGclData] | Finished operational GCL data parsing
[2026-04-17 02:35:08.372520] | Thread:20814 | [NetworkManager::fetchOperationGclForNode] | Start operational GCL fetch for node: vstsn03
[2026-04-17 02:35:08.372632] | Thread:20657 | [NetconfSession::getData] | Start data fetch with XPath: /ietf-interfaces:interfaces/interface/ieee802-dot1q-bridge:bridge-port/ieee802-dot1q-sched-bridge:gate-parameter-table
[2026-04-17 02:35:08.409708] | Thread:20657 | [NetconfSession::getData] | Got return for path: /ietf-interfaces:interfaces/interface/ieee802-dot1q-bridge:bridge-port/ieee802-dot1q-sched-bridge:gate-parameter-table
[2026-04-17 02:35:08.409833] | Thread:20657 | [GclParser::parseOperationalGclData] | Start operational GCL data parsing
[2026-04-17 02:35:08.409987] | Thread:20657 | [GclParser::parseOperationalGclData] | Finished operational GCL data parsing
[2026-04-17 02:35:08.410126] | Thread:20814 | [NetworkManager::fetchOperationGcl] | Stop operational GCL fetch
[2026-04-17 02:35:08.410203] | Thread:20814 | [CncServiceImpl::SetNodeSchedule] | Finished setting node schedule (with verification) for node: vstsn01
[2026-04-17 02:35:08.410264] | Thread:20817 | [NetworkManager::deployConfigToNode] | Start config deployment for node: vstsn01
[2026-04-17 02:35:08.410393] | Thread:20635 | [NetconfSession::editData] | Start edit-config with XML length: 3260
[2026-04-17 02:35:08.440800] | Thread:20635 | [NetconfSession::editData] | Finished edit-config with XML length: 3260
[2026-04-17 02:35:08.440824] | Thread:20635 | [NetconfSession::commit] | Start commit operation.
[2026-04-17 02:35:08.482522] | Thread:20635 | [NetconfSession::commit] | Finished commit operation.
[2026-04-17 02:35:08.482545] | Thread:20635 | [NetworkManager::deployConfigToNode] | Successfully deployed config for node: vstsn01
[2026-04-17 02:35:08.482594] | Thread:20817 | [CncServiceImpl::SetNodeSchedule] | Finished deploying config to node: vstsn01
[2026-04-17 02:35:08.482647] | Thread:20817 | [NetworkManager::fetchOperationGcl] | Start operational GCL fetch
[2026-04-17 02:35:08.482665] | Thread:20817 | [NetworkManager::fetchOperationGclForNode] | Start operational GCL fetch for node: vstsn01
[2026-04-17 02:35:08.482701] | Thread:20635 | [NetconfSession::getData] | Start data fetch with XPath: /ietf-interfaces:interfaces/interface/ieee802-dot1q-bridge:bridge-port/ieee802-dot1q-sched-bridge:gate-parameter-table
[2026-04-17 02:35:08.594681] | Thread:20635 | [NetconfSession::getData] | Got return for path: /ietf-interfaces:interfaces/interface/ieee802-dot1q-bridge:bridge-port/ieee802-dot1q-sched-bridge:gate-parameter-table
[2026-04-17 02:35:08.594792] | Thread:20635 | [GclParser::parseOperationalGclData] | Start operational GCL data parsing
[2026-04-17 02:35:08.595063] | Thread:20635 | [GclParser::parseOperationalGclData] | Finished operational GCL data parsing
[2026-04-17 02:35:08.595156] | Thread:20817 | [NetworkManager::fetchOperationGclForNode] | Start operational GCL fetch for node: vstsn02
[2026-04-17 02:35:08.595217] | Thread:20646 | [NetconfSession::getData] | Start data fetch with XPath: /ietf-interfaces:interfaces/interface/ieee802-dot1q-bridge:bridge-port/ieee802-dot1q-sched-bridge:gate-parameter-table
[2026-04-17 02:35:08.669513] | Thread:20646 | [NetconfSession::getData] | Got return for path: /ietf-interfaces:interfaces/interface/ieee802-dot1q-bridge:bridge-port/ieee802-dot1q-sched-bridge:gate-parameter-table
[2026-04-17 02:35:08.669677] | Thread:20646 | [GclParser::parseOperationalGclData] | Start operational GCL data parsing
[2026-04-17 02:35:08.670006] | Thread:20646 | [GclParser::parseOperationalGclData] | Finished operational GCL data parsing
[2026-04-17 02:35:08.670126] | Thread:20817 | [NetworkManager::fetchOperationGclForNode] | Start operational GCL fetch for node: vstsn03
[2026-04-17 02:35:08.670272] | Thread:20657 | [NetconfSession::getData] | Start data fetch with XPath: /ietf-interfaces:interfaces/interface/ieee802-dot1q-bridge:bridge-port/ieee802-dot1q-sched-bridge:gate-parameter-table
[2026-04-17 02:35:08.706847] | Thread:20657 | [NetconfSession::getData] | Got return for path: /ietf-interfaces:interfaces/interface/ieee802-dot1q-bridge:bridge-port/ieee802-dot1q-sched-bridge:gate-parameter-table
[2026-04-17 02:35:08.706954] | Thread:20657 | [GclParser::parseOperationalGclData] | Start operational GCL data parsing
[2026-04-17 02:35:08.707108] | Thread:20657 | [GclParser::parseOperationalGclData] | Finished operational GCL data parsing
[2026-04-17 02:35:08.707218] | Thread:20817 | [NetworkManager::fetchOperationGcl] | Stop operational GCL fetch
[2026-04-17 02:35:08.707280] | Thread:20817 | [CncServiceImpl::SetNodeSchedule] | Finished setting node schedule (with verification) for node: vstsn01
[2026-04-17 02:35:08.707324] | Thread:20819 | [NetworkManager::deployConfigToNode] | Start config deployment for node: vstsn01
[2026-04-17 02:35:08.707461] | Thread:20635 | [NetconfSession::editData] | Start edit-config with XML length: 3260
[2026-04-17 02:35:08.738242] | Thread:20635 | [NetconfSession::editData] | Finished edit-config with XML length: 3260
[2026-04-17 02:35:08.738287] | Thread:20635 | [NetconfSession::commit] | Start commit operation.
[2026-04-17 02:35:08.779169] | Thread:20635 | [NetconfSession::commit] | Finished commit operation.
[2026-04-17 02:35:08.779198] | Thread:20635 | [NetworkManager::deployConfigToNode] | Successfully deployed config for node: vstsn01
[2026-04-17 02:35:08.779257] | Thread:20819 | [CncServiceImpl::SetNodeSchedule] | Finished deploying config to node: vstsn01
[2026-04-17 02:35:08.779338] | Thread:20819 | [NetworkManager::fetchOperationGcl] | Start operational GCL fetch
[2026-04-17 02:35:08.779367] | Thread:20819 | [NetworkManager::fetchOperationGclForNode] | Start operational GCL fetch for node: vstsn01
[2026-04-17 02:35:08.779423] | Thread:20635 | [NetconfSession::getData] | Start data fetch with XPath: /ietf-interfaces:interfaces/interface/ieee802-dot1q-bridge:bridge-port/ieee802-dot1q-sched-bridge:gate-parameter-table
[2026-04-17 02:35:08.883138] | Thread:20635 | [NetconfSession::getData] | Got return for path: /ietf-interfaces:interfaces/interface/ieee802-dot1q-bridge:bridge-port/ieee802-dot1q-sched-bridge:gate-parameter-table
[2026-04-17 02:35:08.883302] | Thread:20635 | [GclParser::parseOperationalGclData] | Start operational GCL data parsing
[2026-04-17 02:35:08.883667] | Thread:20635 | [GclParser::parseOperationalGclData] | Finished operational GCL data parsing
[2026-04-17 02:35:08.883782] | Thread:20819 | [NetworkManager::fetchOperationGclForNode] | Start operational GCL fetch for node: vstsn02
[2026-04-17 02:35:08.883845] | Thread:20646 | [NetconfSession::getData] | Start data fetch with XPath: /ietf-interfaces:interfaces/interface/ieee802-dot1q-bridge:bridge-port/ieee802-dot1q-sched-bridge:gate-parameter-table
[2026-04-17 02:35:08.962676] | Thread:20646 | [NetconfSession::getData] | Got return for path: /ietf-interfaces:interfaces/interface/ieee802-dot1q-bridge:bridge-port/ieee802-dot1q-sched-bridge:gate-parameter-table
[2026-04-17 02:35:08.962878] | Thread:20646 | [GclParser::parseOperationalGclData] | Start operational GCL data parsing
[2026-04-17 02:35:08.963321] | Thread:20646 | [GclParser::parseOperationalGclData] | Finished operational GCL data parsing
[2026-04-17 02:35:08.963432] | Thread:20819 | [NetworkManager::fetchOperationGclForNode] | Start operational GCL fetch for node: vstsn03
[2026-04-17 02:35:08.963487] | Thread:20657 | [NetconfSession::getData] | Start data fetch with XPath: /ietf-interfaces:interfaces/interface/ieee802-dot1q-bridge:bridge-port/ieee802-dot1q-sched-bridge:gate-parameter-table
[2026-04-17 02:35:08.966452] | Thread:20867 | [CncServiceImpl::SetNodeSchedule] | Start setting node schedule for node: vstsn01
[2026-04-17 02:35:08.967186] | Thread:20811 | [CncServiceImpl::SetNodeSchedule] | Start setting node schedule for node: vstsn01
[2026-04-17 02:35:08.969129] | Thread:20872 | [CncServiceImpl::SetNodeSchedule] | Start setting node schedule for node: vstsn01
[2026-04-17 02:35:08.971016] | Thread:20874 | [CncServiceImpl::SetNodeSchedule] | Start setting node schedule for node: vstsn01
[2026-04-17 02:35:08.971187] | Thread:20876 | [CncServiceImpl::SetNodeSchedule] | Start setting node schedule for node: vstsn01
[2026-04-17 02:35:08.971702] | Thread:20877 | [CncServiceImpl::SetNodeSchedule] | Start setting node schedule for node: vstsn01
[2026-04-17 02:35:08.973008] | Thread:20879 | [CncServiceImpl::SetNodeSchedule] | Start setting node schedule for node: vstsn01
[2026-04-17 02:35:08.974135] | Thread:20881 | [CncServiceImpl::SetNodeSchedule] | Start setting node schedule for node: vstsn01
[2026-04-17 02:35:08.976101] | Thread:20882 | [CncServiceImpl::SetNodeSchedule] | Start setting node schedule for node: vstsn01
[2026-04-17 02:35:08.977485] | Thread:20885 | [CncServiceImpl::SetNodeSchedule] | Start setting node schedule for node: vstsn01
[2026-04-17 02:35:08.999134] | Thread:20657 | [NetconfSession::getData] | Got return for path: /ietf-interfaces:interfaces/interface/ieee802-dot1q-bridge:bridge-port/ieee802-dot1q-sched-bridge:gate-parameter-table
[2026-04-17 02:35:08.999308] | Thread:20657 | [GclParser::parseOperationalGclData] | Start operational GCL data parsing
[2026-04-17 02:35:08.999586] | Thread:20657 | [GclParser::parseOperationalGclData] | Finished operational GCL data parsing
[2026-04-17 02:35:08.999681] | Thread:20819 | [NetworkManager::fetchOperationGcl] | Stop operational GCL fetch
[2026-04-17 02:35:08.999731] | Thread:20819 | [CncServiceImpl::SetNodeSchedule] | Finished setting node schedule (with verification) for node: vstsn01
[2026-04-17 02:35:08.999778] | Thread:20820 | [NetworkManager::deployConfigToNode] | Start config deployment for node: vstsn01
[2026-04-17 02:35:08.999910] | Thread:20635 | [NetconfSession::editData] | Start edit-config with XML length: 3260
[2026-04-17 02:35:09.029920] | Thread:20635 | [NetconfSession::editData] | Finished edit-config with XML length: 3260
[2026-04-17 02:35:09.029949] | Thread:20635 | [NetconfSession::commit] | Start commit operation.
[2026-04-17 02:35:09.069492] | Thread:20635 | [NetconfSession::commit] | Finished commit operation.
[2026-04-17 02:35:09.069516] | Thread:20635 | [NetworkManager::deployConfigToNode] | Successfully deployed config for node: vstsn01
[2026-04-17 02:35:09.069555] | Thread:20820 | [CncServiceImpl::SetNodeSchedule] | Finished deploying config to node: vstsn01
[2026-04-17 02:35:09.069578] | Thread:20820 | [NetworkManager::fetchOperationGcl] | Start operational GCL fetch
[2026-04-17 02:35:09.069580] | Thread:20820 | [NetworkManager::fetchOperationGclForNode] | Start operational GCL fetch for node: vstsn01
[2026-04-17 02:35:09.069612] | Thread:20635 | [NetconfSession::getData] | Start data fetch with XPath: /ietf-interfaces:interfaces/interface/ieee802-dot1q-bridge:bridge-port/ieee802-dot1q-sched-bridge:gate-parameter-table
[2026-04-17 02:35:09.173560] | Thread:20635 | [NetconfSession::getData] | Got return for path: /ietf-interfaces:interfaces/interface/ieee802-dot1q-bridge:bridge-port/ieee802-dot1q-sched-bridge:gate-parameter-table
[2026-04-17 02:35:09.173732] | Thread:20635 | [GclParser::parseOperationalGclData] | Start operational GCL data parsing
[2026-04-17 02:35:09.174096] | Thread:20635 | [GclParser::parseOperationalGclData] | Finished operational GCL data parsing
[2026-04-17 02:35:09.174204] | Thread:20820 | [NetworkManager::fetchOperationGclForNode] | Start operational GCL fetch for node: vstsn02
[2026-04-17 02:35:09.174374] | Thread:20646 | [NetconfSession::getData] | Start data fetch with XPath: /ietf-interfaces:interfaces/interface/ieee802-dot1q-bridge:bridge-port/ieee802-dot1q-sched-bridge:gate-parameter-table
[2026-04-17 02:35:09.254266] | Thread:20646 | [NetconfSession::getData] | Got return for path: /ietf-interfaces:interfaces/interface/ieee802-dot1q-bridge:bridge-port/ieee802-dot1q-sched-bridge:gate-parameter-table
[2026-04-17 02:35:09.254421] | Thread:20646 | [GclParser::parseOperationalGclData] | Start operational GCL data parsing
[2026-04-17 02:35:09.254741] | Thread:20646 | [GclParser::parseOperationalGclData] | Finished operational GCL data parsing
[2026-04-17 02:35:09.254921] | Thread:20820 | [NetworkManager::fetchOperationGclForNode] | Start operational GCL fetch for node: vstsn03
[2026-04-17 02:35:09.255010] | Thread:20657 | [NetconfSession::getData] | Start data fetch with XPath: /ietf-interfaces:interfaces/interface/ieee802-dot1q-bridge:bridge-port/ieee802-dot1q-sched-bridge:gate-parameter-table
[2026-04-17 02:35:09.293256] | Thread:20657 | [NetconfSession::getData] | Got return for path: /ietf-interfaces:interfaces/interface/ieee802-dot1q-bridge:bridge-port/ieee802-dot1q-sched-bridge:gate-parameter-table
[2026-04-17 02:35:09.293374] | Thread:20657 | [GclParser::parseOperationalGclData] | Start operational GCL data parsing
[2026-04-17 02:35:09.293550] | Thread:20657 | [GclParser::parseOperationalGclData] | Finished operational GCL data parsing
[2026-04-17 02:35:09.293667] | Thread:20820 | [NetworkManager::fetchOperationGcl] | Stop operational GCL fetch
[2026-04-17 02:35:09.293720] | Thread:20820 | [CncServiceImpl::SetNodeSchedule] | Finished setting node schedule (with verification) for node: vstsn01
[2026-04-17 02:35:09.293814] | Thread:20824 | [NetworkManager::deployConfigToNode] | Start config deployment for node: vstsn01
[2026-04-17 02:35:09.293966] | Thread:20635 | [NetconfSession::editData] | Start edit-config with XML length: 3260
[2026-04-17 02:35:09.323346] | Thread:20635 | [NetconfSession::editData] | Finished edit-config with XML length: 3260
[2026-04-17 02:35:09.323370] | Thread:20635 | [NetconfSession::commit] | Start commit operation.
[2026-04-17 02:35:09.363730] | Thread:20635 | [NetconfSession::commit] | Finished commit operation.
[2026-04-17 02:35:09.363761] | Thread:20635 | [NetworkManager::deployConfigToNode] | Successfully deployed config for node: vstsn01
[2026-04-17 02:35:09.363869] | Thread:20824 | [CncServiceImpl::SetNodeSchedule] | Finished deploying config to node: vstsn01
[2026-04-17 02:35:09.364000] | Thread:20824 | [NetworkManager::fetchOperationGcl] | Start operational GCL fetch
[2026-04-17 02:35:09.364005] | Thread:20824 | [NetworkManager::fetchOperationGclForNode] | Start operational GCL fetch for node: vstsn01
[2026-04-17 02:35:09.364064] | Thread:20635 | [NetconfSession::getData] | Start data fetch with XPath: /ietf-interfaces:interfaces/interface/ieee802-dot1q-bridge:bridge-port/ieee802-dot1q-sched-bridge:gate-parameter-table
[2026-04-17 02:35:09.468734] | Thread:20635 | [NetconfSession::getData] | Got return for path: /ietf-interfaces:interfaces/interface/ieee802-dot1q-bridge:bridge-port/ieee802-dot1q-sched-bridge:gate-parameter-table
[2026-04-17 02:35:09.468863] | Thread:20635 | [GclParser::parseOperationalGclData] | Start operational GCL data parsing
[2026-04-17 02:35:09.469196] | Thread:20635 | [GclParser::parseOperationalGclData] | Finished operational GCL data parsing
[2026-04-17 02:35:09.469328] | Thread:20824 | [NetworkManager::fetchOperationGclForNode] | Start operational GCL fetch for node: vstsn02
[2026-04-17 02:35:09.469439] | Thread:20646 | [NetconfSession::getData] | Start data fetch with XPath: /ietf-interfaces:interfaces/interface/ieee802-dot1q-bridge:bridge-port/ieee802-dot1q-sched-bridge:gate-parameter-table
[2026-04-17 02:35:09.545675] | Thread:20646 | [NetconfSession::getData] | Got return for path: /ietf-interfaces:interfaces/interface/ieee802-dot1q-bridge:bridge-port/ieee802-dot1q-sched-bridge:gate-parameter-table
[2026-04-17 02:35:09.545873] | Thread:20646 | [GclParser::parseOperationalGclData] | Start operational GCL data parsing
[2026-04-17 02:35:09.546310] | Thread:20646 | [GclParser::parseOperationalGclData] | Finished operational GCL data parsing
[2026-04-17 02:35:09.546522] | Thread:20824 | [NetworkManager::fetchOperationGclForNode] | Start operational GCL fetch for node: vstsn03
[2026-04-17 02:35:09.546698] | Thread:20657 | [NetconfSession::getData] | Start data fetch with XPath: /ietf-interfaces:interfaces/interface/ieee802-dot1q-bridge:bridge-port/ieee802-dot1q-sched-bridge:gate-parameter-table
[2026-04-17 02:35:09.583174] | Thread:20657 | [NetconfSession::getData] | Got return for path: /ietf-interfaces:interfaces/interface/ieee802-dot1q-bridge:bridge-port/ieee802-dot1q-sched-bridge:gate-parameter-table
[2026-04-17 02:35:09.583313] | Thread:20657 | [GclParser::parseOperationalGclData] | Start operational GCL data parsing
[2026-04-17 02:35:09.583549] | Thread:20657 | [GclParser::parseOperationalGclData] | Finished operational GCL data parsing
[2026-04-17 02:35:09.583676] | Thread:20824 | [NetworkManager::fetchOperationGcl] | Stop operational GCL fetch
[2026-04-17 02:35:09.583724] | Thread:20824 | [CncServiceImpl::SetNodeSchedule] | Finished setting node schedule (with verification) for node: vstsn01
[2026-04-17 02:35:09.583778] | Thread:20793 | [NetworkManager::deployConfigToNode] | Start config deployment for node: vstsn01
[2026-04-17 02:35:09.583940] | Thread:20635 | [NetconfSession::editData] | Start edit-config with XML length: 3260
[2026-04-17 02:35:09.612560] | Thread:20635 | [NetconfSession::editData] | Finished edit-config with XML length: 3260
[2026-04-17 02:35:09.612601] | Thread:20635 | [NetconfSession::commit] | Start commit operation.
[2026-04-17 02:35:09.654187] | Thread:20635 | [NetconfSession::commit] | Finished commit operation.
[2026-04-17 02:35:09.654239] | Thread:20635 | [NetworkManager::deployConfigToNode] | Successfully deployed config for node: vstsn01
[2026-04-17 02:35:09.654288] | Thread:20793 | [CncServiceImpl::SetNodeSchedule] | Finished deploying config to node: vstsn01
[2026-04-17 02:35:09.654312] | Thread:20793 | [NetworkManager::fetchOperationGcl] | Start operational GCL fetch
[2026-04-17 02:35:09.654313] | Thread:20793 | [NetworkManager::fetchOperationGclForNode] | Start operational GCL fetch for node: vstsn01
[2026-04-17 02:35:09.654343] | Thread:20635 | [NetconfSession::getData] | Start data fetch with XPath: /ietf-interfaces:interfaces/interface/ieee802-dot1q-bridge:bridge-port/ieee802-dot1q-sched-bridge:gate-parameter-table
[2026-04-17 02:35:09.777761] | Thread:20635 | [NetconfSession::getData] | Got return for path: /ietf-interfaces:interfaces/interface/ieee802-dot1q-bridge:bridge-port/ieee802-dot1q-sched-bridge:gate-parameter-table
[2026-04-17 02:35:09.777898] | Thread:20635 | [GclParser::parseOperationalGclData] | Start operational GCL data parsing
[2026-04-17 02:35:09.778136] | Thread:20635 | [GclParser::parseOperationalGclData] | Finished operational GCL data parsing
[2026-04-17 02:35:09.778242] | Thread:20793 | [NetworkManager::fetchOperationGclForNode] | Start operational GCL fetch for node: vstsn02
[2026-04-17 02:35:09.778349] | Thread:20646 | [NetconfSession::getData] | Start data fetch with XPath: /ietf-interfaces:interfaces/interface/ieee802-dot1q-bridge:bridge-port/ieee802-dot1q-sched-bridge:gate-parameter-table
[2026-04-17 02:35:09.866258] | Thread:20646 | [NetconfSession::getData] | Got return for path: /ietf-interfaces:interfaces/interface/ieee802-dot1q-bridge:bridge-port/ieee802-dot1q-sched-bridge:gate-parameter-table
[2026-04-17 02:35:09.866532] | Thread:20646 | [GclParser::parseOperationalGclData] | Start operational GCL data parsing
[2026-04-17 02:35:09.866896] | Thread:20646 | [GclParser::parseOperationalGclData] | Finished operational GCL data parsing
[2026-04-17 02:35:09.867060] | Thread:20793 | [NetworkManager::fetchOperationGclForNode] | Start operational GCL fetch for node: vstsn03
[2026-04-17 02:35:09.867112] | Thread:20657 | [NetconfSession::getData] | Start data fetch with XPath: /ietf-interfaces:interfaces/interface/ieee802-dot1q-bridge:bridge-port/ieee802-dot1q-sched-bridge:gate-parameter-table
[2026-04-17 02:35:09.914647] | Thread:20657 | [NetconfSession::getData] | Got return for path: /ietf-interfaces:interfaces/interface/ieee802-dot1q-bridge:bridge-port/ieee802-dot1q-sched-bridge:gate-parameter-table
[2026-04-17 02:35:09.914760] | Thread:20657 | [GclParser::parseOperationalGclData] | Start operational GCL data parsing
[2026-04-17 02:35:09.914927] | Thread:20657 | [GclParser::parseOperationalGclData] | Finished operational GCL data parsing
[2026-04-17 02:35:09.914986] | Thread:20793 | [NetworkManager::fetchOperationGcl] | Stop operational GCL fetch
[2026-04-17 02:35:09.915022] | Thread:20793 | [CncServiceImpl::SetNodeSchedule] | Finished setting node schedule (with verification) for node: vstsn01
[2026-04-17 02:35:09.915106] | Thread:20825 | [NetworkManager::deployConfigToNode] | Start config deployment for node: vstsn01
[2026-04-17 02:35:09.915261] | Thread:20635 | [NetconfSession::editData] | Start edit-config with XML length: 3260
[2026-04-17 02:35:09.943622] | Thread:20635 | [NetconfSession::editData] | Finished edit-config with XML length: 3260
[2026-04-17 02:35:09.943659] | Thread:20635 | [NetconfSession::commit] | Start commit operation.
[2026-04-17 02:35:09.980587] | Thread:20819 | [CncServiceImpl::SetNodeSchedule] | Start setting node schedule for node: vstsn01
[2026-04-17 02:35:09.981470] | Thread:20886 | [CncServiceImpl::SetNodeSchedule] | Start setting node schedule for node: vstsn01
[2026-04-17 02:35:09.982399] | Thread:20889 | [CncServiceImpl::SetNodeSchedule] | Start setting node schedule for node: vstsn01
[2026-04-17 02:35:09.983177] | Thread:20890 | [CncServiceImpl::SetNodeSchedule] | Start setting node schedule for node: vstsn01
[2026-04-17 02:35:09.984714] | Thread:20635 | [NetconfSession::commit] | Finished commit operation.
[2026-04-17 02:35:09.984741] | Thread:20635 | [NetworkManager::deployConfigToNode] | Successfully deployed config for node: vstsn01
[2026-04-17 02:35:09.984787] | Thread:20825 | [CncServiceImpl::SetNodeSchedule] | Finished deploying config to node: vstsn01
[2026-04-17 02:35:09.984830] | Thread:20825 | [NetworkManager::fetchOperationGcl] | Start operational GCL fetch
[2026-04-17 02:35:09.984849] | Thread:20825 | [NetworkManager::fetchOperationGclForNode] | Start operational GCL fetch for node: vstsn01
[2026-04-17 02:35:09.984861] | Thread:20635 | [NetconfSession::getData] | Start data fetch with XPath: /ietf-interfaces:interfaces/interface/ieee802-dot1q-bridge:bridge-port/ieee802-dot1q-sched-bridge:gate-parameter-table
[2026-04-17 02:35:09.985599] | Thread:20892 | [CncServiceImpl::SetNodeSchedule] | Start setting node schedule for node: vstsn01
[2026-04-17 02:35:09.985915] | Thread:20893 | [CncServiceImpl::SetNodeSchedule] | Start setting node schedule for node: vstsn01
[2026-04-17 02:35:09.986193] | Thread:20894 | [CncServiceImpl::SetNodeSchedule] | Start setting node schedule for node: vstsn01
[2026-04-17 02:35:09.987564] | Thread:20895 | [CncServiceImpl::SetNodeSchedule] | Start setting node schedule for node: vstsn01
[2026-04-17 02:35:09.988609] | Thread:20898 | [CncServiceImpl::SetNodeSchedule] | Start setting node schedule for node: vstsn01
[2026-04-17 02:35:09.989685] | Thread:20900 | [CncServiceImpl::SetNodeSchedule] | Start setting node schedule for node: vstsn01
[2026-04-17 02:35:09.990708] | Thread:20902 | [CncServiceImpl::SetNodeSchedule] | Start setting node schedule for node: vstsn01
[2026-04-17 02:35:10.092032] | Thread:20635 | [NetconfSession::getData] | Got return for path: /ietf-interfaces:interfaces/interface/ieee802-dot1q-bridge:bridge-port/ieee802-dot1q-sched-bridge:gate-parameter-table
[2026-04-17 02:35:10.092163] | Thread:20635 | [GclParser::parseOperationalGclData] | Start operational GCL data parsing
[2026-04-17 02:35:10.092404] | Thread:20635 | [GclParser::parseOperationalGclData] | Finished operational GCL data parsing
[2026-04-17 02:35:10.092461] | Thread:20825 | [NetworkManager::fetchOperationGclForNode] | Start operational GCL fetch for node: vstsn02
[2026-04-17 02:35:10.092513] | Thread:20646 | [NetconfSession::getData] | Start data fetch with XPath: /ietf-interfaces:interfaces/interface/ieee802-dot1q-bridge:bridge-port/ieee802-dot1q-sched-bridge:gate-parameter-table
[2026-04-17 02:35:10.168779] | Thread:20646 | [NetconfSession::getData] | Got return for path: /ietf-interfaces:interfaces/interface/ieee802-dot1q-bridge:bridge-port/ieee802-dot1q-sched-bridge:gate-parameter-table
[2026-04-17 02:35:10.168929] | Thread:20646 | [GclParser::parseOperationalGclData] | Start operational GCL data parsing
[2026-04-17 02:35:10.169220] | Thread:20646 | [GclParser::parseOperationalGclData] | Finished operational GCL data parsing
[2026-04-17 02:35:10.169348] | Thread:20825 | [NetworkManager::fetchOperationGclForNode] | Start operational GCL fetch for node: vstsn03
[2026-04-17 02:35:10.169460] | Thread:20657 | [NetconfSession::getData] | Start data fetch with XPath: /ietf-interfaces:interfaces/interface/ieee802-dot1q-bridge:bridge-port/ieee802-dot1q-sched-bridge:gate-parameter-table
[2026-04-17 02:35:10.204828] | Thread:20657 | [NetconfSession::getData] | Got return for path: /ietf-interfaces:interfaces/interface/ieee802-dot1q-bridge:bridge-port/ieee802-dot1q-sched-bridge:gate-parameter-table
[2026-04-17 02:35:10.204983] | Thread:20657 | [GclParser::parseOperationalGclData] | Start operational GCL data parsing
[2026-04-17 02:35:10.205210] | Thread:20657 | [GclParser::parseOperationalGclData] | Finished operational GCL data parsing
[2026-04-17 02:35:10.205338] | Thread:20825 | [NetworkManager::fetchOperationGcl] | Stop operational GCL fetch
[2026-04-17 02:35:10.205390] | Thread:20825 | [CncServiceImpl::SetNodeSchedule] | Finished setting node schedule (with verification) for node: vstsn01
[2026-04-17 02:35:10.205498] | Thread:20832 | [NetworkManager::deployConfigToNode] | Start config deployment for node: vstsn01
[2026-04-17 02:35:10.205608] | Thread:20635 | [NetconfSession::editData] | Start edit-config with XML length: 3260
[2026-04-17 02:35:10.235893] | Thread:20635 | [NetconfSession::editData] | Finished edit-config with XML length: 3260
[2026-04-17 02:35:10.235922] | Thread:20635 | [NetconfSession::commit] | Start commit operation.
[2026-04-17 02:35:10.275844] | Thread:20635 | [NetconfSession::commit] | Finished commit operation.
[2026-04-17 02:35:10.275874] | Thread:20635 | [NetworkManager::deployConfigToNode] | Successfully deployed config for node: vstsn01
[2026-04-17 02:35:10.275974] | Thread:20832 | [CncServiceImpl::SetNodeSchedule] | Finished deploying config to node: vstsn01
[2026-04-17 02:35:10.276004] | Thread:20832 | [NetworkManager::fetchOperationGcl] | Start operational GCL fetch
[2026-04-17 02:35:10.276006] | Thread:20832 | [NetworkManager::fetchOperationGclForNode] | Start operational GCL fetch for node: vstsn01
[2026-04-17 02:35:10.276044] | Thread:20635 | [NetconfSession::getData] | Start data fetch with XPath: /ietf-interfaces:interfaces/interface/ieee802-dot1q-bridge:bridge-port/ieee802-dot1q-sched-bridge:gate-parameter-table
[2026-04-17 02:35:10.379793] | Thread:20635 | [NetconfSession::getData] | Got return for path: /ietf-interfaces:interfaces/interface/ieee802-dot1q-bridge:bridge-port/ieee802-dot1q-sched-bridge:gate-parameter-table
[2026-04-17 02:35:10.379955] | Thread:20635 | [GclParser::parseOperationalGclData] | Start operational GCL data parsing
[2026-04-17 02:35:10.380366] | Thread:20635 | [GclParser::parseOperationalGclData] | Finished operational GCL data parsing
[2026-04-17 02:35:10.380421] | Thread:20832 | [NetworkManager::fetchOperationGclForNode] | Start operational GCL fetch for node: vstsn02
[2026-04-17 02:35:10.380519] | Thread:20646 | [NetconfSession::getData] | Start data fetch with XPath: /ietf-interfaces:interfaces/interface/ieee802-dot1q-bridge:bridge-port/ieee802-dot1q-sched-bridge:gate-parameter-table
[2026-04-17 02:35:10.457344] | Thread:20646 | [NetconfSession::getData] | Got return for path: /ietf-interfaces:interfaces/interface/ieee802-dot1q-bridge:bridge-port/ieee802-dot1q-sched-bridge:gate-parameter-table
[2026-04-17 02:35:10.457493] | Thread:20646 | [GclParser::parseOperationalGclData] | Start operational GCL data parsing
[2026-04-17 02:35:10.457828] | Thread:20646 | [GclParser::parseOperationalGclData] | Finished operational GCL data parsing
[2026-04-17 02:35:10.457957] | Thread:20832 | [NetworkManager::fetchOperationGclForNode] | Start operational GCL fetch for node: vstsn03
[2026-04-17 02:35:10.458068] | Thread:20657 | [NetconfSession::getData] | Start data fetch with XPath: /ietf-interfaces:interfaces/interface/ieee802-dot1q-bridge:bridge-port/ieee802-dot1q-sched-bridge:gate-parameter-table
[2026-04-17 02:35:10.495459] | Thread:20657 | [NetconfSession::getData] | Got return for path: /ietf-interfaces:interfaces/interface/ieee802-dot1q-bridge:bridge-port/ieee802-dot1q-sched-bridge:gate-parameter-table
[2026-04-17 02:35:10.495574] | Thread:20657 | [GclParser::parseOperationalGclData] | Start operational GCL data parsing
[2026-04-17 02:35:10.495724] | Thread:20657 | [GclParser::parseOperationalGclData] | Finished operational GCL data parsing
[2026-04-17 02:35:10.495836] | Thread:20832 | [NetworkManager::fetchOperationGcl] | Stop operational GCL fetch
[2026-04-17 02:35:10.495899] | Thread:20832 | [CncServiceImpl::SetNodeSchedule] | Finished setting node schedule (with verification) for node: vstsn01
[2026-04-17 02:35:10.495970] | Thread:20833 | [NetworkManager::deployConfigToNode] | Start config deployment for node: vstsn01
[2026-04-17 02:35:10.496086] | Thread:20635 | [NetconfSession::editData] | Start edit-config with XML length: 3260
[2026-04-17 02:35:10.525865] | Thread:20635 | [NetconfSession::editData] | Finished edit-config with XML length: 3260
[2026-04-17 02:35:10.525891] | Thread:20635 | [NetconfSession::commit] | Start commit operation.
[2026-04-17 02:35:10.568002] | Thread:20635 | [NetconfSession::commit] | Finished commit operation.
[2026-04-17 02:35:10.568038] | Thread:20635 | [NetworkManager::deployConfigToNode] | Successfully deployed config for node: vstsn01
[2026-04-17 02:35:10.568093] | Thread:20833 | [CncServiceImpl::SetNodeSchedule] | Finished deploying config to node: vstsn01
[2026-04-17 02:35:10.568120] | Thread:20833 | [NetworkManager::fetchOperationGcl] | Start operational GCL fetch
[2026-04-17 02:35:10.568122] | Thread:20833 | [NetworkManager::fetchOperationGclForNode] | Start operational GCL fetch for node: vstsn01
[2026-04-17 02:35:10.568166] | Thread:20635 | [NetconfSession::getData] | Start data fetch with XPath: /ietf-interfaces:interfaces/interface/ieee802-dot1q-bridge:bridge-port/ieee802-dot1q-sched-bridge:gate-parameter-table
[2026-04-17 02:35:10.668796] | Thread:20635 | [NetconfSession::getData] | Got return for path: /ietf-interfaces:interfaces/interface/ieee802-dot1q-bridge:bridge-port/ieee802-dot1q-sched-bridge:gate-parameter-table
[2026-04-17 02:35:10.668992] | Thread:20635 | [GclParser::parseOperationalGclData] | Start operational GCL data parsing
[2026-04-17 02:35:10.669296] | Thread:20635 | [GclParser::parseOperationalGclData] | Finished operational GCL data parsing
[2026-04-17 02:35:10.669407] | Thread:20833 | [NetworkManager::fetchOperationGclForNode] | Start operational GCL fetch for node: vstsn02
[2026-04-17 02:35:10.669478] | Thread:20646 | [NetconfSession::getData] | Start data fetch with XPath: /ietf-interfaces:interfaces/interface/ieee802-dot1q-bridge:bridge-port/ieee802-dot1q-sched-bridge:gate-parameter-table
[2026-04-17 02:35:10.744896] | Thread:20646 | [NetconfSession::getData] | Got return for path: /ietf-interfaces:interfaces/interface/ieee802-dot1q-bridge:bridge-port/ieee802-dot1q-sched-bridge:gate-parameter-table
[2026-04-17 02:35:10.745068] | Thread:20646 | [GclParser::parseOperationalGclData] | Start operational GCL data parsing
[2026-04-17 02:35:10.745459] | Thread:20646 | [GclParser::parseOperationalGclData] | Finished operational GCL data parsing
[2026-04-17 02:35:10.745590] | Thread:20833 | [NetworkManager::fetchOperationGclForNode] | Start operational GCL fetch for node: vstsn03
[2026-04-17 02:35:10.745701] | Thread:20657 | [NetconfSession::getData] | Start data fetch with XPath: /ietf-interfaces:interfaces/interface/ieee802-dot1q-bridge:bridge-port/ieee802-dot1q-sched-bridge:gate-parameter-table
[2026-04-17 02:35:10.782537] | Thread:20657 | [NetconfSession::getData] | Got return for path: /ietf-interfaces:interfaces/interface/ieee802-dot1q-bridge:bridge-port/ieee802-dot1q-sched-bridge:gate-parameter-table
[2026-04-17 02:35:10.782792] | Thread:20657 | [GclParser::parseOperationalGclData] | Start operational GCL data parsing
[2026-04-17 02:35:10.783289] | Thread:20657 | [GclParser::parseOperationalGclData] | Finished operational GCL data parsing
[2026-04-17 02:35:10.783472] | Thread:20833 | [NetworkManager::fetchOperationGcl] | Stop operational GCL fetch
[2026-04-17 02:35:10.783608] | Thread:20833 | [CncServiceImpl::SetNodeSchedule] | Finished setting node schedule (with verification) for node: vstsn01
[2026-04-17 02:35:10.783753] | Thread:20835 | [NetworkManager::deployConfigToNode] | Start config deployment for node: vstsn01
[2026-04-17 02:35:10.784063] | Thread:20635 | [NetconfSession::editData] | Start edit-config with XML length: 3260
[2026-04-17 02:35:10.813291] | Thread:20635 | [NetconfSession::editData] | Finished edit-config with XML length: 3260
[2026-04-17 02:35:10.813352] | Thread:20635 | [NetconfSession::commit] | Start commit operation.
[2026-04-17 02:35:10.856428] | Thread:20635 | [NetconfSession::commit] | Finished commit operation.
[2026-04-17 02:35:10.856492] | Thread:20635 | [NetworkManager::deployConfigToNode] | Successfully deployed config for node: vstsn01
[2026-04-17 02:35:10.856629] | Thread:20835 | [CncServiceImpl::SetNodeSchedule] | Finished deploying config to node: vstsn01
[2026-04-17 02:35:10.856738] | Thread:20835 | [NetworkManager::fetchOperationGcl] | Start operational GCL fetch
[2026-04-17 02:35:10.856742] | Thread:20835 | [NetworkManager::fetchOperationGclForNode] | Start operational GCL fetch for node: vstsn01
[2026-04-17 02:35:10.856854] | Thread:20635 | [NetconfSession::getData] | Start data fetch with XPath: /ietf-interfaces:interfaces/interface/ieee802-dot1q-bridge:bridge-port/ieee802-dot1q-sched-bridge:gate-parameter-table
[2026-04-17 02:35:10.965711] | Thread:20635 | [NetconfSession::getData] | Got return for path: /ietf-interfaces:interfaces/interface/ieee802-dot1q-bridge:bridge-port/ieee802-dot1q-sched-bridge:gate-parameter-table
[2026-04-17 02:35:10.965805] | Thread:20635 | [GclParser::parseOperationalGclData] | Start operational GCL data parsing
[2026-04-17 02:35:10.966026] | Thread:20635 | [GclParser::parseOperationalGclData] | Finished operational GCL data parsing
[2026-04-17 02:35:10.966091] | Thread:20835 | [NetworkManager::fetchOperationGclForNode] | Start operational GCL fetch for node: vstsn02
[2026-04-17 02:35:10.966141] | Thread:20646 | [NetconfSession::getData] | Start data fetch with XPath: /ietf-interfaces:interfaces/interface/ieee802-dot1q-bridge:bridge-port/ieee802-dot1q-sched-bridge:gate-parameter-table
[2026-04-17 02:35:10.994651] | Thread:20903 | [CncServiceImpl::SetNodeSchedule] | Start setting node schedule for node: vstsn01
[2026-04-17 02:35:10.995405] | Thread:20825 | [CncServiceImpl::SetNodeSchedule] | Start setting node schedule for node: vstsn01
[2026-04-17 02:35:10.996579] | Thread:20914 | [CncServiceImpl::SetNodeSchedule] | Start setting node schedule for node: vstsn01
[2026-04-17 02:35:10.998574] | Thread:20915 | [CncServiceImpl::SetNodeSchedule] | Start setting node schedule for node: vstsn01
[2026-04-17 02:35:10.998948] | Thread:20917 | [CncServiceImpl::SetNodeSchedule] | Start setting node schedule for node: vstsn01
[2026-04-17 02:35:11.000313] | Thread:20919 | [CncServiceImpl::SetNodeSchedule] | Start setting node schedule for node: vstsn01
[2026-04-17 02:35:11.001584] | Thread:20921 | [CncServiceImpl::SetNodeSchedule] | Start setting node schedule for node: vstsn01
[2026-04-17 02:35:11.003934] | Thread:20923 | [CncServiceImpl::SetNodeSchedule] | Start setting node schedule for node: vstsn01
[2026-04-17 02:35:11.004945] | Thread:20925 | [CncServiceImpl::SetNodeSchedule] | Start setting node schedule for node: vstsn01
[2026-04-17 02:35:11.006824] | Thread:20927 | [CncServiceImpl::SetNodeSchedule] | Start setting node schedule for node: vstsn01
[2026-04-17 02:35:11.008528] | Thread:20929 | [CncServiceImpl::SetNodeSchedule] | Start setting node schedule for node: vstsn01
[2026-04-17 02:35:11.009015] | Thread:20931 | [CncServiceImpl::SetNodeSchedule] | Start setting node schedule for node: vstsn01
[2026-04-17 02:35:11.040846] | Thread:20646 | [NetconfSession::getData] | Got return for path: /ietf-interfaces:interfaces/interface/ieee802-dot1q-bridge:bridge-port/ieee802-dot1q-sched-bridge:gate-parameter-table
[2026-04-17 02:35:11.040978] | Thread:20646 | [GclParser::parseOperationalGclData] | Start operational GCL data parsing
[2026-04-17 02:35:11.041259] | Thread:20646 | [GclParser::parseOperationalGclData] | Finished operational GCL data parsing
[2026-04-17 02:35:11.041463] | Thread:20835 | [NetworkManager::fetchOperationGclForNode] | Start operational GCL fetch for node: vstsn03
[2026-04-17 02:35:11.041551] | Thread:20657 | [NetconfSession::getData] | Start data fetch with XPath: /ietf-interfaces:interfaces/interface/ieee802-dot1q-bridge:bridge-port/ieee802-dot1q-sched-bridge:gate-parameter-table
[2026-04-17 02:35:11.079380] | Thread:20657 | [NetconfSession::getData] | Got return for path: /ietf-interfaces:interfaces/interface/ieee802-dot1q-bridge:bridge-port/ieee802-dot1q-sched-bridge:gate-parameter-table
[2026-04-17 02:35:11.079648] | Thread:20657 | [GclParser::parseOperationalGclData] | Start operational GCL data parsing
[2026-04-17 02:35:11.080034] | Thread:20657 | [GclParser::parseOperationalGclData] | Finished operational GCL data parsing
[2026-04-17 02:35:11.080230] | Thread:20835 | [NetworkManager::fetchOperationGcl] | Stop operational GCL fetch
[2026-04-17 02:35:11.080320] | Thread:20835 | [CncServiceImpl::SetNodeSchedule] | Finished setting node schedule (with verification) for node: vstsn01
[2026-04-17 02:35:11.080426] | Thread:20836 | [NetworkManager::deployConfigToNode] | Start config deployment for node: vstsn01
[2026-04-17 02:35:11.080726] | Thread:20635 | [NetconfSession::editData] | Start edit-config with XML length: 3260
[2026-04-17 02:35:11.110972] | Thread:20635 | [NetconfSession::editData] | Finished edit-config with XML length: 3260
[2026-04-17 02:35:11.111021] | Thread:20635 | [NetconfSession::commit] | Start commit operation.
[2026-04-17 02:35:11.153252] | Thread:20635 | [NetconfSession::commit] | Finished commit operation.
[2026-04-17 02:35:11.153278] | Thread:20635 | [NetworkManager::deployConfigToNode] | Successfully deployed config for node: vstsn01
[2026-04-17 02:35:11.153321] | Thread:20836 | [CncServiceImpl::SetNodeSchedule] | Finished deploying config to node: vstsn01
[2026-04-17 02:35:11.153357] | Thread:20836 | [NetworkManager::fetchOperationGcl] | Start operational GCL fetch
[2026-04-17 02:35:11.153404] | Thread:20836 | [NetworkManager::fetchOperationGclForNode] | Start operational GCL fetch for node: vstsn01
[2026-04-17 02:35:11.153455] | Thread:20635 | [NetconfSession::getData] | Start data fetch with XPath: /ietf-interfaces:interfaces/interface/ieee802-dot1q-bridge:bridge-port/ieee802-dot1q-sched-bridge:gate-parameter-table
[2026-04-17 02:35:11.307992] | Thread:20635 | [NetconfSession::getData] | Got return for path: /ietf-interfaces:interfaces/interface/ieee802-dot1q-bridge:bridge-port/ieee802-dot1q-sched-bridge:gate-parameter-table
[2026-04-17 02:35:11.308135] | Thread:20635 | [GclParser::parseOperationalGclData] | Start operational GCL data parsing
[2026-04-17 02:35:11.308373] | Thread:20635 | [GclParser::parseOperationalGclData] | Finished operational GCL data parsing
[2026-04-17 02:35:11.308524] | Thread:20836 | [NetworkManager::fetchOperationGclForNode] | Start operational GCL fetch for node: vstsn02
[2026-04-17 02:35:11.308574] | Thread:20646 | [NetconfSession::getData] | Start data fetch with XPath: /ietf-interfaces:interfaces/interface/ieee802-dot1q-bridge:bridge-port/ieee802-dot1q-sched-bridge:gate-parameter-table
[2026-04-17 02:35:11.402136] | Thread:20646 | [NetconfSession::getData] | Got return for path: /ietf-interfaces:interfaces/interface/ieee802-dot1q-bridge:bridge-port/ieee802-dot1q-sched-bridge:gate-parameter-table
[2026-04-17 02:35:11.402293] | Thread:20646 | [GclParser::parseOperationalGclData] | Start operational GCL data parsing
[2026-04-17 02:35:11.402701] | Thread:20646 | [GclParser::parseOperationalGclData] | Finished operational GCL data parsing
[2026-04-17 02:35:11.402865] | Thread:20836 | [NetworkManager::fetchOperationGclForNode] | Start operational GCL fetch for node: vstsn03
[2026-04-17 02:35:11.402926] | Thread:20657 | [NetconfSession::getData] | Start data fetch with XPath: /ietf-interfaces:interfaces/interface/ieee802-dot1q-bridge:bridge-port/ieee802-dot1q-sched-bridge:gate-parameter-table
[2026-04-17 02:35:11.445167] | Thread:20657 | [NetconfSession::getData] | Got return for path: /ietf-interfaces:interfaces/interface/ieee802-dot1q-bridge:bridge-port/ieee802-dot1q-sched-bridge:gate-parameter-table
[2026-04-17 02:35:11.445277] | Thread:20657 | [GclParser::parseOperationalGclData] | Start operational GCL data parsing
[2026-04-17 02:35:11.445443] | Thread:20657 | [GclParser::parseOperationalGclData] | Finished operational GCL data parsing
[2026-04-17 02:35:11.445513] | Thread:20836 | [NetworkManager::fetchOperationGcl] | Stop operational GCL fetch
[2026-04-17 02:35:11.445584] | Thread:20836 | [CncServiceImpl::SetNodeSchedule] | Finished setting node schedule (with verification) for node: vstsn01
[2026-04-17 02:35:11.445638] | Thread:20838 | [NetworkManager::deployConfigToNode] | Start config deployment for node: vstsn01
[2026-04-17 02:35:11.445788] | Thread:20635 | [NetconfSession::editData] | Start edit-config with XML length: 3260
[2026-04-17 02:35:11.474148] | Thread:20635 | [NetconfSession::editData] | Finished edit-config with XML length: 3260
[2026-04-17 02:35:11.474213] | Thread:20635 | [NetconfSession::commit] | Start commit operation.
[2026-04-17 02:35:11.515046] | Thread:20635 | [NetconfSession::commit] | Finished commit operation.
[2026-04-17 02:35:11.515075] | Thread:20635 | [NetworkManager::deployConfigToNode] | Successfully deployed config for node: vstsn01
[2026-04-17 02:35:11.515126] | Thread:20838 | [CncServiceImpl::SetNodeSchedule] | Finished deploying config to node: vstsn01
[2026-04-17 02:35:11.515170] | Thread:20838 | [NetworkManager::fetchOperationGcl] | Start operational GCL fetch
[2026-04-17 02:35:11.515172] | Thread:20838 | [NetworkManager::fetchOperationGclForNode] | Start operational GCL fetch for node: vstsn01
[2026-04-17 02:35:11.515217] | Thread:20635 | [NetconfSession::getData] | Start data fetch with XPath: /ietf-interfaces:interfaces/interface/ieee802-dot1q-bridge:bridge-port/ieee802-dot1q-sched-bridge:gate-parameter-table
[2026-04-17 02:35:11.617204] | Thread:20635 | [NetconfSession::getData] | Got return for path: /ietf-interfaces:interfaces/interface/ieee802-dot1q-bridge:bridge-port/ieee802-dot1q-sched-bridge:gate-parameter-table
[2026-04-17 02:35:11.617326] | Thread:20635 | [GclParser::parseOperationalGclData] | Start operational GCL data parsing
[2026-04-17 02:35:11.617588] | Thread:20635 | [GclParser::parseOperationalGclData] | Finished operational GCL data parsing
[2026-04-17 02:35:11.617729] | Thread:20838 | [NetworkManager::fetchOperationGclForNode] | Start operational GCL fetch for node: vstsn02
[2026-04-17 02:35:11.617830] | Thread:20646 | [NetconfSession::getData] | Start data fetch with XPath: /ietf-interfaces:interfaces/interface/ieee802-dot1q-bridge:bridge-port/ieee802-dot1q-sched-bridge:gate-parameter-table
[2026-04-17 02:35:11.703729] | Thread:20646 | [NetconfSession::getData] | Got return for path: /ietf-interfaces:interfaces/interface/ieee802-dot1q-bridge:bridge-port/ieee802-dot1q-sched-bridge:gate-parameter-table
[2026-04-17 02:35:11.703900] | Thread:20646 | [GclParser::parseOperationalGclData] | Start operational GCL data parsing
[2026-04-17 02:35:11.704401] | Thread:20646 | [GclParser::parseOperationalGclData] | Finished operational GCL data parsing
[2026-04-17 02:35:11.704553] | Thread:20838 | [NetworkManager::fetchOperationGclForNode] | Start operational GCL fetch for node: vstsn03
[2026-04-17 02:35:11.704598] | Thread:20657 | [NetconfSession::getData] | Start data fetch with XPath: /ietf-interfaces:interfaces/interface/ieee802-dot1q-bridge:bridge-port/ieee802-dot1q-sched-bridge:gate-parameter-table
[2026-04-17 02:35:11.747523] | Thread:20657 | [NetconfSession::getData] | Got return for path: /ietf-interfaces:interfaces/interface/ieee802-dot1q-bridge:bridge-port/ieee802-dot1q-sched-bridge:gate-parameter-table
[2026-04-17 02:35:11.747672] | Thread:20657 | [GclParser::parseOperationalGclData] | Start operational GCL data parsing
[2026-04-17 02:35:11.747894] | Thread:20657 | [GclParser::parseOperationalGclData] | Finished operational GCL data parsing
[2026-04-17 02:35:11.748001] | Thread:20838 | [NetworkManager::fetchOperationGcl] | Stop operational GCL fetch
[2026-04-17 02:35:11.748049] | Thread:20838 | [CncServiceImpl::SetNodeSchedule] | Finished setting node schedule (with verification) for node: vstsn01
[2026-04-17 02:35:11.748095] | Thread:20839 | [NetworkManager::deployConfigToNode] | Start config deployment for node: vstsn01
[2026-04-17 02:35:11.748210] | Thread:20635 | [NetconfSession::editData] | Start edit-config with XML length: 3260
[2026-04-17 02:35:11.782131] | Thread:20635 | [NetconfSession::editData] | Finished edit-config with XML length: 3260
[2026-04-17 02:35:11.782165] | Thread:20635 | [NetconfSession::commit] | Start commit operation.
[2026-04-17 02:35:11.825327] | Thread:20635 | [NetconfSession::commit] | Finished commit operation.
[2026-04-17 02:35:11.825356] | Thread:20635 | [NetworkManager::deployConfigToNode] | Successfully deployed config for node: vstsn01
[2026-04-17 02:35:11.825421] | Thread:20839 | [CncServiceImpl::SetNodeSchedule] | Finished deploying config to node: vstsn01
[2026-04-17 02:35:11.825479] | Thread:20839 | [NetworkManager::fetchOperationGcl] | Start operational GCL fetch
[2026-04-17 02:35:11.825482] | Thread:20839 | [NetworkManager::fetchOperationGclForNode] | Start operational GCL fetch for node: vstsn01
[2026-04-17 02:35:11.825530] | Thread:20635 | [NetconfSession::getData] | Start data fetch with XPath: /ietf-interfaces:interfaces/interface/ieee802-dot1q-bridge:bridge-port/ieee802-dot1q-sched-bridge:gate-parameter-table
[2026-04-17 02:35:11.928567] | Thread:20635 | [NetconfSession::getData] | Got return for path: /ietf-interfaces:interfaces/interface/ieee802-dot1q-bridge:bridge-port/ieee802-dot1q-sched-bridge:gate-parameter-table
[2026-04-17 02:35:11.928681] | Thread:20635 | [GclParser::parseOperationalGclData] | Start operational GCL data parsing
[2026-04-17 02:35:11.928936] | Thread:20635 | [GclParser::parseOperationalGclData] | Finished operational GCL data parsing
[2026-04-17 02:35:11.929046] | Thread:20839 | [NetworkManager::fetchOperationGclForNode] | Start operational GCL fetch for node: vstsn02
[2026-04-17 02:35:11.929128] | Thread:20646 | [NetconfSession::getData] | Start data fetch with XPath: /ietf-interfaces:interfaces/interface/ieee802-dot1q-bridge:bridge-port/ieee802-dot1q-sched-bridge:gate-parameter-table
[2026-04-17 02:35:12.005528] | Thread:20646 | [NetconfSession::getData] | Got return for path: /ietf-interfaces:interfaces/interface/ieee802-dot1q-bridge:bridge-port/ieee802-dot1q-sched-bridge:gate-parameter-table
[2026-04-17 02:35:12.005675] | Thread:20646 | [GclParser::parseOperationalGclData] | Start operational GCL data parsing
[2026-04-17 02:35:12.005993] | Thread:20646 | [GclParser::parseOperationalGclData] | Finished operational GCL data parsing
[2026-04-17 02:35:12.006072] | Thread:20839 | [NetworkManager::fetchOperationGclForNode] | Start operational GCL fetch for node: vstsn03
[2026-04-17 02:35:12.006106] | Thread:20657 | [NetconfSession::getData] | Start data fetch with XPath: /ietf-interfaces:interfaces/interface/ieee802-dot1q-bridge:bridge-port/ieee802-dot1q-sched-bridge:gate-parameter-table
[2026-04-17 02:35:12.011078] | Thread:20932 | [CncServiceImpl::SetNodeSchedule] | Start setting node schedule for node: vstsn01
[2026-04-17 02:35:12.011635] | Thread:20835 | [CncServiceImpl::SetNodeSchedule] | Start setting node schedule for node: vstsn01
[2026-04-17 02:35:12.012224] | Thread:20937 | [CncServiceImpl::SetNodeSchedule] | Start setting node schedule for node: vstsn01
[2026-04-17 02:35:12.012655] | Thread:20938 | [CncServiceImpl::SetNodeSchedule] | Start setting node schedule for node: vstsn01
[2026-04-17 02:35:12.013642] | Thread:20940 | [CncServiceImpl::SetNodeSchedule] | Start setting node schedule for node: vstsn01
[2026-04-17 02:35:12.014181] | Thread:20942 | [CncServiceImpl::SetNodeSchedule] | Start setting node schedule for node: vstsn01
[2026-04-17 02:35:12.014900] | Thread:20944 | [CncServiceImpl::SetNodeSchedule] | Start setting node schedule for node: vstsn01
[2026-04-17 02:35:12.017353] | Thread:20946 | [CncServiceImpl::SetNodeSchedule] | Start setting node schedule for node: vstsn01
[2026-04-17 02:35:12.019571] | Thread:20948 | [CncServiceImpl::SetNodeSchedule] | Start setting node schedule for node: vstsn01
[2026-04-17 02:35:12.019736] | Thread:20950 | [CncServiceImpl::SetNodeSchedule] | Start setting node schedule for node: vstsn01
[2026-04-17 02:35:12.021085] | Thread:20952 | [CncServiceImpl::SetNodeSchedule] | Start setting node schedule for node: vstsn01
[2026-04-17 02:35:12.022052] | Thread:20954 | [CncServiceImpl::SetNodeSchedule] | Start setting node schedule for node: vstsn01
[2026-04-17 02:35:12.023446] | Thread:20956 | [CncServiceImpl::SetNodeSchedule] | Start setting node schedule for node: vstsn01
[2026-04-17 02:35:12.041371] | Thread:20657 | [NetconfSession::getData] | Got return for path: /ietf-interfaces:interfaces/interface/ieee802-dot1q-bridge:bridge-port/ieee802-dot1q-sched-bridge:gate-parameter-table
[2026-04-17 02:35:12.041487] | Thread:20657 | [GclParser::parseOperationalGclData] | Start operational GCL data parsing
[2026-04-17 02:35:12.041662] | Thread:20657 | [GclParser::parseOperationalGclData] | Finished operational GCL data parsing
[2026-04-17 02:35:12.041720] | Thread:20839 | [NetworkManager::fetchOperationGcl] | Stop operational GCL fetch
[2026-04-17 02:35:12.041760] | Thread:20839 | [CncServiceImpl::SetNodeSchedule] | Finished setting node schedule (with verification) for node: vstsn01
[2026-04-17 02:35:12.041813] | Thread:20808 | [NetworkManager::deployConfigToNode] | Start config deployment for node: vstsn01
[2026-04-17 02:35:12.041967] | Thread:20635 | [NetconfSession::editData] | Start edit-config with XML length: 3260
[2026-04-17 02:35:12.070926] | Thread:20635 | [NetconfSession::editData] | Finished edit-config with XML length: 3260
[2026-04-17 02:35:12.070952] | Thread:20635 | [NetconfSession::commit] | Start commit operation.
[2026-04-17 02:35:12.114385] | Thread:20635 | [NetconfSession::commit] | Finished commit operation.
[2026-04-17 02:35:12.114437] | Thread:20635 | [NetworkManager::deployConfigToNode] | Successfully deployed config for node: vstsn01
[2026-04-17 02:35:12.114586] | Thread:20808 | [CncServiceImpl::SetNodeSchedule] | Finished deploying config to node: vstsn01
[2026-04-17 02:35:12.114660] | Thread:20808 | [NetworkManager::fetchOperationGcl] | Start operational GCL fetch
[2026-04-17 02:35:12.114664] | Thread:20808 | [NetworkManager::fetchOperationGclForNode] | Start operational GCL fetch for node: vstsn01
[2026-04-17 02:35:12.114751] | Thread:20635 | [NetconfSession::getData] | Start data fetch with XPath: /ietf-interfaces:interfaces/interface/ieee802-dot1q-bridge:bridge-port/ieee802-dot1q-sched-bridge:gate-parameter-table
[2026-04-17 02:35:12.233249] | Thread:20635 | [NetconfSession::getData] | Got return for path: /ietf-interfaces:interfaces/interface/ieee802-dot1q-bridge:bridge-port/ieee802-dot1q-sched-bridge:gate-parameter-table
[2026-04-17 02:35:12.233710] | Thread:20635 | [GclParser::parseOperationalGclData] | Start operational GCL data parsing
[2026-04-17 02:35:12.234520] | Thread:20635 | [GclParser::parseOperationalGclData] | Finished operational GCL data parsing
[2026-04-17 02:35:12.234731] | Thread:20808 | [NetworkManager::fetchOperationGclForNode] | Start operational GCL fetch for node: vstsn02
[2026-04-17 02:35:12.234917] | Thread:20646 | [NetconfSession::getData] | Start data fetch with XPath: /ietf-interfaces:interfaces/interface/ieee802-dot1q-bridge:bridge-port/ieee802-dot1q-sched-bridge:gate-parameter-table
[2026-04-17 02:35:12.315201] | Thread:20646 | [NetconfSession::getData] | Got return for path: /ietf-interfaces:interfaces/interface/ieee802-dot1q-bridge:bridge-port/ieee802-dot1q-sched-bridge:gate-parameter-table
[2026-04-17 02:35:12.315835] | Thread:20646 | [GclParser::parseOperationalGclData] | Start operational GCL data parsing
[2026-04-17 02:35:12.317048] | Thread:20646 | [GclParser::parseOperationalGclData] | Finished operational GCL data parsing
[2026-04-17 02:35:12.317294] | Thread:20808 | [NetworkManager::fetchOperationGclForNode] | Start operational GCL fetch for node: vstsn03
[2026-04-17 02:35:12.317414] | Thread:20657 | [NetconfSession::getData] | Start data fetch with XPath: /ietf-interfaces:interfaces/interface/ieee802-dot1q-bridge:bridge-port/ieee802-dot1q-sched-bridge:gate-parameter-table
[2026-04-17 02:35:12.358372] | Thread:20657 | [NetconfSession::getData] | Got return for path: /ietf-interfaces:interfaces/interface/ieee802-dot1q-bridge:bridge-port/ieee802-dot1q-sched-bridge:gate-parameter-table
[2026-04-17 02:35:12.358490] | Thread:20657 | [GclParser::parseOperationalGclData] | Start operational GCL data parsing
[2026-04-17 02:35:12.358669] | Thread:20657 | [GclParser::parseOperationalGclData] | Finished operational GCL data parsing
[2026-04-17 02:35:12.358759] | Thread:20808 | [NetworkManager::fetchOperationGcl] | Stop operational GCL fetch
[2026-04-17 02:35:12.358823] | Thread:20808 | [CncServiceImpl::SetNodeSchedule] | Finished setting node schedule (with verification) for node: vstsn01
[2026-04-17 02:35:12.358878] | Thread:20841 | [NetworkManager::deployConfigToNode] | Start config deployment for node: vstsn01
[2026-04-17 02:35:12.359069] | Thread:20635 | [NetconfSession::editData] | Start edit-config with XML length: 3260
[2026-04-17 02:35:12.396165] | Thread:20635 | [NetconfSession::editData] | Finished edit-config with XML length: 3260
[2026-04-17 02:35:12.396227] | Thread:20635 | [NetconfSession::commit] | Start commit operation.
[2026-04-17 02:35:12.436038] | Thread:20635 | [NetconfSession::commit] | Finished commit operation.
[2026-04-17 02:35:12.436064] | Thread:20635 | [NetworkManager::deployConfigToNode] | Successfully deployed config for node: vstsn01
[2026-04-17 02:35:12.436140] | Thread:20841 | [CncServiceImpl::SetNodeSchedule] | Finished deploying config to node: vstsn01
[2026-04-17 02:35:12.436181] | Thread:20841 | [NetworkManager::fetchOperationGcl] | Start operational GCL fetch
[2026-04-17 02:35:12.436197] | Thread:20841 | [NetworkManager::fetchOperationGclForNode] | Start operational GCL fetch for node: vstsn01
[2026-04-17 02:35:12.436230] | Thread:20635 | [NetconfSession::getData] | Start data fetch with XPath: /ietf-interfaces:interfaces/interface/ieee802-dot1q-bridge:bridge-port/ieee802-dot1q-sched-bridge:gate-parameter-table
[2026-04-17 02:35:12.542226] | Thread:20635 | [NetconfSession::getData] | Got return for path: /ietf-interfaces:interfaces/interface/ieee802-dot1q-bridge:bridge-port/ieee802-dot1q-sched-bridge:gate-parameter-table
[2026-04-17 02:35:12.542357] | Thread:20635 | [GclParser::parseOperationalGclData] | Start operational GCL data parsing
[2026-04-17 02:35:12.542601] | Thread:20635 | [GclParser::parseOperationalGclData] | Finished operational GCL data parsing
[2026-04-17 02:35:12.542714] | Thread:20841 | [NetworkManager::fetchOperationGclForNode] | Start operational GCL fetch for node: vstsn02
[2026-04-17 02:35:12.542813] | Thread:20646 | [NetconfSession::getData] | Start data fetch with XPath: /ietf-interfaces:interfaces/interface/ieee802-dot1q-bridge:bridge-port/ieee802-dot1q-sched-bridge:gate-parameter-table
[2026-04-17 02:35:12.615742] | Thread:20646 | [NetconfSession::getData] | Got return for path: /ietf-interfaces:interfaces/interface/ieee802-dot1q-bridge:bridge-port/ieee802-dot1q-sched-bridge:gate-parameter-table
[2026-04-17 02:35:12.615964] | Thread:20646 | [GclParser::parseOperationalGclData] | Start operational GCL data parsing
[2026-04-17 02:35:12.616478] | Thread:20646 | [GclParser::parseOperationalGclData] | Finished operational GCL data parsing
[2026-04-17 02:35:12.616592] | Thread:20841 | [NetworkManager::fetchOperationGclForNode] | Start operational GCL fetch for node: vstsn03
[2026-04-17 02:35:12.616657] | Thread:20657 | [NetconfSession::getData] | Start data fetch with XPath: /ietf-interfaces:interfaces/interface/ieee802-dot1q-bridge:bridge-port/ieee802-dot1q-sched-bridge:gate-parameter-table
[2026-04-17 02:35:12.653768] | Thread:20657 | [NetconfSession::getData] | Got return for path: /ietf-interfaces:interfaces/interface/ieee802-dot1q-bridge:bridge-port/ieee802-dot1q-sched-bridge:gate-parameter-table
[2026-04-17 02:35:12.653922] | Thread:20657 | [GclParser::parseOperationalGclData] | Start operational GCL data parsing
[2026-04-17 02:35:12.654147] | Thread:20657 | [GclParser::parseOperationalGclData] | Finished operational GCL data parsing
[2026-04-17 02:35:12.654252] | Thread:20841 | [NetworkManager::fetchOperationGcl] | Stop operational GCL fetch
[2026-04-17 02:35:12.654340] | Thread:20841 | [CncServiceImpl::SetNodeSchedule] | Finished setting node schedule (with verification) for node: vstsn01
[2026-04-17 02:35:12.654385] | Thread:20855 | [NetworkManager::deployConfigToNode] | Start config deployment for node: vstsn01
[2026-04-17 02:35:12.654491] | Thread:20635 | [NetconfSession::editData] | Start edit-config with XML length: 3260
[2026-04-17 02:35:12.684469] | Thread:20635 | [NetconfSession::editData] | Finished edit-config with XML length: 3260
[2026-04-17 02:35:12.684497] | Thread:20635 | [NetconfSession::commit] | Start commit operation.
[2026-04-17 02:35:12.728933] | Thread:20635 | [NetconfSession::commit] | Finished commit operation.
[2026-04-17 02:35:12.728965] | Thread:20635 | [NetworkManager::deployConfigToNode] | Successfully deployed config for node: vstsn01
[2026-04-17 02:35:12.729025] | Thread:20855 | [CncServiceImpl::SetNodeSchedule] | Finished deploying config to node: vstsn01
[2026-04-17 02:35:12.729095] | Thread:20855 | [NetworkManager::fetchOperationGcl] | Start operational GCL fetch
[2026-04-17 02:35:12.729097] | Thread:20855 | [NetworkManager::fetchOperationGclForNode] | Start operational GCL fetch for node: vstsn01
[2026-04-17 02:35:12.729207] | Thread:20635 | [NetconfSession::getData] | Start data fetch with XPath: /ietf-interfaces:interfaces/interface/ieee802-dot1q-bridge:bridge-port/ieee802-dot1q-sched-bridge:gate-parameter-table
[2026-04-17 02:35:12.835173] | Thread:20635 | [NetconfSession::getData] | Got return for path: /ietf-interfaces:interfaces/interface/ieee802-dot1q-bridge:bridge-port/ieee802-dot1q-sched-bridge:gate-parameter-table
[2026-04-17 02:35:12.835288] | Thread:20635 | [GclParser::parseOperationalGclData] | Start operational GCL data parsing
[2026-04-17 02:35:12.835510] | Thread:20635 | [GclParser::parseOperationalGclData] | Finished operational GCL data parsing
[2026-04-17 02:35:12.835607] | Thread:20855 | [NetworkManager::fetchOperationGclForNode] | Start operational GCL fetch for node: vstsn02
[2026-04-17 02:35:12.835720] | Thread:20646 | [NetconfSession::getData] | Start data fetch with XPath: /ietf-interfaces:interfaces/interface/ieee802-dot1q-bridge:bridge-port/ieee802-dot1q-sched-bridge:gate-parameter-table
[2026-04-17 02:35:12.938782] | Thread:20646 | [NetconfSession::getData] | Got return for path: /ietf-interfaces:interfaces/interface/ieee802-dot1q-bridge:bridge-port/ieee802-dot1q-sched-bridge:gate-parameter-table
[2026-04-17 02:35:12.938931] | Thread:20646 | [GclParser::parseOperationalGclData] | Start operational GCL data parsing
[2026-04-17 02:35:12.939306] | Thread:20646 | [GclParser::parseOperationalGclData] | Finished operational GCL data parsing
[2026-04-17 02:35:12.939429] | Thread:20855 | [NetworkManager::fetchOperationGclForNode] | Start operational GCL fetch for node: vstsn03
[2026-04-17 02:35:12.939479] | Thread:20657 | [NetconfSession::getData] | Start data fetch with XPath: /ietf-interfaces:interfaces/interface/ieee802-dot1q-bridge:bridge-port/ieee802-dot1q-sched-bridge:gate-parameter-table
[2026-04-17 02:35:12.977169] | Thread:20657 | [NetconfSession::getData] | Got return for path: /ietf-interfaces:interfaces/interface/ieee802-dot1q-bridge:bridge-port/ieee802-dot1q-sched-bridge:gate-parameter-table
[2026-04-17 02:35:12.977456] | Thread:20657 | [GclParser::parseOperationalGclData] | Start operational GCL data parsing
[2026-04-17 02:35:12.977953] | Thread:20657 | [GclParser::parseOperationalGclData] | Finished operational GCL data parsing
[2026-04-17 02:35:12.978270] | Thread:20855 | [NetworkManager::fetchOperationGcl] | Stop operational GCL fetch
[2026-04-17 02:35:12.978363] | Thread:20855 | [CncServiceImpl::SetNodeSchedule] | Finished setting node schedule (with verification) for node: vstsn01
[2026-04-17 02:35:12.978483] | Thread:20857 | [NetworkManager::deployConfigToNode] | Start config deployment for node: vstsn01
[2026-04-17 02:35:12.978754] | Thread:20635 | [NetconfSession::editData] | Start edit-config with XML length: 3260
[2026-04-17 02:35:13.011331] | Thread:20635 | [NetconfSession::editData] | Finished edit-config with XML length: 3260
[2026-04-17 02:35:13.011377] | Thread:20635 | [NetconfSession::commit] | Start commit operation.
[2026-04-17 02:35:13.025890] | Thread:20839 | [CncServiceImpl::SetNodeSchedule] | Start setting node schedule for node: vstsn01
[2026-04-17 02:35:13.027579] | Thread:20957 | [CncServiceImpl::SetNodeSchedule] | Start setting node schedule for node: vstsn01
[2026-04-17 02:35:13.028765] | Thread:20968 | [CncServiceImpl::SetNodeSchedule] | Start setting node schedule for node: vstsn01
[2026-04-17 02:35:13.029699] | Thread:20969 | [CncServiceImpl::SetNodeSchedule] | Start setting node schedule for node: vstsn01
[2026-04-17 02:35:13.031399] | Thread:20971 | [CncServiceImpl::SetNodeSchedule] | Start setting node schedule for node: vstsn01
[2026-04-17 02:35:13.033903] | Thread:20972 | [CncServiceImpl::SetNodeSchedule] | Start setting node schedule for node: vstsn01
[2026-04-17 02:35:13.036259] | Thread:20974 | [CncServiceImpl::SetNodeSchedule] | Start setting node schedule for node: vstsn01
[2026-04-17 02:35:13.036402] | Thread:20976 | [CncServiceImpl::SetNodeSchedule] | Start setting node schedule for node: vstsn01
[2026-04-17 02:35:13.037785] | Thread:20978 | [CncServiceImpl::SetNodeSchedule] | Start setting node schedule for node: vstsn01
[2026-04-17 02:35:13.039001] | Thread:20980 | [CncServiceImpl::SetNodeSchedule] | Start setting node schedule for node: vstsn01
[2026-04-17 02:35:13.040111] | Thread:20982 | [CncServiceImpl::SetNodeSchedule] | Start setting node schedule for node: vstsn01
[2026-04-17 02:35:13.041460] | Thread:20983 | [CncServiceImpl::SetNodeSchedule] | Start setting node schedule for node: vstsn01
[2026-04-17 02:35:13.043936] | Thread:20986 | [CncServiceImpl::SetNodeSchedule] | Start setting node schedule for node: vstsn01
[2026-04-17 02:35:13.045313] | Thread:20988 | [CncServiceImpl::SetNodeSchedule] | Start setting node schedule for node: vstsn01
[2026-04-17 02:35:13.064329] | Thread:20635 | [NetconfSession::commit] | Finished commit operation.
[2026-04-17 02:35:13.064358] | Thread:20635 | [NetworkManager::deployConfigToNode] | Successfully deployed config for node: vstsn01
[2026-04-17 02:35:13.064415] | Thread:20857 | [CncServiceImpl::SetNodeSchedule] | Finished deploying config to node: vstsn01
[2026-04-17 02:35:13.064450] | Thread:20857 | [NetworkManager::fetchOperationGcl] | Start operational GCL fetch
[2026-04-17 02:35:13.064452] | Thread:20857 | [NetworkManager::fetchOperationGclForNode] | Start operational GCL fetch for node: vstsn01
[2026-04-17 02:35:13.064494] | Thread:20635 | [NetconfSession::getData] | Start data fetch with XPath: /ietf-interfaces:interfaces/interface/ieee802-dot1q-bridge:bridge-port/ieee802-dot1q-sched-bridge:gate-parameter-table
[2026-04-17 02:35:13.170559] | Thread:20635 | [NetconfSession::getData] | Got return for path: /ietf-interfaces:interfaces/interface/ieee802-dot1q-bridge:bridge-port/ieee802-dot1q-sched-bridge:gate-parameter-table
[2026-04-17 02:35:13.170731] | Thread:20635 | [GclParser::parseOperationalGclData] | Start operational GCL data parsing
[2026-04-17 02:35:13.171032] | Thread:20635 | [GclParser::parseOperationalGclData] | Finished operational GCL data parsing
[2026-04-17 02:35:13.171175] | Thread:20857 | [NetworkManager::fetchOperationGclForNode] | Start operational GCL fetch for node: vstsn02
[2026-04-17 02:35:13.171302] | Thread:20646 | [NetconfSession::getData] | Start data fetch with XPath: /ietf-interfaces:interfaces/interface/ieee802-dot1q-bridge:bridge-port/ieee802-dot1q-sched-bridge:gate-parameter-table
[2026-04-17 02:35:13.254533] | Thread:20646 | [NetconfSession::getData] | Got return for path: /ietf-interfaces:interfaces/interface/ieee802-dot1q-bridge:bridge-port/ieee802-dot1q-sched-bridge:gate-parameter-table
[2026-04-17 02:35:13.254682] | Thread:20646 | [GclParser::parseOperationalGclData] | Start operational GCL data parsing
[2026-04-17 02:35:13.255001] | Thread:20646 | [GclParser::parseOperationalGclData] | Finished operational GCL data parsing
[2026-04-17 02:35:13.255123] | Thread:20857 | [NetworkManager::fetchOperationGclForNode] | Start operational GCL fetch for node: vstsn03
[2026-04-17 02:35:13.255155] | Thread:20657 | [NetconfSession::getData] | Start data fetch with XPath: /ietf-interfaces:interfaces/interface/ieee802-dot1q-bridge:bridge-port/ieee802-dot1q-sched-bridge:gate-parameter-table
[2026-04-17 02:35:13.300849] | Thread:20657 | [NetconfSession::getData] | Got return for path: /ietf-interfaces:interfaces/interface/ieee802-dot1q-bridge:bridge-port/ieee802-dot1q-sched-bridge:gate-parameter-table
[2026-04-17 02:35:13.301013] | Thread:20657 | [GclParser::parseOperationalGclData] | Start operational GCL data parsing
[2026-04-17 02:35:13.301237] | Thread:20657 | [GclParser::parseOperationalGclData] | Finished operational GCL data parsing
[2026-04-17 02:35:13.301374] | Thread:20857 | [NetworkManager::fetchOperationGcl] | Stop operational GCL fetch
[2026-04-17 02:35:13.301424] | Thread:20857 | [CncServiceImpl::SetNodeSchedule] | Finished setting node schedule (with verification) for node: vstsn01
[2026-04-17 02:35:13.301554] | Thread:20858 | [NetworkManager::deployConfigToNode] | Start config deployment for node: vstsn01
[2026-04-17 02:35:13.301699] | Thread:20635 | [NetconfSession::editData] | Start edit-config with XML length: 3260
[2026-04-17 02:35:13.336208] | Thread:20635 | [NetconfSession::editData] | Finished edit-config with XML length: 3260
[2026-04-17 02:35:13.336229] | Thread:20635 | [NetconfSession::commit] | Start commit operation.
[2026-04-17 02:35:13.378139] | Thread:20635 | [NetconfSession::commit] | Finished commit operation.
[2026-04-17 02:35:13.378174] | Thread:20635 | [NetworkManager::deployConfigToNode] | Successfully deployed config for node: vstsn01
[2026-04-17 02:35:13.378305] | Thread:20858 | [CncServiceImpl::SetNodeSchedule] | Finished deploying config to node: vstsn01
[2026-04-17 02:35:13.378367] | Thread:20858 | [NetworkManager::fetchOperationGcl] | Start operational GCL fetch
[2026-04-17 02:35:13.378369] | Thread:20858 | [NetworkManager::fetchOperationGclForNode] | Start operational GCL fetch for node: vstsn01
[2026-04-17 02:35:13.378441] | Thread:20635 | [NetconfSession::getData] | Start data fetch with XPath: /ietf-interfaces:interfaces/interface/ieee802-dot1q-bridge:bridge-port/ieee802-dot1q-sched-bridge:gate-parameter-table
[2026-04-17 02:35:13.482051] | Thread:20635 | [NetconfSession::getData] | Got return for path: /ietf-interfaces:interfaces/interface/ieee802-dot1q-bridge:bridge-port/ieee802-dot1q-sched-bridge:gate-parameter-table
[2026-04-17 02:35:13.482178] | Thread:20635 | [GclParser::parseOperationalGclData] | Start operational GCL data parsing
[2026-04-17 02:35:13.482457] | Thread:20635 | [GclParser::parseOperationalGclData] | Finished operational GCL data parsing
[2026-04-17 02:35:13.482542] | Thread:20858 | [NetworkManager::fetchOperationGclForNode] | Start operational GCL fetch for node: vstsn02
[2026-04-17 02:35:13.482586] | Thread:20646 | [NetconfSession::getData] | Start data fetch with XPath: /ietf-interfaces:interfaces/interface/ieee802-dot1q-bridge:bridge-port/ieee802-dot1q-sched-bridge:gate-parameter-table
[2026-04-17 02:35:13.560603] | Thread:20646 | [NetconfSession::getData] | Got return for path: /ietf-interfaces:interfaces/interface/ieee802-dot1q-bridge:bridge-port/ieee802-dot1q-sched-bridge:gate-parameter-table
[2026-04-17 02:35:13.560776] | Thread:20646 | [GclParser::parseOperationalGclData] | Start operational GCL data parsing
[2026-04-17 02:35:13.561122] | Thread:20646 | [GclParser::parseOperationalGclData] | Finished operational GCL data parsing
[2026-04-17 02:35:13.561229] | Thread:20858 | [NetworkManager::fetchOperationGclForNode] | Start operational GCL fetch for node: vstsn03
[2026-04-17 02:35:13.561338] | Thread:20657 | [NetconfSession::getData] | Start data fetch with XPath: /ietf-interfaces:interfaces/interface/ieee802-dot1q-bridge:bridge-port/ieee802-dot1q-sched-bridge:gate-parameter-table
[2026-04-17 02:35:13.596974] | Thread:20657 | [NetconfSession::getData] | Got return for path: /ietf-interfaces:interfaces/interface/ieee802-dot1q-bridge:bridge-port/ieee802-dot1q-sched-bridge:gate-parameter-table
[2026-04-17 02:35:13.597079] | Thread:20657 | [GclParser::parseOperationalGclData] | Start operational GCL data parsing
[2026-04-17 02:35:13.597228] | Thread:20657 | [GclParser::parseOperationalGclData] | Finished operational GCL data parsing
[2026-04-17 02:35:13.597336] | Thread:20858 | [NetworkManager::fetchOperationGcl] | Stop operational GCL fetch
[2026-04-17 02:35:13.597389] | Thread:20858 | [CncServiceImpl::SetNodeSchedule] | Finished setting node schedule (with verification) for node: vstsn01
[2026-04-17 02:35:13.597443] | Thread:20860 | [NetworkManager::deployConfigToNode] | Start config deployment for node: vstsn01
[2026-04-17 02:35:13.597637] | Thread:20635 | [NetconfSession::editData] | Start edit-config with XML length: 3260
[2026-04-17 02:35:13.627175] | Thread:20635 | [NetconfSession::editData] | Finished edit-config with XML length: 3260
[2026-04-17 02:35:13.627212] | Thread:20635 | [NetconfSession::commit] | Start commit operation.
[2026-04-17 02:35:13.667749] | Thread:20635 | [NetconfSession::commit] | Finished commit operation.
[2026-04-17 02:35:13.667781] | Thread:20635 | [NetworkManager::deployConfigToNode] | Successfully deployed config for node: vstsn01
[2026-04-17 02:35:13.667857] | Thread:20860 | [CncServiceImpl::SetNodeSchedule] | Finished deploying config to node: vstsn01
[2026-04-17 02:35:13.667977] | Thread:20860 | [NetworkManager::fetchOperationGcl] | Start operational GCL fetch
[2026-04-17 02:35:13.668019] | Thread:20860 | [NetworkManager::fetchOperationGclForNode] | Start operational GCL fetch for node: vstsn01
[2026-04-17 02:35:13.668079] | Thread:20635 | [NetconfSession::getData] | Start data fetch with XPath: /ietf-interfaces:interfaces/interface/ieee802-dot1q-bridge:bridge-port/ieee802-dot1q-sched-bridge:gate-parameter-table
[2026-04-17 02:35:13.769939] | Thread:20635 | [NetconfSession::getData] | Got return for path: /ietf-interfaces:interfaces/interface/ieee802-dot1q-bridge:bridge-port/ieee802-dot1q-sched-bridge:gate-parameter-table
[2026-04-17 02:35:13.770072] | Thread:20635 | [GclParser::parseOperationalGclData] | Start operational GCL data parsing
[2026-04-17 02:35:13.770363] | Thread:20635 | [GclParser::parseOperationalGclData] | Finished operational GCL data parsing
[2026-04-17 02:35:13.770444] | Thread:20860 | [NetworkManager::fetchOperationGclForNode] | Start operational GCL fetch for node: vstsn02
[2026-04-17 02:35:13.770513] | Thread:20646 | [NetconfSession::getData] | Start data fetch with XPath: /ietf-interfaces:interfaces/interface/ieee802-dot1q-bridge:bridge-port/ieee802-dot1q-sched-bridge:gate-parameter-table
[2026-04-17 02:35:13.847369] | Thread:20646 | [NetconfSession::getData] | Got return for path: /ietf-interfaces:interfaces/interface/ieee802-dot1q-bridge:bridge-port/ieee802-dot1q-sched-bridge:gate-parameter-table
[2026-04-17 02:35:13.847536] | Thread:20646 | [GclParser::parseOperationalGclData] | Start operational GCL data parsing
[2026-04-17 02:35:13.847886] | Thread:20646 | [GclParser::parseOperationalGclData] | Finished operational GCL data parsing
[2026-04-17 02:35:13.847987] | Thread:20860 | [NetworkManager::fetchOperationGclForNode] | Start operational GCL fetch for node: vstsn03
[2026-04-17 02:35:13.848080] | Thread:20657 | [NetconfSession::getData] | Start data fetch with XPath: /ietf-interfaces:interfaces/interface/ieee802-dot1q-bridge:bridge-port/ieee802-dot1q-sched-bridge:gate-parameter-table
[2026-04-17 02:35:13.889827] | Thread:20657 | [NetconfSession::getData] | Got return for path: /ietf-interfaces:interfaces/interface/ieee802-dot1q-bridge:bridge-port/ieee802-dot1q-sched-bridge:gate-parameter-table
[2026-04-17 02:35:13.889940] | Thread:20657 | [GclParser::parseOperationalGclData] | Start operational GCL data parsing
[2026-04-17 02:35:13.890110] | Thread:20657 | [GclParser::parseOperationalGclData] | Finished operational GCL data parsing
[2026-04-17 02:35:13.890283] | Thread:20860 | [NetworkManager::fetchOperationGcl] | Stop operational GCL fetch
[2026-04-17 02:35:13.890357] | Thread:20860 | [CncServiceImpl::SetNodeSchedule] | Finished setting node schedule (with verification) for node: vstsn01
[2026-04-17 02:35:13.890500] | Thread:20862 | [NetworkManager::deployConfigToNode] | Start config deployment for node: vstsn01
[2026-04-17 02:35:13.890613] | Thread:20635 | [NetconfSession::editData] | Start edit-config with XML length: 3260
[2026-04-17 02:35:13.919643] | Thread:20635 | [NetconfSession::editData] | Finished edit-config with XML length: 3260
[2026-04-17 02:35:13.919667] | Thread:20635 | [NetconfSession::commit] | Start commit operation.
[2026-04-17 02:35:13.962186] | Thread:20635 | [NetconfSession::commit] | Finished commit operation.
[2026-04-17 02:35:13.962212] | Thread:20635 | [NetworkManager::deployConfigToNode] | Successfully deployed config for node: vstsn01
[2026-04-17 02:35:13.962273] | Thread:20862 | [CncServiceImpl::SetNodeSchedule] | Finished deploying config to node: vstsn01
[2026-04-17 02:35:13.962314] | Thread:20862 | [NetworkManager::fetchOperationGcl] | Start operational GCL fetch
[2026-04-17 02:35:13.962316] | Thread:20862 | [NetworkManager::fetchOperationGclForNode] | Start operational GCL fetch for node: vstsn01
[2026-04-17 02:35:13.962364] | Thread:20635 | [NetconfSession::getData] | Start data fetch with XPath: /ietf-interfaces:interfaces/interface/ieee802-dot1q-bridge:bridge-port/ieee802-dot1q-sched-bridge:gate-parameter-table
[2026-04-17 02:35:14.047546] | Thread:20857 | [CncServiceImpl::SetNodeSchedule] | Start setting node schedule for node: vstsn01
[2026-04-17 02:35:14.048249] | Thread:20989 | [CncServiceImpl::SetNodeSchedule] | Start setting node schedule for node: vstsn01
[2026-04-17 02:35:14.049227] | Thread:21001 | [CncServiceImpl::SetNodeSchedule] | Start setting node schedule for node: vstsn01
[2026-04-17 02:35:14.050052] | Thread:21002 | [CncServiceImpl::SetNodeSchedule] | Start setting node schedule for node: vstsn01
[2026-04-17 02:35:14.050881] | Thread:21003 | [CncServiceImpl::SetNodeSchedule] | Start setting node schedule for node: vstsn01
[2026-04-17 02:35:14.051825] | Thread:21005 | [CncServiceImpl::SetNodeSchedule] | Start setting node schedule for node: vstsn01
[2026-04-17 02:35:14.052658] | Thread:21007 | [CncServiceImpl::SetNodeSchedule] | Start setting node schedule for node: vstsn01
[2026-04-17 02:35:14.054043] | Thread:21009 | [CncServiceImpl::SetNodeSchedule] | Start setting node schedule for node: vstsn01
[2026-04-17 02:35:14.054954] | Thread:21011 | [CncServiceImpl::SetNodeSchedule] | Start setting node schedule for node: vstsn01
[2026-04-17 02:35:14.056001] | Thread:21013 | [CncServiceImpl::SetNodeSchedule] | Start setting node schedule for node: vstsn01
[2026-04-17 02:35:14.057195] | Thread:21015 | [CncServiceImpl::SetNodeSchedule] | Start setting node schedule for node: vstsn01
[2026-04-17 02:35:14.058350] | Thread:21017 | [CncServiceImpl::SetNodeSchedule] | Start setting node schedule for node: vstsn01
[2026-04-17 02:35:14.059076] | Thread:21019 | [CncServiceImpl::SetNodeSchedule] | Start setting node schedule for node: vstsn01
[2026-04-17 02:35:14.060047] | Thread:21021 | [CncServiceImpl::SetNodeSchedule] | Start setting node schedule for node: vstsn01
[2026-04-17 02:35:14.061006] | Thread:21023 | [CncServiceImpl::SetNodeSchedule] | Start setting node schedule for node: vstsn01
[2026-04-17 02:35:14.063343] | Thread:20635 | [NetconfSession::getData] | Got return for path: /ietf-interfaces:interfaces/interface/ieee802-dot1q-bridge:bridge-port/ieee802-dot1q-sched-bridge:gate-parameter-table
[2026-04-17 02:35:14.063536] | Thread:20635 | [GclParser::parseOperationalGclData] | Start operational GCL data parsing
[2026-04-17 02:35:14.063954] | Thread:20635 | [GclParser::parseOperationalGclData] | Finished operational GCL data parsing
[2026-04-17 02:35:14.064054] | Thread:20862 | [NetworkManager::fetchOperationGclForNode] | Start operational GCL fetch for node: vstsn02
[2026-04-17 02:35:14.064119] | Thread:20646 | [NetconfSession::getData] | Start data fetch with XPath: /ietf-interfaces:interfaces/interface/ieee802-dot1q-bridge:bridge-port/ieee802-dot1q-sched-bridge:gate-parameter-table
[2026-04-17 02:35:14.137611] | Thread:20646 | [NetconfSession::getData] | Got return for path: /ietf-interfaces:interfaces/interface/ieee802-dot1q-bridge:bridge-port/ieee802-dot1q-sched-bridge:gate-parameter-table
[2026-04-17 02:35:14.137747] | Thread:20646 | [GclParser::parseOperationalGclData] | Start operational GCL data parsing
[2026-04-17 02:35:14.138030] | Thread:20646 | [GclParser::parseOperationalGclData] | Finished operational GCL data parsing
[2026-04-17 02:35:14.138204] | Thread:20862 | [NetworkManager::fetchOperationGclForNode] | Start operational GCL fetch for node: vstsn03
[2026-04-17 02:35:14.138247] | Thread:20657 | [NetconfSession::getData] | Start data fetch with XPath: /ietf-interfaces:interfaces/interface/ieee802-dot1q-bridge:bridge-port/ieee802-dot1q-sched-bridge:gate-parameter-table
[2026-04-17 02:35:14.176813] | Thread:20657 | [NetconfSession::getData] | Got return for path: /ietf-interfaces:interfaces/interface/ieee802-dot1q-bridge:bridge-port/ieee802-dot1q-sched-bridge:gate-parameter-table
[2026-04-17 02:35:14.176997] | Thread:20657 | [GclParser::parseOperationalGclData] | Start operational GCL data parsing
[2026-04-17 02:35:14.177265] | Thread:20657 | [GclParser::parseOperationalGclData] | Finished operational GCL data parsing
[2026-04-17 02:35:14.177464] | Thread:20862 | [NetworkManager::fetchOperationGcl] | Stop operational GCL fetch
[2026-04-17 02:35:14.177527] | Thread:20862 | [CncServiceImpl::SetNodeSchedule] | Finished setting node schedule (with verification) for node: vstsn01
[2026-04-17 02:35:14.177670] | Thread:20864 | [NetworkManager::deployConfigToNode] | Start config deployment for node: vstsn01
[2026-04-17 02:35:14.177883] | Thread:20635 | [NetconfSession::editData] | Start edit-config with XML length: 3260
[2026-04-17 02:35:14.208214] | Thread:20635 | [NetconfSession::editData] | Finished edit-config with XML length: 3260
[2026-04-17 02:35:14.208241] | Thread:20635 | [NetconfSession::commit] | Start commit operation.
[2026-04-17 02:35:14.247874] | Thread:20635 | [NetconfSession::commit] | Finished commit operation.
[2026-04-17 02:35:14.247900] | Thread:20635 | [NetworkManager::deployConfigToNode] | Successfully deployed config for node: vstsn01
[2026-04-17 02:35:14.248224] | Thread:20864 | [CncServiceImpl::SetNodeSchedule] | Finished deploying config to node: vstsn01
[2026-04-17 02:35:14.248343] | Thread:20864 | [NetworkManager::fetchOperationGcl] | Start operational GCL fetch
[2026-04-17 02:35:14.248381] | Thread:20864 | [NetworkManager::fetchOperationGclForNode] | Start operational GCL fetch for node: vstsn01
[2026-04-17 02:35:14.248453] | Thread:20635 | [NetconfSession::getData] | Start data fetch with XPath: /ietf-interfaces:interfaces/interface/ieee802-dot1q-bridge:bridge-port/ieee802-dot1q-sched-bridge:gate-parameter-table
[2026-04-17 02:35:14.355053] | Thread:20635 | [NetconfSession::getData] | Got return for path: /ietf-interfaces:interfaces/interface/ieee802-dot1q-bridge:bridge-port/ieee802-dot1q-sched-bridge:gate-parameter-table
[2026-04-17 02:35:14.355157] | Thread:20635 | [GclParser::parseOperationalGclData] | Start operational GCL data parsing
[2026-04-17 02:35:14.355382] | Thread:20635 | [GclParser::parseOperationalGclData] | Finished operational GCL data parsing
[2026-04-17 02:35:14.355566] | Thread:20864 | [NetworkManager::fetchOperationGclForNode] | Start operational GCL fetch for node: vstsn02
[2026-04-17 02:35:14.355631] | Thread:20646 | [NetconfSession::getData] | Start data fetch with XPath: /ietf-interfaces:interfaces/interface/ieee802-dot1q-bridge:bridge-port/ieee802-dot1q-sched-bridge:gate-parameter-table
[2026-04-17 02:35:14.429312] | Thread:20646 | [NetconfSession::getData] | Got return for path: /ietf-interfaces:interfaces/interface/ieee802-dot1q-bridge:bridge-port/ieee802-dot1q-sched-bridge:gate-parameter-table
[2026-04-17 02:35:14.429465] | Thread:20646 | [GclParser::parseOperationalGclData] | Start operational GCL data parsing
[2026-04-17 02:35:14.429958] | Thread:20646 | [GclParser::parseOperationalGclData] | Finished operational GCL data parsing
[2026-04-17 02:35:14.430095] | Thread:20864 | [NetworkManager::fetchOperationGclForNode] | Start operational GCL fetch for node: vstsn03
[2026-04-17 02:35:14.430204] | Thread:20657 | [NetconfSession::getData] | Start data fetch with XPath: /ietf-interfaces:interfaces/interface/ieee802-dot1q-bridge:bridge-port/ieee802-dot1q-sched-bridge:gate-parameter-table
[2026-04-17 02:35:14.467144] | Thread:20657 | [NetconfSession::getData] | Got return for path: /ietf-interfaces:interfaces/interface/ieee802-dot1q-bridge:bridge-port/ieee802-dot1q-sched-bridge:gate-parameter-table
[2026-04-17 02:35:14.467258] | Thread:20657 | [GclParser::parseOperationalGclData] | Start operational GCL data parsing
[2026-04-17 02:35:14.467420] | Thread:20657 | [GclParser::parseOperationalGclData] | Finished operational GCL data parsing
[2026-04-17 02:35:14.467479] | Thread:20864 | [NetworkManager::fetchOperationGcl] | Stop operational GCL fetch
[2026-04-17 02:35:14.467514] | Thread:20864 | [CncServiceImpl::SetNodeSchedule] | Finished setting node schedule (with verification) for node: vstsn01
[2026-04-17 02:35:14.467599] | Thread:20866 | [NetworkManager::deployConfigToNode] | Start config deployment for node: vstsn01
[2026-04-17 02:35:14.467680] | Thread:20635 | [NetconfSession::editData] | Start edit-config with XML length: 3260
[2026-04-17 02:35:14.500786] | Thread:20635 | [NetconfSession::editData] | Finished edit-config with XML length: 3260
[2026-04-17 02:35:14.500811] | Thread:20635 | [NetconfSession::commit] | Start commit operation.
[2026-04-17 02:35:14.542127] | Thread:20635 | [NetconfSession::commit] | Finished commit operation.
[2026-04-17 02:35:14.542156] | Thread:20635 | [NetworkManager::deployConfigToNode] | Successfully deployed config for node: vstsn01
[2026-04-17 02:35:14.542212] | Thread:20866 | [CncServiceImpl::SetNodeSchedule] | Finished deploying config to node: vstsn01
[2026-04-17 02:35:14.542248] | Thread:20866 | [NetworkManager::fetchOperationGcl] | Start operational GCL fetch
[2026-04-17 02:35:14.542257] | Thread:20866 | [NetworkManager::fetchOperationGclForNode] | Start operational GCL fetch for node: vstsn01
[2026-04-17 02:35:14.542316] | Thread:20635 | [NetconfSession::getData] | Start data fetch with XPath: /ietf-interfaces:interfaces/interface/ieee802-dot1q-bridge:bridge-port/ieee802-dot1q-sched-bridge:gate-parameter-table
[2026-04-17 02:35:14.654312] | Thread:20635 | [NetconfSession::getData] | Got return for path: /ietf-interfaces:interfaces/interface/ieee802-dot1q-bridge:bridge-port/ieee802-dot1q-sched-bridge:gate-parameter-table
[2026-04-17 02:35:14.654433] | Thread:20635 | [GclParser::parseOperationalGclData] | Start operational GCL data parsing
[2026-04-17 02:35:14.654666] | Thread:20635 | [GclParser::parseOperationalGclData] | Finished operational GCL data parsing
[2026-04-17 02:35:14.654729] | Thread:20866 | [NetworkManager::fetchOperationGclForNode] | Start operational GCL fetch for node: vstsn02
[2026-04-17 02:35:14.654766] | Thread:20646 | [NetconfSession::getData] | Start data fetch with XPath: /ietf-interfaces:interfaces/interface/ieee802-dot1q-bridge:bridge-port/ieee802-dot1q-sched-bridge:gate-parameter-table
[2026-04-17 02:35:14.729832] | Thread:20646 | [NetconfSession::getData] | Got return for path: /ietf-interfaces:interfaces/interface/ieee802-dot1q-bridge:bridge-port/ieee802-dot1q-sched-bridge:gate-parameter-table
[2026-04-17 02:35:14.729984] | Thread:20646 | [GclParser::parseOperationalGclData] | Start operational GCL data parsing
[2026-04-17 02:35:14.730335] | Thread:20646 | [GclParser::parseOperationalGclData] | Finished operational GCL data parsing
[2026-04-17 02:35:14.730417] | Thread:20866 | [NetworkManager::fetchOperationGclForNode] | Start operational GCL fetch for node: vstsn03
[2026-04-17 02:35:14.730486] | Thread:20657 | [NetconfSession::getData] | Start data fetch with XPath: /ietf-interfaces:interfaces/interface/ieee802-dot1q-bridge:bridge-port/ieee802-dot1q-sched-bridge:gate-parameter-table
[2026-04-17 02:35:14.766175] | Thread:20657 | [NetconfSession::getData] | Got return for path: /ietf-interfaces:interfaces/interface/ieee802-dot1q-bridge:bridge-port/ieee802-dot1q-sched-bridge:gate-parameter-table
[2026-04-17 02:35:14.766334] | Thread:20657 | [GclParser::parseOperationalGclData] | Start operational GCL data parsing
[2026-04-17 02:35:14.766584] | Thread:20657 | [GclParser::parseOperationalGclData] | Finished operational GCL data parsing
[2026-04-17 02:35:14.766690] | Thread:20866 | [NetworkManager::fetchOperationGcl] | Stop operational GCL fetch
[2026-04-17 02:35:14.766761] | Thread:20866 | [CncServiceImpl::SetNodeSchedule] | Finished setting node schedule (with verification) for node: vstsn01
[2026-04-17 02:35:14.767422] | Thread:20867 | [NetworkManager::deployConfigToNode] | Start config deployment for node: vstsn01
[2026-04-17 02:35:14.767704] | Thread:20635 | [NetconfSession::editData] | Start edit-config with XML length: 3260
[2026-04-17 02:35:14.799979] | Thread:20635 | [NetconfSession::editData] | Finished edit-config with XML length: 3260
[2026-04-17 02:35:14.800006] | Thread:20635 | [NetconfSession::commit] | Start commit operation.
[2026-04-17 02:35:14.841951] | Thread:20635 | [NetconfSession::commit] | Finished commit operation.
[2026-04-17 02:35:14.841991] | Thread:20635 | [NetworkManager::deployConfigToNode] | Successfully deployed config for node: vstsn01
[2026-04-17 02:35:14.842049] | Thread:20867 | [CncServiceImpl::SetNodeSchedule] | Finished deploying config to node: vstsn01
[2026-04-17 02:35:14.842105] | Thread:20867 | [NetworkManager::fetchOperationGcl] | Start operational GCL fetch
[2026-04-17 02:35:14.842108] | Thread:20867 | [NetworkManager::fetchOperationGclForNode] | Start operational GCL fetch for node: vstsn01
[2026-04-17 02:35:14.842164] | Thread:20635 | [NetconfSession::getData] | Start data fetch with XPath: /ietf-interfaces:interfaces/interface/ieee802-dot1q-bridge:bridge-port/ieee802-dot1q-sched-bridge:gate-parameter-table
[2026-04-17 02:35:14.951573] | Thread:20635 | [NetconfSession::getData] | Got return for path: /ietf-interfaces:interfaces/interface/ieee802-dot1q-bridge:bridge-port/ieee802-dot1q-sched-bridge:gate-parameter-table
[2026-04-17 02:35:14.951717] | Thread:20635 | [GclParser::parseOperationalGclData] | Start operational GCL data parsing
[2026-04-17 02:35:14.952053] | Thread:20635 | [GclParser::parseOperationalGclData] | Finished operational GCL data parsing
[2026-04-17 02:35:14.952188] | Thread:20867 | [NetworkManager::fetchOperationGclForNode] | Start operational GCL fetch for node: vstsn02
[2026-04-17 02:35:14.952290] | Thread:20646 | [NetconfSession::getData] | Start data fetch with XPath: /ietf-interfaces:interfaces/interface/ieee802-dot1q-bridge:bridge-port/ieee802-dot1q-sched-bridge:gate-parameter-table
[2026-04-17 02:35:15.035659] | Thread:20646 | [NetconfSession::getData] | Got return for path: /ietf-interfaces:interfaces/interface/ieee802-dot1q-bridge:bridge-port/ieee802-dot1q-sched-bridge:gate-parameter-table
[2026-04-17 02:35:15.035992] | Thread:20646 | [GclParser::parseOperationalGclData] | Start operational GCL data parsing
[2026-04-17 02:35:15.036690] | Thread:20646 | [GclParser::parseOperationalGclData] | Finished operational GCL data parsing
[2026-04-17 02:35:15.036879] | Thread:20867 | [NetworkManager::fetchOperationGclForNode] | Start operational GCL fetch for node: vstsn03
[2026-04-17 02:35:15.036996] | Thread:20657 | [NetconfSession::getData] | Start data fetch with XPath: /ietf-interfaces:interfaces/interface/ieee802-dot1q-bridge:bridge-port/ieee802-dot1q-sched-bridge:gate-parameter-table
[2026-04-17 02:35:15.064732] | Thread:21024 | [CncServiceImpl::SetNodeSchedule] | Start setting node schedule for node: vstsn01
[2026-04-17 02:35:15.066320] | Thread:20862 | [CncServiceImpl::SetNodeSchedule] | Start setting node schedule for node: vstsn01
[2026-04-17 02:35:15.067412] | Thread:21027 | [CncServiceImpl::SetNodeSchedule] | Start setting node schedule for node: vstsn01
[2026-04-17 02:35:15.068082] | Thread:21028 | [CncServiceImpl::SetNodeSchedule] | Start setting node schedule for node: vstsn01
[2026-04-17 02:35:15.069798] | Thread:21029 | [CncServiceImpl::SetNodeSchedule] | Start setting node schedule for node: vstsn01
[2026-04-17 02:35:15.070440] | Thread:21031 | [CncServiceImpl::SetNodeSchedule] | Start setting node schedule for node: vstsn01
[2026-04-17 02:35:15.071482] | Thread:21033 | [CncServiceImpl::SetNodeSchedule] | Start setting node schedule for node: vstsn01
[2026-04-17 02:35:15.072463] | Thread:21035 | [CncServiceImpl::SetNodeSchedule] | Start setting node schedule for node: vstsn01
[2026-04-17 02:35:15.073480] | Thread:20657 | [NetconfSession::getData] | Got return for path: /ietf-interfaces:interfaces/interface/ieee802-dot1q-bridge:bridge-port/ieee802-dot1q-sched-bridge:gate-parameter-table
[2026-04-17 02:35:15.073590] | Thread:21037 | [CncServiceImpl::SetNodeSchedule] | Start setting node schedule for node: vstsn01
[2026-04-17 02:35:15.073593] | Thread:20657 | [GclParser::parseOperationalGclData] | Start operational GCL data parsing
[2026-04-17 02:35:15.073764] | Thread:20657 | [GclParser::parseOperationalGclData] | Finished operational GCL data parsing
[2026-04-17 02:35:15.073819] | Thread:20867 | [NetworkManager::fetchOperationGcl] | Stop operational GCL fetch
[2026-04-17 02:35:15.073851] | Thread:20867 | [CncServiceImpl::SetNodeSchedule] | Finished setting node schedule (with verification) for node: vstsn01
[2026-04-17 02:35:15.073914] | Thread:20811 | [NetworkManager::deployConfigToNode] | Start config deployment for node: vstsn01
[2026-04-17 02:35:15.074035] | Thread:20635 | [NetconfSession::editData] | Start edit-config with XML length: 3260
[2026-04-17 02:35:15.074574] | Thread:20867 | [CncServiceImpl::SetNodeSchedule] | Start setting node schedule for node: vstsn01
[2026-04-17 02:35:15.075706] | Thread:21039 | [CncServiceImpl::SetNodeSchedule] | Start setting node schedule for node: vstsn01
[2026-04-17 02:35:15.076543] | Thread:21042 | [CncServiceImpl::SetNodeSchedule] | Start setting node schedule for node: vstsn01
[2026-04-17 02:35:15.077603] | Thread:21043 | [CncServiceImpl::SetNodeSchedule] | Start setting node schedule for node: vstsn01
[2026-04-17 02:35:15.079671] | Thread:21044 | [CncServiceImpl::SetNodeSchedule] | Start setting node schedule for node: vstsn01
[2026-04-17 02:35:15.081520] | Thread:21046 | [CncServiceImpl::SetNodeSchedule] | Start setting node schedule for node: vstsn01
[2026-04-17 02:35:15.083112] | Thread:21049 | [CncServiceImpl::SetNodeSchedule] | Start setting node schedule for node: vstsn01
[2026-04-17 02:35:15.102436] | Thread:20635 | [NetconfSession::editData] | Finished edit-config with XML length: 3260
[2026-04-17 02:35:15.102460] | Thread:20635 | [NetconfSession::commit] | Start commit operation.
[2026-04-17 02:35:15.143640] | Thread:20635 | [NetconfSession::commit] | Finished commit operation.
[2026-04-17 02:35:15.143665] | Thread:20635 | [NetworkManager::deployConfigToNode] | Successfully deployed config for node: vstsn01
[2026-04-17 02:35:15.143715] | Thread:20811 | [CncServiceImpl::SetNodeSchedule] | Finished deploying config to node: vstsn01
[2026-04-17 02:35:15.143742] | Thread:20811 | [NetworkManager::fetchOperationGcl] | Start operational GCL fetch
[2026-04-17 02:35:15.143743] | Thread:20811 | [NetworkManager::fetchOperationGclForNode] | Start operational GCL fetch for node: vstsn01
[2026-04-17 02:35:15.143810] | Thread:20635 | [NetconfSession::getData] | Start data fetch with XPath: /ietf-interfaces:interfaces/interface/ieee802-dot1q-bridge:bridge-port/ieee802-dot1q-sched-bridge:gate-parameter-table
[2026-04-17 02:35:15.245581] | Thread:20635 | [NetconfSession::getData] | Got return for path: /ietf-interfaces:interfaces/interface/ieee802-dot1q-bridge:bridge-port/ieee802-dot1q-sched-bridge:gate-parameter-table
[2026-04-17 02:35:15.245688] | Thread:20635 | [GclParser::parseOperationalGclData] | Start operational GCL data parsing
[2026-04-17 02:35:15.245926] | Thread:20635 | [GclParser::parseOperationalGclData] | Finished operational GCL data parsing
[2026-04-17 02:35:15.245998] | Thread:20811 | [NetworkManager::fetchOperationGclForNode] | Start operational GCL fetch for node: vstsn02
[2026-04-17 02:35:15.246056] | Thread:20646 | [NetconfSession::getData] | Start data fetch with XPath: /ietf-interfaces:interfaces/interface/ieee802-dot1q-bridge:bridge-port/ieee802-dot1q-sched-bridge:gate-parameter-table
[2026-04-17 02:35:15.320046] | Thread:20646 | [NetconfSession::getData] | Got return for path: /ietf-interfaces:interfaces/interface/ieee802-dot1q-bridge:bridge-port/ieee802-dot1q-sched-bridge:gate-parameter-table
[2026-04-17 02:35:15.320211] | Thread:20646 | [GclParser::parseOperationalGclData] | Start operational GCL data parsing
[2026-04-17 02:35:15.320532] | Thread:20646 | [GclParser::parseOperationalGclData] | Finished operational GCL data parsing
[2026-04-17 02:35:15.320631] | Thread:20811 | [NetworkManager::fetchOperationGclForNode] | Start operational GCL fetch for node: vstsn03
[2026-04-17 02:35:15.320787] | Thread:20657 | [NetconfSession::getData] | Start data fetch with XPath: /ietf-interfaces:interfaces/interface/ieee802-dot1q-bridge:bridge-port/ieee802-dot1q-sched-bridge:gate-parameter-table
[2026-04-17 02:35:15.367928] | Thread:20657 | [NetconfSession::getData] | Got return for path: /ietf-interfaces:interfaces/interface/ieee802-dot1q-bridge:bridge-port/ieee802-dot1q-sched-bridge:gate-parameter-table
[2026-04-17 02:35:15.368144] | Thread:20657 | [GclParser::parseOperationalGclData] | Start operational GCL data parsing
[2026-04-17 02:35:15.368442] | Thread:20657 | [GclParser::parseOperationalGclData] | Finished operational GCL data parsing
[2026-04-17 02:35:15.368538] | Thread:20811 | [NetworkManager::fetchOperationGcl] | Stop operational GCL fetch
[2026-04-17 02:35:15.368589] | Thread:20811 | [CncServiceImpl::SetNodeSchedule] | Finished setting node schedule (with verification) for node: vstsn01
[2026-04-17 02:35:15.368672] | Thread:20872 | [NetworkManager::deployConfigToNode] | Start config deployment for node: vstsn01
[2026-04-17 02:35:15.368895] | Thread:20635 | [NetconfSession::editData] | Start edit-config with XML length: 3260
[2026-04-17 02:35:15.397618] | Thread:20635 | [NetconfSession::editData] | Finished edit-config with XML length: 3260
[2026-04-17 02:35:15.397657] | Thread:20635 | [NetconfSession::commit] | Start commit operation.
[2026-04-17 02:35:15.455147] | Thread:20635 | [NetconfSession::commit] | Finished commit operation.
[2026-04-17 02:35:15.455188] | Thread:20635 | [NetworkManager::deployConfigToNode] | Successfully deployed config for node: vstsn01
[2026-04-17 02:35:15.455231] | Thread:20872 | [CncServiceImpl::SetNodeSchedule] | Finished deploying config to node: vstsn01
[2026-04-17 02:35:15.455254] | Thread:20872 | [NetworkManager::fetchOperationGcl] | Start operational GCL fetch
[2026-04-17 02:35:15.455256] | Thread:20872 | [NetworkManager::fetchOperationGclForNode] | Start operational GCL fetch for node: vstsn01
[2026-04-17 02:35:15.455295] | Thread:20635 | [NetconfSession::getData] | Start data fetch with XPath: /ietf-interfaces:interfaces/interface/ieee802-dot1q-bridge:bridge-port/ieee802-dot1q-sched-bridge:gate-parameter-table
[2026-04-17 02:35:15.561317] | Thread:20635 | [NetconfSession::getData] | Got return for path: /ietf-interfaces:interfaces/interface/ieee802-dot1q-bridge:bridge-port/ieee802-dot1q-sched-bridge:gate-parameter-table
[2026-04-17 02:35:15.561441] | Thread:20635 | [GclParser::parseOperationalGclData] | Start operational GCL data parsing
[2026-04-17 02:35:15.561705] | Thread:20635 | [GclParser::parseOperationalGclData] | Finished operational GCL data parsing
[2026-04-17 02:35:15.561969] | Thread:20872 | [NetworkManager::fetchOperationGclForNode] | Start operational GCL fetch for node: vstsn02
[2026-04-17 02:35:15.562053] | Thread:20646 | [NetconfSession::getData] | Start data fetch with XPath: /ietf-interfaces:interfaces/interface/ieee802-dot1q-bridge:bridge-port/ieee802-dot1q-sched-bridge:gate-parameter-table
[2026-04-17 02:35:15.640639] | Thread:20646 | [NetconfSession::getData] | Got return for path: /ietf-interfaces:interfaces/interface/ieee802-dot1q-bridge:bridge-port/ieee802-dot1q-sched-bridge:gate-parameter-table
[2026-04-17 02:35:15.640817] | Thread:20646 | [GclParser::parseOperationalGclData] | Start operational GCL data parsing
[2026-04-17 02:35:15.641254] | Thread:20646 | [GclParser::parseOperationalGclData] | Finished operational GCL data parsing
[2026-04-17 02:35:15.641346] | Thread:20872 | [NetworkManager::fetchOperationGclForNode] | Start operational GCL fetch for node: vstsn03
[2026-04-17 02:35:15.641424] | Thread:20657 | [NetconfSession::getData] | Start data fetch with XPath: /ietf-interfaces:interfaces/interface/ieee802-dot1q-bridge:bridge-port/ieee802-dot1q-sched-bridge:gate-parameter-table
[2026-04-17 02:35:15.678195] | Thread:20657 | [NetconfSession::getData] | Got return for path: /ietf-interfaces:interfaces/interface/ieee802-dot1q-bridge:bridge-port/ieee802-dot1q-sched-bridge:gate-parameter-table
[2026-04-17 02:35:15.678310] | Thread:20657 | [GclParser::parseOperationalGclData] | Start operational GCL data parsing
[2026-04-17 02:35:15.678510] | Thread:20657 | [GclParser::parseOperationalGclData] | Finished operational GCL data parsing
[2026-04-17 02:35:15.678617] | Thread:20872 | [NetworkManager::fetchOperationGcl] | Stop operational GCL fetch
[2026-04-17 02:35:15.678655] | Thread:20872 | [CncServiceImpl::SetNodeSchedule] | Finished setting node schedule (with verification) for node: vstsn01
[2026-04-17 02:35:15.678756] | Thread:20874 | [NetworkManager::deployConfigToNode] | Start config deployment for node: vstsn01
[2026-04-17 02:35:15.678909] | Thread:20635 | [NetconfSession::editData] | Start edit-config with XML length: 3260
[2026-04-17 02:35:15.707687] | Thread:20635 | [NetconfSession::editData] | Finished edit-config with XML length: 3260
[2026-04-17 02:35:15.707714] | Thread:20635 | [NetconfSession::commit] | Start commit operation.
[2026-04-17 02:35:15.747600] | Thread:20635 | [NetconfSession::commit] | Finished commit operation.
[2026-04-17 02:35:15.747623] | Thread:20635 | [NetworkManager::deployConfigToNode] | Successfully deployed config for node: vstsn01
[2026-04-17 02:35:15.747750] | Thread:20874 | [CncServiceImpl::SetNodeSchedule] | Finished deploying config to node: vstsn01
[2026-04-17 02:35:15.747795] | Thread:20874 | [NetworkManager::fetchOperationGcl] | Start operational GCL fetch
[2026-04-17 02:35:15.747797] | Thread:20874 | [NetworkManager::fetchOperationGclForNode] | Start operational GCL fetch for node: vstsn01
[2026-04-17 02:35:15.747869] | Thread:20635 | [NetconfSession::getData] | Start data fetch with XPath: /ietf-interfaces:interfaces/interface/ieee802-dot1q-bridge:bridge-port/ieee802-dot1q-sched-bridge:gate-parameter-table
[2026-04-17 02:35:15.847933] | Thread:20635 | [NetconfSession::getData] | Got return for path: /ietf-interfaces:interfaces/interface/ieee802-dot1q-bridge:bridge-port/ieee802-dot1q-sched-bridge:gate-parameter-table
[2026-04-17 02:35:15.848060] | Thread:20635 | [GclParser::parseOperationalGclData] | Start operational GCL data parsing
[2026-04-17 02:35:15.848355] | Thread:20635 | [GclParser::parseOperationalGclData] | Finished operational GCL data parsing
[2026-04-17 02:35:15.848454] | Thread:20874 | [NetworkManager::fetchOperationGclForNode] | Start operational GCL fetch for node: vstsn02
[2026-04-17 02:35:15.848517] | Thread:20646 | [NetconfSession::getData] | Start data fetch with XPath: /ietf-interfaces:interfaces/interface/ieee802-dot1q-bridge:bridge-port/ieee802-dot1q-sched-bridge:gate-parameter-table
[2026-04-17 02:35:15.935920] | Thread:20646 | [NetconfSession::getData] | Got return for path: /ietf-interfaces:interfaces/interface/ieee802-dot1q-bridge:bridge-port/ieee802-dot1q-sched-bridge:gate-parameter-table
[2026-04-17 02:35:15.936073] | Thread:20646 | [GclParser::parseOperationalGclData] | Start operational GCL data parsing
[2026-04-17 02:35:15.936382] | Thread:20646 | [GclParser::parseOperationalGclData] | Finished operational GCL data parsing
[2026-04-17 02:35:15.936461] | Thread:20874 | [NetworkManager::fetchOperationGclForNode] | Start operational GCL fetch for node: vstsn03
[2026-04-17 02:35:15.936514] | Thread:20657 | [NetconfSession::getData] | Start data fetch with XPath: /ietf-interfaces:interfaces/interface/ieee802-dot1q-bridge:bridge-port/ieee802-dot1q-sched-bridge:gate-parameter-table
[2026-04-17 02:35:15.972537] | Thread:20657 | [NetconfSession::getData] | Got return for path: /ietf-interfaces:interfaces/interface/ieee802-dot1q-bridge:bridge-port/ieee802-dot1q-sched-bridge:gate-parameter-table
[2026-04-17 02:35:15.972634] | Thread:20657 | [GclParser::parseOperationalGclData] | Start operational GCL data parsing
[2026-04-17 02:35:15.972796] | Thread:20657 | [GclParser::parseOperationalGclData] | Finished operational GCL data parsing
[2026-04-17 02:35:15.972854] | Thread:20874 | [NetworkManager::fetchOperationGcl] | Stop operational GCL fetch
[2026-04-17 02:35:15.972899] | Thread:20874 | [CncServiceImpl::SetNodeSchedule] | Finished setting node schedule (with verification) for node: vstsn01
[2026-04-17 02:35:15.972982] | Thread:20876 | [NetworkManager::deployConfigToNode] | Start config deployment for node: vstsn01
[2026-04-17 02:35:15.973095] | Thread:20635 | [NetconfSession::editData] | Start edit-config with XML length: 3260
[2026-04-17 02:35:16.001611] | Thread:20635 | [NetconfSession::editData] | Finished edit-config with XML length: 3260
[2026-04-17 02:35:16.001636] | Thread:20635 | [NetconfSession::commit] | Start commit operation.
[2026-04-17 02:35:16.041853] | Thread:20635 | [NetconfSession::commit] | Finished commit operation.
[2026-04-17 02:35:16.041877] | Thread:20635 | [NetworkManager::deployConfigToNode] | Successfully deployed config for node: vstsn01
[2026-04-17 02:35:16.041922] | Thread:20876 | [CncServiceImpl::SetNodeSchedule] | Finished deploying config to node: vstsn01
[2026-04-17 02:35:16.041964] | Thread:20876 | [NetworkManager::fetchOperationGcl] | Start operational GCL fetch
[2026-04-17 02:35:16.041965] | Thread:20876 | [NetworkManager::fetchOperationGclForNode] | Start operational GCL fetch for node: vstsn01
[2026-04-17 02:35:16.042020] | Thread:20635 | [NetconfSession::getData] | Start data fetch with XPath: /ietf-interfaces:interfaces/interface/ieee802-dot1q-bridge:bridge-port/ieee802-dot1q-sched-bridge:gate-parameter-table
[2026-04-17 02:35:16.085328] | Thread:21050 | [CncServiceImpl::SetNodeSchedule] | Start setting node schedule for node: vstsn01
[2026-04-17 02:35:16.086196] | Thread:20811 | [CncServiceImpl::SetNodeSchedule] | Start setting node schedule for node: vstsn01
[2026-04-17 02:35:16.087029] | Thread:21062 | [CncServiceImpl::SetNodeSchedule] | Start setting node schedule for node: vstsn01
[2026-04-17 02:35:16.087954] | Thread:21063 | [CncServiceImpl::SetNodeSchedule] | Start setting node schedule for node: vstsn01
[2026-04-17 02:35:16.088624] | Thread:21064 | [CncServiceImpl::SetNodeSchedule] | Start setting node schedule for node: vstsn01
[2026-04-17 02:35:16.089528] | Thread:21066 | [CncServiceImpl::SetNodeSchedule] | Start setting node schedule for node: vstsn01
[2026-04-17 02:35:16.090519] | Thread:21068 | [CncServiceImpl::SetNodeSchedule] | Start setting node schedule for node: vstsn01
[2026-04-17 02:35:16.091464] | Thread:21070 | [CncServiceImpl::SetNodeSchedule] | Start setting node schedule for node: vstsn01
[2026-04-17 02:35:16.092467] | Thread:21072 | [CncServiceImpl::SetNodeSchedule] | Start setting node schedule for node: vstsn01
[2026-04-17 02:35:16.093145] | Thread:21074 | [CncServiceImpl::SetNodeSchedule] | Start setting node schedule for node: vstsn01
[2026-04-17 02:35:16.093981] | Thread:21076 | [CncServiceImpl::SetNodeSchedule] | Start setting node schedule for node: vstsn01
[2026-04-17 02:35:16.094850] | Thread:21078 | [CncServiceImpl::SetNodeSchedule] | Start setting node schedule for node: vstsn01
[2026-04-17 02:35:16.095635] | Thread:21080 | [CncServiceImpl::SetNodeSchedule] | Start setting node schedule for node: vstsn01
[2026-04-17 02:35:16.096299] | Thread:21082 | [CncServiceImpl::SetNodeSchedule] | Start setting node schedule for node: vstsn01
[2026-04-17 02:35:16.097626] | Thread:21084 | [CncServiceImpl::SetNodeSchedule] | Start setting node schedule for node: vstsn01
[2026-04-17 02:35:16.098446] | Thread:21086 | [CncServiceImpl::SetNodeSchedule] | Start setting node schedule for node: vstsn01
[2026-04-17 02:35:16.099594] | Thread:21088 | [CncServiceImpl::SetNodeSchedule] | Start setting node schedule for node: vstsn01
[2026-04-17 02:35:16.143202] | Thread:20635 | [NetconfSession::getData] | Got return for path: /ietf-interfaces:interfaces/interface/ieee802-dot1q-bridge:bridge-port/ieee802-dot1q-sched-bridge:gate-parameter-table
[2026-04-17 02:35:16.143294] | Thread:20635 | [GclParser::parseOperationalGclData] | Start operational GCL data parsing
[2026-04-17 02:35:16.143513] | Thread:20635 | [GclParser::parseOperationalGclData] | Finished operational GCL data parsing
[2026-04-17 02:35:16.143573] | Thread:20876 | [NetworkManager::fetchOperationGclForNode] | Start operational GCL fetch for node: vstsn02
[2026-04-17 02:35:16.143733] | Thread:20646 | [NetconfSession::getData] | Start data fetch with XPath: /ietf-interfaces:interfaces/interface/ieee802-dot1q-bridge:bridge-port/ieee802-dot1q-sched-bridge:gate-parameter-table
[2026-04-17 02:35:16.227513] | Thread:20646 | [NetconfSession::getData] | Got return for path: /ietf-interfaces:interfaces/interface/ieee802-dot1q-bridge:bridge-port/ieee802-dot1q-sched-bridge:gate-parameter-table
[2026-04-17 02:35:16.227651] | Thread:20646 | [GclParser::parseOperationalGclData] | Start operational GCL data parsing
[2026-04-17 02:35:16.227964] | Thread:20646 | [GclParser::parseOperationalGclData] | Finished operational GCL data parsing
[2026-04-17 02:35:16.228133] | Thread:20876 | [NetworkManager::fetchOperationGclForNode] | Start operational GCL fetch for node: vstsn03
[2026-04-17 02:35:16.228267] | Thread:20657 | [NetconfSession::getData] | Start data fetch with XPath: /ietf-interfaces:interfaces/interface/ieee802-dot1q-bridge:bridge-port/ieee802-dot1q-sched-bridge:gate-parameter-table
[2026-04-17 02:35:16.265376] | Thread:20657 | [NetconfSession::getData] | Got return for path: /ietf-interfaces:interfaces/interface/ieee802-dot1q-bridge:bridge-port/ieee802-dot1q-sched-bridge:gate-parameter-table
[2026-04-17 02:35:16.265538] | Thread:20657 | [GclParser::parseOperationalGclData] | Start operational GCL data parsing
[2026-04-17 02:35:16.265800] | Thread:20657 | [GclParser::parseOperationalGclData] | Finished operational GCL data parsing
[2026-04-17 02:35:16.266016] | Thread:20876 | [NetworkManager::fetchOperationGcl] | Stop operational GCL fetch
[2026-04-17 02:35:16.266136] | Thread:20876 | [CncServiceImpl::SetNodeSchedule] | Finished setting node schedule (with verification) for node: vstsn01
[2026-04-17 02:35:16.266258] | Thread:20877 | [NetworkManager::deployConfigToNode] | Start config deployment for node: vstsn01
[2026-04-17 02:35:16.266430] | Thread:20635 | [NetconfSession::editData] | Start edit-config with XML length: 3260
[2026-04-17 02:35:16.296081] | Thread:20635 | [NetconfSession::editData] | Finished edit-config with XML length: 3260
[2026-04-17 02:35:16.296124] | Thread:20635 | [NetconfSession::commit] | Start commit operation.
[2026-04-17 02:35:16.336817] | Thread:20635 | [NetconfSession::commit] | Finished commit operation.
[2026-04-17 02:35:16.336840] | Thread:20635 | [NetworkManager::deployConfigToNode] | Successfully deployed config for node: vstsn01
[2026-04-17 02:35:16.336906] | Thread:20877 | [CncServiceImpl::SetNodeSchedule] | Finished deploying config to node: vstsn01
[2026-04-17 02:35:16.336936] | Thread:20877 | [NetworkManager::fetchOperationGcl] | Start operational GCL fetch
[2026-04-17 02:35:16.336958] | Thread:20877 | [NetworkManager::fetchOperationGclForNode] | Start operational GCL fetch for node: vstsn01
[2026-04-17 02:35:16.337059] | Thread:20635 | [NetconfSession::getData] | Start data fetch with XPath: /ietf-interfaces:interfaces/interface/ieee802-dot1q-bridge:bridge-port/ieee802-dot1q-sched-bridge:gate-parameter-table
[2026-04-17 02:35:16.443883] | Thread:20635 | [NetconfSession::getData] | Got return for path: /ietf-interfaces:interfaces/interface/ieee802-dot1q-bridge:bridge-port/ieee802-dot1q-sched-bridge:gate-parameter-table
[2026-04-17 02:35:16.444035] | Thread:20635 | [GclParser::parseOperationalGclData] | Start operational GCL data parsing
[2026-04-17 02:35:16.444419] | Thread:20635 | [GclParser::parseOperationalGclData] | Finished operational GCL data parsing
[2026-04-17 02:35:16.444544] | Thread:20877 | [NetworkManager::fetchOperationGclForNode] | Start operational GCL fetch for node: vstsn02
[2026-04-17 02:35:16.444598] | Thread:20646 | [NetconfSession::getData] | Start data fetch with XPath: /ietf-interfaces:interfaces/interface/ieee802-dot1q-bridge:bridge-port/ieee802-dot1q-sched-bridge:gate-parameter-table
[2026-04-17 02:35:16.529841] | Thread:20646 | [NetconfSession::getData] | Got return for path: /ietf-interfaces:interfaces/interface/ieee802-dot1q-bridge:bridge-port/ieee802-dot1q-sched-bridge:gate-parameter-table
[2026-04-17 02:35:16.530015] | Thread:20646 | [GclParser::parseOperationalGclData] | Start operational GCL data parsing
[2026-04-17 02:35:16.530357] | Thread:20646 | [GclParser::parseOperationalGclData] | Finished operational GCL data parsing
[2026-04-17 02:35:16.530541] | Thread:20877 | [NetworkManager::fetchOperationGclForNode] | Start operational GCL fetch for node: vstsn03
[2026-04-17 02:35:16.530648] | Thread:20657 | [NetconfSession::getData] | Start data fetch with XPath: /ietf-interfaces:interfaces/interface/ieee802-dot1q-bridge:bridge-port/ieee802-dot1q-sched-bridge:gate-parameter-table
[2026-04-17 02:35:16.568978] | Thread:20657 | [NetconfSession::getData] | Got return for path: /ietf-interfaces:interfaces/interface/ieee802-dot1q-bridge:bridge-port/ieee802-dot1q-sched-bridge:gate-parameter-table
[2026-04-17 02:35:16.569100] | Thread:20657 | [GclParser::parseOperationalGclData] | Start operational GCL data parsing
[2026-04-17 02:35:16.569252] | Thread:20657 | [GclParser::parseOperationalGclData] | Finished operational GCL data parsing
[2026-04-17 02:35:16.569332] | Thread:20877 | [NetworkManager::fetchOperationGcl] | Stop operational GCL fetch
[2026-04-17 02:35:16.569375] | Thread:20877 | [CncServiceImpl::SetNodeSchedule] | Finished setting node schedule (with verification) for node: vstsn01
[2026-04-17 02:35:16.569518] | Thread:20879 | [NetworkManager::deployConfigToNode] | Start config deployment for node: vstsn01
[2026-04-17 02:35:16.569753] | Thread:20635 | [NetconfSession::editData] | Start edit-config with XML length: 3260
[2026-04-17 02:35:16.601283] | Thread:20635 | [NetconfSession::editData] | Finished edit-config with XML length: 3260
[2026-04-17 02:35:16.601312] | Thread:20635 | [NetconfSession::commit] | Start commit operation.
[2026-04-17 02:35:16.655737] | Thread:20635 | [NetconfSession::commit] | Finished commit operation.
[2026-04-17 02:35:16.655764] | Thread:20635 | [NetworkManager::deployConfigToNode] | Successfully deployed config for node: vstsn01
[2026-04-17 02:35:16.655880] | Thread:20879 | [CncServiceImpl::SetNodeSchedule] | Finished deploying config to node: vstsn01
[2026-04-17 02:35:16.655925] | Thread:20879 | [NetworkManager::fetchOperationGcl] | Start operational GCL fetch
[2026-04-17 02:35:16.655927] | Thread:20879 | [NetworkManager::fetchOperationGclForNode] | Start operational GCL fetch for node: vstsn01
[2026-04-17 02:35:16.655986] | Thread:20635 | [NetconfSession::getData] | Start data fetch with XPath: /ietf-interfaces:interfaces/interface/ieee802-dot1q-bridge:bridge-port/ieee802-dot1q-sched-bridge:gate-parameter-table
[2026-04-17 02:35:16.762537] | Thread:20635 | [NetconfSession::getData] | Got return for path: /ietf-interfaces:interfaces/interface/ieee802-dot1q-bridge:bridge-port/ieee802-dot1q-sched-bridge:gate-parameter-table
[2026-04-17 02:35:16.762655] | Thread:20635 | [GclParser::parseOperationalGclData] | Start operational GCL data parsing
[2026-04-17 02:35:16.762897] | Thread:20635 | [GclParser::parseOperationalGclData] | Finished operational GCL data parsing
[2026-04-17 02:35:16.762976] | Thread:20879 | [NetworkManager::fetchOperationGclForNode] | Start operational GCL fetch for node: vstsn02
[2026-04-17 02:35:16.763022] | Thread:20646 | [NetconfSession::getData] | Start data fetch with XPath: /ietf-interfaces:interfaces/interface/ieee802-dot1q-bridge:bridge-port/ieee802-dot1q-sched-bridge:gate-parameter-table
[2026-04-17 02:35:16.843778] | Thread:20646 | [NetconfSession::getData] | Got return for path: /ietf-interfaces:interfaces/interface/ieee802-dot1q-bridge:bridge-port/ieee802-dot1q-sched-bridge:gate-parameter-table
[2026-04-17 02:35:16.843931] | Thread:20646 | [GclParser::parseOperationalGclData] | Start operational GCL data parsing
[2026-04-17 02:35:16.844311] | Thread:20646 | [GclParser::parseOperationalGclData] | Finished operational GCL data parsing
[2026-04-17 02:35:16.844396] | Thread:20879 | [NetworkManager::fetchOperationGclForNode] | Start operational GCL fetch for node: vstsn03
[2026-04-17 02:35:16.844487] | Thread:20657 | [NetconfSession::getData] | Start data fetch with XPath: /ietf-interfaces:interfaces/interface/ieee802-dot1q-bridge:bridge-port/ieee802-dot1q-sched-bridge:gate-parameter-table
[2026-04-17 02:35:16.883407] | Thread:20657 | [NetconfSession::getData] | Got return for path: /ietf-interfaces:interfaces/interface/ieee802-dot1q-bridge:bridge-port/ieee802-dot1q-sched-bridge:gate-parameter-table
[2026-04-17 02:35:16.883532] | Thread:20657 | [GclParser::parseOperationalGclData] | Start operational GCL data parsing
[2026-04-17 02:35:16.883746] | Thread:20657 | [GclParser::parseOperationalGclData] | Finished operational GCL data parsing
[2026-04-17 02:35:16.883915] | Thread:20879 | [NetworkManager::fetchOperationGcl] | Stop operational GCL fetch
[2026-04-17 02:35:16.883987] | Thread:20879 | [CncServiceImpl::SetNodeSchedule] | Finished setting node schedule (with verification) for node: vstsn01
[2026-04-17 02:35:16.884088] | Thread:20881 | [NetworkManager::deployConfigToNode] | Start config deployment for node: vstsn01
[2026-04-17 02:35:16.884206] | Thread:20635 | [NetconfSession::editData] | Start edit-config with XML length: 3260
[2026-04-17 02:35:16.916326] | Thread:20635 | [NetconfSession::editData] | Finished edit-config with XML length: 3260
[2026-04-17 02:35:16.916373] | Thread:20635 | [NetconfSession::commit] | Start commit operation.
[2026-04-17 02:35:16.958500] | Thread:20635 | [NetconfSession::commit] | Finished commit operation.
[2026-04-17 02:35:16.958528] | Thread:20635 | [NetworkManager::deployConfigToNode] | Successfully deployed config for node: vstsn01
[2026-04-17 02:35:16.958577] | Thread:20881 | [CncServiceImpl::SetNodeSchedule] | Finished deploying config to node: vstsn01
[2026-04-17 02:35:16.958634] | Thread:20881 | [NetworkManager::fetchOperationGcl] | Start operational GCL fetch
[2026-04-17 02:35:16.958636] | Thread:20881 | [NetworkManager::fetchOperationGclForNode] | Start operational GCL fetch for node: vstsn01
[2026-04-17 02:35:16.958681] | Thread:20635 | [NetconfSession::getData] | Start data fetch with XPath: /ietf-interfaces:interfaces/interface/ieee802-dot1q-bridge:bridge-port/ieee802-dot1q-sched-bridge:gate-parameter-table
[2026-04-17 02:35:17.059552] | Thread:20635 | [NetconfSession::getData] | Got return for path: /ietf-interfaces:interfaces/interface/ieee802-dot1q-bridge:bridge-port/ieee802-dot1q-sched-bridge:gate-parameter-table
[2026-04-17 02:35:17.059663] | Thread:20635 | [GclParser::parseOperationalGclData] | Start operational GCL data parsing
[2026-04-17 02:35:17.059898] | Thread:20635 | [GclParser::parseOperationalGclData] | Finished operational GCL data parsing
[2026-04-17 02:35:17.059996] | Thread:20881 | [NetworkManager::fetchOperationGclForNode] | Start operational GCL fetch for node: vstsn02
[2026-04-17 02:35:17.060104] | Thread:20646 | [NetconfSession::getData] | Start data fetch with XPath: /ietf-interfaces:interfaces/interface/ieee802-dot1q-bridge:bridge-port/ieee802-dot1q-sched-bridge:gate-parameter-table
[2026-04-17 02:35:17.101960] | Thread:21089 | [CncServiceImpl::SetNodeSchedule] | Start setting node schedule for node: vstsn01
[2026-04-17 02:35:17.102723] | Thread:20876 | [CncServiceImpl::SetNodeSchedule] | Start setting node schedule for node: vstsn01
[2026-04-17 02:35:17.103382] | Thread:21094 | [CncServiceImpl::SetNodeSchedule] | Start setting node schedule for node: vstsn01
[2026-04-17 02:35:17.104286] | Thread:21096 | [CncServiceImpl::SetNodeSchedule] | Start setting node schedule for node: vstsn01
[2026-04-17 02:35:17.105040] | Thread:21097 | [CncServiceImpl::SetNodeSchedule] | Start setting node schedule for node: vstsn01
[2026-04-17 02:35:17.105986] | Thread:21099 | [CncServiceImpl::SetNodeSchedule] | Start setting node schedule for node: vstsn01
[2026-04-17 02:35:17.106557] | Thread:21101 | [CncServiceImpl::SetNodeSchedule] | Start setting node schedule for node: vstsn01
[2026-04-17 02:35:17.107384] | Thread:21103 | [CncServiceImpl::SetNodeSchedule] | Start setting node schedule for node: vstsn01
[2026-04-17 02:35:17.108111] | Thread:21105 | [CncServiceImpl::SetNodeSchedule] | Start setting node schedule for node: vstsn01
[2026-04-17 02:35:17.108969] | Thread:21107 | [CncServiceImpl::SetNodeSchedule] | Start setting node schedule for node: vstsn01
[2026-04-17 02:35:17.109774] | Thread:21109 | [CncServiceImpl::SetNodeSchedule] | Start setting node schedule for node: vstsn01
[2026-04-17 02:35:17.110904] | Thread:21111 | [CncServiceImpl::SetNodeSchedule] | Start setting node schedule for node: vstsn01
[2026-04-17 02:35:17.111613] | Thread:21113 | [CncServiceImpl::SetNodeSchedule] | Start setting node schedule for node: vstsn01
[2026-04-17 02:35:17.112322] | Thread:21115 | [CncServiceImpl::SetNodeSchedule] | Start setting node schedule for node: vstsn01
[2026-04-17 02:35:17.113416] | Thread:21117 | [CncServiceImpl::SetNodeSchedule] | Start setting node schedule for node: vstsn01
[2026-04-17 02:35:17.114285] | Thread:21119 | [CncServiceImpl::SetNodeSchedule] | Start setting node schedule for node: vstsn01
[2026-04-17 02:35:17.115385] | Thread:21121 | [CncServiceImpl::SetNodeSchedule] | Start setting node schedule for node: vstsn01
[2026-04-17 02:35:17.118113] | Thread:21123 | [CncServiceImpl::SetNodeSchedule] | Start setting node schedule for node: vstsn01
[2026-04-17 02:35:17.134102] | Thread:20646 | [NetconfSession::getData] | Got return for path: /ietf-interfaces:interfaces/interface/ieee802-dot1q-bridge:bridge-port/ieee802-dot1q-sched-bridge:gate-parameter-table
[2026-04-17 02:35:17.134285] | Thread:20646 | [GclParser::parseOperationalGclData] | Start operational GCL data parsing
[2026-04-17 02:35:17.134606] | Thread:20646 | [GclParser::parseOperationalGclData] | Finished operational GCL data parsing
[2026-04-17 02:35:17.134723] | Thread:20881 | [NetworkManager::fetchOperationGclForNode] | Start operational GCL fetch for node: vstsn03
[2026-04-17 02:35:17.134797] | Thread:20657 | [NetconfSession::getData] | Start data fetch with XPath: /ietf-interfaces:interfaces/interface/ieee802-dot1q-bridge:bridge-port/ieee802-dot1q-sched-bridge:gate-parameter-table
[2026-04-17 02:35:17.172394] | Thread:20657 | [NetconfSession::getData] | Got return for path: /ietf-interfaces:interfaces/interface/ieee802-dot1q-bridge:bridge-port/ieee802-dot1q-sched-bridge:gate-parameter-table
[2026-04-17 02:35:17.172601] | Thread:20657 | [GclParser::parseOperationalGclData] | Start operational GCL data parsing
[2026-04-17 02:35:17.172925] | Thread:20657 | [GclParser::parseOperationalGclData] | Finished operational GCL data parsing
[2026-04-17 02:35:17.173136] | Thread:20881 | [NetworkManager::fetchOperationGcl] | Stop operational GCL fetch
[2026-04-17 02:35:17.173205] | Thread:20881 | [CncServiceImpl::SetNodeSchedule] | Finished setting node schedule (with verification) for node: vstsn01
[2026-04-17 02:35:17.173301] | Thread:20882 | [NetworkManager::deployConfigToNode] | Start config deployment for node: vstsn01
[2026-04-17 02:35:17.173498] | Thread:20635 | [NetconfSession::editData] | Start edit-config with XML length: 3260
[2026-04-17 02:35:17.203112] | Thread:20635 | [NetconfSession::editData] | Finished edit-config with XML length: 3260
[2026-04-17 02:35:17.203164] | Thread:20635 | [NetconfSession::commit] | Start commit operation.
[2026-04-17 02:35:17.244425] | Thread:20635 | [NetconfSession::commit] | Finished commit operation.
[2026-04-17 02:35:17.244478] | Thread:20635 | [NetworkManager::deployConfigToNode] | Successfully deployed config for node: vstsn01
[2026-04-17 02:35:17.244606] | Thread:20882 | [CncServiceImpl::SetNodeSchedule] | Finished deploying config to node: vstsn01
[2026-04-17 02:35:17.244655] | Thread:20882 | [NetworkManager::fetchOperationGcl] | Start operational GCL fetch
[2026-04-17 02:35:17.244658] | Thread:20882 | [NetworkManager::fetchOperationGclForNode] | Start operational GCL fetch for node: vstsn01
[2026-04-17 02:35:17.244726] | Thread:20635 | [NetconfSession::getData] | Start data fetch with XPath: /ietf-interfaces:interfaces/interface/ieee802-dot1q-bridge:bridge-port/ieee802-dot1q-sched-bridge:gate-parameter-table
[2026-04-17 02:35:17.344695] | Thread:20635 | [NetconfSession::getData] | Got return for path: /ietf-interfaces:interfaces/interface/ieee802-dot1q-bridge:bridge-port/ieee802-dot1q-sched-bridge:gate-parameter-table
[2026-04-17 02:35:17.344825] | Thread:20635 | [GclParser::parseOperationalGclData] | Start operational GCL data parsing
[2026-04-17 02:35:17.345032] | Thread:20635 | [GclParser::parseOperationalGclData] | Finished operational GCL data parsing
[2026-04-17 02:35:17.345131] | Thread:20882 | [NetworkManager::fetchOperationGclForNode] | Start operational GCL fetch for node: vstsn02
[2026-04-17 02:35:17.345242] | Thread:20646 | [NetconfSession::getData] | Start data fetch with XPath: /ietf-interfaces:interfaces/interface/ieee802-dot1q-bridge:bridge-port/ieee802-dot1q-sched-bridge:gate-parameter-table
[2026-04-17 02:35:17.422874] | Thread:20646 | [NetconfSession::getData] | Got return for path: /ietf-interfaces:interfaces/interface/ieee802-dot1q-bridge:bridge-port/ieee802-dot1q-sched-bridge:gate-parameter-table
[2026-04-17 02:35:17.423060] | Thread:20646 | [GclParser::parseOperationalGclData] | Start operational GCL data parsing
[2026-04-17 02:35:17.423395] | Thread:20646 | [GclParser::parseOperationalGclData] | Finished operational GCL data parsing
[2026-04-17 02:35:17.423497] | Thread:20882 | [NetworkManager::fetchOperationGclForNode] | Start operational GCL fetch for node: vstsn03
[2026-04-17 02:35:17.423600] | Thread:20657 | [NetconfSession::getData] | Start data fetch with XPath: /ietf-interfaces:interfaces/interface/ieee802-dot1q-bridge:bridge-port/ieee802-dot1q-sched-bridge:gate-parameter-table
[2026-04-17 02:35:17.459583] | Thread:20657 | [NetconfSession::getData] | Got return for path: /ietf-interfaces:interfaces/interface/ieee802-dot1q-bridge:bridge-port/ieee802-dot1q-sched-bridge:gate-parameter-table
[2026-04-17 02:35:17.459686] | Thread:20657 | [GclParser::parseOperationalGclData] | Start operational GCL data parsing
[2026-04-17 02:35:17.459852] | Thread:20657 | [GclParser::parseOperationalGclData] | Finished operational GCL data parsing
[2026-04-17 02:35:17.459984] | Thread:20882 | [NetworkManager::fetchOperationGcl] | Stop operational GCL fetch
[2026-04-17 02:35:17.460031] | Thread:20882 | [CncServiceImpl::SetNodeSchedule] | Finished setting node schedule (with verification) for node: vstsn01
[2026-04-17 02:35:17.460099] | Thread:20885 | [NetworkManager::deployConfigToNode] | Start config deployment for node: vstsn01
[2026-04-17 02:35:17.460226] | Thread:20635 | [NetconfSession::editData] | Start edit-config with XML length: 3260
[2026-04-17 02:35:17.491159] | Thread:20635 | [NetconfSession::editData] | Finished edit-config with XML length: 3260
[2026-04-17 02:35:17.491184] | Thread:20635 | [NetconfSession::commit] | Start commit operation.
[2026-04-17 02:35:17.533359] | Thread:20635 | [NetconfSession::commit] | Finished commit operation.
[2026-04-17 02:35:17.533392] | Thread:20635 | [NetworkManager::deployConfigToNode] | Successfully deployed config for node: vstsn01
[2026-04-17 02:35:17.533446] | Thread:20885 | [CncServiceImpl::SetNodeSchedule] | Finished deploying config to node: vstsn01
[2026-04-17 02:35:17.533499] | Thread:20885 | [NetworkManager::fetchOperationGcl] | Start operational GCL fetch
[2026-04-17 02:35:17.533500] | Thread:20885 | [NetworkManager::fetchOperationGclForNode] | Start operational GCL fetch for node: vstsn01
[2026-04-17 02:35:17.533534] | Thread:20635 | [NetconfSession::getData] | Start data fetch with XPath: /ietf-interfaces:interfaces/interface/ieee802-dot1q-bridge:bridge-port/ieee802-dot1q-sched-bridge:gate-parameter-table
[2026-04-17 02:35:17.680901] | Thread:20635 | [NetconfSession::getData] | Got return for path: /ietf-interfaces:interfaces/interface/ieee802-dot1q-bridge:bridge-port/ieee802-dot1q-sched-bridge:gate-parameter-table
[2026-04-17 02:35:17.681031] | Thread:20635 | [GclParser::parseOperationalGclData] | Start operational GCL data parsing
[2026-04-17 02:35:17.681284] | Thread:20635 | [GclParser::parseOperationalGclData] | Finished operational GCL data parsing
[2026-04-17 02:35:17.681397] | Thread:20885 | [NetworkManager::fetchOperationGclForNode] | Start operational GCL fetch for node: vstsn02
[2026-04-17 02:35:17.681469] | Thread:20646 | [NetconfSession::getData] | Start data fetch with XPath: /ietf-interfaces:interfaces/interface/ieee802-dot1q-bridge:bridge-port/ieee802-dot1q-sched-bridge:gate-parameter-table
[2026-04-17 02:35:17.757498] | Thread:20646 | [NetconfSession::getData] | Got return for path: /ietf-interfaces:interfaces/interface/ieee802-dot1q-bridge:bridge-port/ieee802-dot1q-sched-bridge:gate-parameter-table
[2026-04-17 02:35:17.757651] | Thread:20646 | [GclParser::parseOperationalGclData] | Start operational GCL data parsing
[2026-04-17 02:35:17.757959] | Thread:20646 | [GclParser::parseOperationalGclData] | Finished operational GCL data parsing
[2026-04-17 02:35:17.758041] | Thread:20885 | [NetworkManager::fetchOperationGclForNode] | Start operational GCL fetch for node: vstsn03
[2026-04-17 02:35:17.758135] | Thread:20657 | [NetconfSession::getData] | Start data fetch with XPath: /ietf-interfaces:interfaces/interface/ieee802-dot1q-bridge:bridge-port/ieee802-dot1q-sched-bridge:gate-parameter-table
[2026-04-17 02:35:17.794667] | Thread:20657 | [NetconfSession::getData] | Got return for path: /ietf-interfaces:interfaces/interface/ieee802-dot1q-bridge:bridge-port/ieee802-dot1q-sched-bridge:gate-parameter-table
[2026-04-17 02:35:17.794820] | Thread:20657 | [GclParser::parseOperationalGclData] | Start operational GCL data parsing
[2026-04-17 02:35:17.794991] | Thread:20657 | [GclParser::parseOperationalGclData] | Finished operational GCL data parsing
[2026-04-17 02:35:17.795066] | Thread:20885 | [NetworkManager::fetchOperationGcl] | Stop operational GCL fetch
[2026-04-17 02:35:17.795110] | Thread:20885 | [CncServiceImpl::SetNodeSchedule] | Finished setting node schedule (with verification) for node: vstsn01
[2026-04-17 02:35:17.795156] | Thread:20819 | [NetworkManager::deployConfigToNode] | Start config deployment for node: vstsn01
[2026-04-17 02:35:17.795336] | Thread:20635 | [NetconfSession::editData] | Start edit-config with XML length: 3260
[2026-04-17 02:35:17.823529] | Thread:20635 | [NetconfSession::editData] | Finished edit-config with XML length: 3260
[2026-04-17 02:35:17.823555] | Thread:20635 | [NetconfSession::commit] | Start commit operation.
[2026-04-17 02:35:17.866838] | Thread:20635 | [NetconfSession::commit] | Finished commit operation.
[2026-04-17 02:35:17.866870] | Thread:20635 | [NetworkManager::deployConfigToNode] | Successfully deployed config for node: vstsn01
[2026-04-17 02:35:17.866886] | Thread:20819 | [CncServiceImpl::SetNodeSchedule] | Finished deploying config to node: vstsn01
[2026-04-17 02:35:17.866914] | Thread:20819 | [NetworkManager::fetchOperationGcl] | Start operational GCL fetch
[2026-04-17 02:35:17.866916] | Thread:20819 | [NetworkManager::fetchOperationGclForNode] | Start operational GCL fetch for node: vstsn01
[2026-04-17 02:35:17.866951] | Thread:20635 | [NetconfSession::getData] | Start data fetch with XPath: /ietf-interfaces:interfaces/interface/ieee802-dot1q-bridge:bridge-port/ieee802-dot1q-sched-bridge:gate-parameter-table
[2026-04-17 02:35:17.977672] | Thread:20635 | [NetconfSession::getData] | Got return for path: /ietf-interfaces:interfaces/interface/ieee802-dot1q-bridge:bridge-port/ieee802-dot1q-sched-bridge:gate-parameter-table
[2026-04-17 02:35:17.977784] | Thread:20635 | [GclParser::parseOperationalGclData] | Start operational GCL data parsing
[2026-04-17 02:35:17.978046] | Thread:20635 | [GclParser::parseOperationalGclData] | Finished operational GCL data parsing
[2026-04-17 02:35:17.978170] | Thread:20819 | [NetworkManager::fetchOperationGclForNode] | Start operational GCL fetch for node: vstsn02
[2026-04-17 02:35:17.978212] | Thread:20646 | [NetconfSession::getData] | Start data fetch with XPath: /ietf-interfaces:interfaces/interface/ieee802-dot1q-bridge:bridge-port/ieee802-dot1q-sched-bridge:gate-parameter-table
[2026-04-17 02:35:18.054573] | Thread:20646 | [NetconfSession::getData] | Got return for path: /ietf-interfaces:interfaces/interface/ieee802-dot1q-bridge:bridge-port/ieee802-dot1q-sched-bridge:gate-parameter-table
[2026-04-17 02:35:18.054736] | Thread:20646 | [GclParser::parseOperationalGclData] | Start operational GCL data parsing
[2026-04-17 02:35:18.055212] | Thread:20646 | [GclParser::parseOperationalGclData] | Finished operational GCL data parsing
[2026-04-17 02:35:18.055300] | Thread:20819 | [NetworkManager::fetchOperationGclForNode] | Start operational GCL fetch for node: vstsn03
[2026-04-17 02:35:18.055358] | Thread:20657 | [NetconfSession::getData] | Start data fetch with XPath: /ietf-interfaces:interfaces/interface/ieee802-dot1q-bridge:bridge-port/ieee802-dot1q-sched-bridge:gate-parameter-table
[2026-04-17 02:35:18.092413] | Thread:20657 | [NetconfSession::getData] | Got return for path: /ietf-interfaces:interfaces/interface/ieee802-dot1q-bridge:bridge-port/ieee802-dot1q-sched-bridge:gate-parameter-table
[2026-04-17 02:35:18.092516] | Thread:20657 | [GclParser::parseOperationalGclData] | Start operational GCL data parsing
[2026-04-17 02:35:18.092681] | Thread:20657 | [GclParser::parseOperationalGclData] | Finished operational GCL data parsing
[2026-04-17 02:35:18.092751] | Thread:20819 | [NetworkManager::fetchOperationGcl] | Stop operational GCL fetch
[2026-04-17 02:35:18.092793] | Thread:20819 | [CncServiceImpl::SetNodeSchedule] | Finished setting node schedule (with verification) for node: vstsn01
[2026-04-17 02:35:18.092891] | Thread:20886 | [NetworkManager::deployConfigToNode] | Start config deployment for node: vstsn01
[2026-04-17 02:35:18.093043] | Thread:20635 | [NetconfSession::editData] | Start edit-config with XML length: 3260
[2026-04-17 02:35:18.120012] | Thread:20881 | [CncServiceImpl::SetNodeSchedule] | Start setting node schedule for node: vstsn01
[2026-04-17 02:35:18.120691] | Thread:21124 | [CncServiceImpl::SetNodeSchedule] | Start setting node schedule for node: vstsn01
[2026-04-17 02:35:18.121404] | Thread:21136 | [CncServiceImpl::SetNodeSchedule] | Start setting node schedule for node: vstsn01
[2026-04-17 02:35:18.121991] | Thread:21137 | [CncServiceImpl::SetNodeSchedule] | Start setting node schedule for node: vstsn01
[2026-04-17 02:35:18.122618] | Thread:20635 | [NetconfSession::editData] | Finished edit-config with XML length: 3260
[2026-04-17 02:35:18.122628] | Thread:20635 | [NetconfSession::commit] | Start commit operation.
[2026-04-17 02:35:18.122679] | Thread:21138 | [CncServiceImpl::SetNodeSchedule] | Start setting node schedule for node: vstsn01
[2026-04-17 02:35:18.123783] | Thread:21140 | [CncServiceImpl::SetNodeSchedule] | Start setting node schedule for node: vstsn01
[2026-04-17 02:35:18.125184] | Thread:21142 | [CncServiceImpl::SetNodeSchedule] | Start setting node schedule for node: vstsn01
[2026-04-17 02:35:18.126102] | Thread:21143 | [CncServiceImpl::SetNodeSchedule] | Start setting node schedule for node: vstsn01
[2026-04-17 02:35:18.127291] | Thread:21145 | [CncServiceImpl::SetNodeSchedule] | Start setting node schedule for node: vstsn01
[2026-04-17 02:35:18.128208] | Thread:21147 | [CncServiceImpl::SetNodeSchedule] | Start setting node schedule for node: vstsn01
[2026-04-17 02:35:18.129219] | Thread:21149 | [CncServiceImpl::SetNodeSchedule] | Start setting node schedule for node: vstsn01
[2026-04-17 02:35:18.130136] | Thread:21151 | [CncServiceImpl::SetNodeSchedule] | Start setting node schedule for node: vstsn01
[2026-04-17 02:35:18.131218] | Thread:21153 | [CncServiceImpl::SetNodeSchedule] | Start setting node schedule for node: vstsn01
[2026-04-17 02:35:18.132581] | Thread:21155 | [CncServiceImpl::SetNodeSchedule] | Start setting node schedule for node: vstsn01
[2026-04-17 02:35:18.134495] | Thread:21157 | [CncServiceImpl::SetNodeSchedule] | Start setting node schedule for node: vstsn01
[2026-04-17 02:35:18.136081] | Thread:21159 | [CncServiceImpl::SetNodeSchedule] | Start setting node schedule for node: vstsn01
[2026-04-17 02:35:18.137396] | Thread:21161 | [CncServiceImpl::SetNodeSchedule] | Start setting node schedule for node: vstsn01
[2026-04-17 02:35:18.138452] | Thread:21163 | [CncServiceImpl::SetNodeSchedule] | Start setting node schedule for node: vstsn01
[2026-04-17 02:35:18.139449] | Thread:21165 | [CncServiceImpl::SetNodeSchedule] | Start setting node schedule for node: vstsn01
[2026-04-17 02:35:18.163991] | Thread:20635 | [NetconfSession::commit] | Finished commit operation.
[2026-04-17 02:35:18.164019] | Thread:20635 | [NetworkManager::deployConfigToNode] | Successfully deployed config for node: vstsn01
[2026-04-17 02:35:18.164060] | Thread:20886 | [CncServiceImpl::SetNodeSchedule] | Finished deploying config to node: vstsn01
[2026-04-17 02:35:18.164082] | Thread:20886 | [NetworkManager::fetchOperationGcl] | Start operational GCL fetch
[2026-04-17 02:35:18.164084] | Thread:20886 | [NetworkManager::fetchOperationGclForNode] | Start operational GCL fetch for node: vstsn01
[2026-04-17 02:35:18.164126] | Thread:20635 | [NetconfSession::getData] | Start data fetch with XPath: /ietf-interfaces:interfaces/interface/ieee802-dot1q-bridge:bridge-port/ieee802-dot1q-sched-bridge:gate-parameter-table
[2026-04-17 02:35:18.274419] | Thread:20635 | [NetconfSession::getData] | Got return for path: /ietf-interfaces:interfaces/interface/ieee802-dot1q-bridge:bridge-port/ieee802-dot1q-sched-bridge:gate-parameter-table
[2026-04-17 02:35:18.274525] | Thread:20635 | [GclParser::parseOperationalGclData] | Start operational GCL data parsing
[2026-04-17 02:35:18.274764] | Thread:20635 | [GclParser::parseOperationalGclData] | Finished operational GCL data parsing
[2026-04-17 02:35:18.274942] | Thread:20886 | [NetworkManager::fetchOperationGclForNode] | Start operational GCL fetch for node: vstsn02
[2026-04-17 02:35:18.275014] | Thread:20646 | [NetconfSession::getData] | Start data fetch with XPath: /ietf-interfaces:interfaces/interface/ieee802-dot1q-bridge:bridge-port/ieee802-dot1q-sched-bridge:gate-parameter-table
[2026-04-17 02:35:18.347928] | Thread:20646 | [NetconfSession::getData] | Got return for path: /ietf-interfaces:interfaces/interface/ieee802-dot1q-bridge:bridge-port/ieee802-dot1q-sched-bridge:gate-parameter-table
[2026-04-17 02:35:18.348071] | Thread:20646 | [GclParser::parseOperationalGclData] | Start operational GCL data parsing
[2026-04-17 02:35:18.348378] | Thread:20646 | [GclParser::parseOperationalGclData] | Finished operational GCL data parsing
[2026-04-17 02:35:18.348439] | Thread:20886 | [NetworkManager::fetchOperationGclForNode] | Start operational GCL fetch for node: vstsn03
[2026-04-17 02:35:18.348474] | Thread:20657 | [NetconfSession::getData] | Start data fetch with XPath: /ietf-interfaces:interfaces/interface/ieee802-dot1q-bridge:bridge-port/ieee802-dot1q-sched-bridge:gate-parameter-table
[2026-04-17 02:35:18.387185] | Thread:20657 | [NetconfSession::getData] | Got return for path: /ietf-interfaces:interfaces/interface/ieee802-dot1q-bridge:bridge-port/ieee802-dot1q-sched-bridge:gate-parameter-table
[2026-04-17 02:35:18.387319] | Thread:20657 | [GclParser::parseOperationalGclData] | Start operational GCL data parsing
[2026-04-17 02:35:18.387536] | Thread:20657 | [GclParser::parseOperationalGclData] | Finished operational GCL data parsing
[2026-04-17 02:35:18.387746] | Thread:20886 | [NetworkManager::fetchOperationGcl] | Stop operational GCL fetch
[2026-04-17 02:35:18.387834] | Thread:20886 | [CncServiceImpl::SetNodeSchedule] | Finished setting node schedule (with verification) for node: vstsn01
[2026-04-17 02:35:18.387934] | Thread:20889 | [NetworkManager::deployConfigToNode] | Start config deployment for node: vstsn01
[2026-04-17 02:35:18.388064] | Thread:20635 | [NetconfSession::editData] | Start edit-config with XML length: 3260
[2026-04-17 02:35:18.417735] | Thread:20635 | [NetconfSession::editData] | Finished edit-config with XML length: 3260
[2026-04-17 02:35:18.417776] | Thread:20635 | [NetconfSession::commit] | Start commit operation.
[2026-04-17 02:35:18.471883] | Thread:20635 | [NetconfSession::commit] | Finished commit operation.
[2026-04-17 02:35:18.471912] | Thread:20635 | [NetworkManager::deployConfigToNode] | Successfully deployed config for node: vstsn01
[2026-04-17 02:35:18.471973] | Thread:20889 | [CncServiceImpl::SetNodeSchedule] | Finished deploying config to node: vstsn01
[2026-04-17 02:35:18.472025] | Thread:20889 | [NetworkManager::fetchOperationGcl] | Start operational GCL fetch
[2026-04-17 02:35:18.472027] | Thread:20889 | [NetworkManager::fetchOperationGclForNode] | Start operational GCL fetch for node: vstsn01
[2026-04-17 02:35:18.472060] | Thread:20635 | [NetconfSession::getData] | Start data fetch with XPath: /ietf-interfaces:interfaces/interface/ieee802-dot1q-bridge:bridge-port/ieee802-dot1q-sched-bridge:gate-parameter-table
[2026-04-17 02:35:18.573750] | Thread:20635 | [NetconfSession::getData] | Got return for path: /ietf-interfaces:interfaces/interface/ieee802-dot1q-bridge:bridge-port/ieee802-dot1q-sched-bridge:gate-parameter-table
[2026-04-17 02:35:18.573859] | Thread:20635 | [GclParser::parseOperationalGclData] | Start operational GCL data parsing
[2026-04-17 02:35:18.574089] | Thread:20635 | [GclParser::parseOperationalGclData] | Finished operational GCL data parsing
[2026-04-17 02:35:18.574183] | Thread:20889 | [NetworkManager::fetchOperationGclForNode] | Start operational GCL fetch for node: vstsn02
[2026-04-17 02:35:18.574274] | Thread:20646 | [NetconfSession::getData] | Start data fetch with XPath: /ietf-interfaces:interfaces/interface/ieee802-dot1q-bridge:bridge-port/ieee802-dot1q-sched-bridge:gate-parameter-table
[2026-04-17 02:35:18.661977] | Thread:20646 | [NetconfSession::getData] | Got return for path: /ietf-interfaces:interfaces/interface/ieee802-dot1q-bridge:bridge-port/ieee802-dot1q-sched-bridge:gate-parameter-table
[2026-04-17 02:35:18.662136] | Thread:20646 | [GclParser::parseOperationalGclData] | Start operational GCL data parsing
[2026-04-17 02:35:18.662449] | Thread:20646 | [GclParser::parseOperationalGclData] | Finished operational GCL data parsing
[2026-04-17 02:35:18.662559] | Thread:20889 | [NetworkManager::fetchOperationGclForNode] | Start operational GCL fetch for node: vstsn03
[2026-04-17 02:35:18.662609] | Thread:20657 | [NetconfSession::getData] | Start data fetch with XPath: /ietf-interfaces:interfaces/interface/ieee802-dot1q-bridge:bridge-port/ieee802-dot1q-sched-bridge:gate-parameter-table
[2026-04-17 02:35:18.703723] | Thread:20657 | [NetconfSession::getData] | Got return for path: /ietf-interfaces:interfaces/interface/ieee802-dot1q-bridge:bridge-port/ieee802-dot1q-sched-bridge:gate-parameter-table
[2026-04-17 02:35:18.703848] | Thread:20657 | [GclParser::parseOperationalGclData] | Start operational GCL data parsing
[2026-04-17 02:35:18.704027] | Thread:20657 | [GclParser::parseOperationalGclData] | Finished operational GCL data parsing
[2026-04-17 02:35:18.704102] | Thread:20889 | [NetworkManager::fetchOperationGcl] | Stop operational GCL fetch
[2026-04-17 02:35:18.704154] | Thread:20889 | [CncServiceImpl::SetNodeSchedule] | Finished setting node schedule (with verification) for node: vstsn01
[2026-04-17 02:35:18.704238] | Thread:20890 | [NetworkManager::deployConfigToNode] | Start config deployment for node: vstsn01
[2026-04-17 02:35:18.704367] | Thread:20635 | [NetconfSession::editData] | Start edit-config with XML length: 3260
[2026-04-17 02:35:18.739527] | Thread:20635 | [NetconfSession::editData] | Finished edit-config with XML length: 3260
[2026-04-17 02:35:18.739550] | Thread:20635 | [NetconfSession::commit] | Start commit operation.
[2026-04-17 02:35:18.787205] | Thread:20635 | [NetconfSession::commit] | Finished commit operation.
[2026-04-17 02:35:18.787241] | Thread:20635 | [NetworkManager::deployConfigToNode] | Successfully deployed config for node: vstsn01
[2026-04-17 02:35:18.787309] | Thread:20890 | [CncServiceImpl::SetNodeSchedule] | Finished deploying config to node: vstsn01
[2026-04-17 02:35:18.787338] | Thread:20890 | [NetworkManager::fetchOperationGcl] | Start operational GCL fetch
[2026-04-17 02:35:18.787340] | Thread:20890 | [NetworkManager::fetchOperationGclForNode] | Start operational GCL fetch for node: vstsn01
[2026-04-17 02:35:18.787384] | Thread:20635 | [NetconfSession::getData] | Start data fetch with XPath: /ietf-interfaces:interfaces/interface/ieee802-dot1q-bridge:bridge-port/ieee802-dot1q-sched-bridge:gate-parameter-table
[2026-04-17 02:35:18.890295] | Thread:20635 | [NetconfSession::getData] | Got return for path: /ietf-interfaces:interfaces/interface/ieee802-dot1q-bridge:bridge-port/ieee802-dot1q-sched-bridge:gate-parameter-table
[2026-04-17 02:35:18.890428] | Thread:20635 | [GclParser::parseOperationalGclData] | Start operational GCL data parsing
[2026-04-17 02:35:18.890701] | Thread:20635 | [GclParser::parseOperationalGclData] | Finished operational GCL data parsing
[2026-04-17 02:35:18.890779] | Thread:20890 | [NetworkManager::fetchOperationGclForNode] | Start operational GCL fetch for node: vstsn02
[2026-04-17 02:35:18.890905] | Thread:20646 | [NetconfSession::getData] | Start data fetch with XPath: /ietf-interfaces:interfaces/interface/ieee802-dot1q-bridge:bridge-port/ieee802-dot1q-sched-bridge:gate-parameter-table
[2026-04-17 02:35:18.970342] | Thread:20646 | [NetconfSession::getData] | Got return for path: /ietf-interfaces:interfaces/interface/ieee802-dot1q-bridge:bridge-port/ieee802-dot1q-sched-bridge:gate-parameter-table
[2026-04-17 02:35:18.970517] | Thread:20646 | [GclParser::parseOperationalGclData] | Start operational GCL data parsing
[2026-04-17 02:35:18.970925] | Thread:20646 | [GclParser::parseOperationalGclData] | Finished operational GCL data parsing
[2026-04-17 02:35:18.971049] | Thread:20890 | [NetworkManager::fetchOperationGclForNode] | Start operational GCL fetch for node: vstsn03
[2026-04-17 02:35:18.971107] | Thread:20657 | [NetconfSession::getData] | Start data fetch with XPath: /ietf-interfaces:interfaces/interface/ieee802-dot1q-bridge:bridge-port/ieee802-dot1q-sched-bridge:gate-parameter-table
[2026-04-17 02:35:19.008073] | Thread:20657 | [NetconfSession::getData] | Got return for path: /ietf-interfaces:interfaces/interface/ieee802-dot1q-bridge:bridge-port/ieee802-dot1q-sched-bridge:gate-parameter-table
[2026-04-17 02:35:19.008191] | Thread:20657 | [GclParser::parseOperationalGclData] | Start operational GCL data parsing
[2026-04-17 02:35:19.008357] | Thread:20657 | [GclParser::parseOperationalGclData] | Finished operational GCL data parsing
[2026-04-17 02:35:19.008459] | Thread:20890 | [NetworkManager::fetchOperationGcl] | Stop operational GCL fetch
[2026-04-17 02:35:19.008501] | Thread:20890 | [CncServiceImpl::SetNodeSchedule] | Finished setting node schedule (with verification) for node: vstsn01
[2026-04-17 02:35:19.008556] | Thread:20892 | [NetworkManager::deployConfigToNode] | Start config deployment for node: vstsn01
[2026-04-17 02:35:19.008652] | Thread:20635 | [NetconfSession::editData] | Start edit-config with XML length: 3260
[2026-04-17 02:35:19.039022] | Thread:20635 | [NetconfSession::editData] | Finished edit-config with XML length: 3260
[2026-04-17 02:35:19.039056] | Thread:20635 | [NetconfSession::commit] | Start commit operation.
[2026-04-17 02:35:19.082642] | Thread:20635 | [NetconfSession::commit] | Finished commit operation.
[2026-04-17 02:35:19.082711] | Thread:20635 | [NetworkManager::deployConfigToNode] | Successfully deployed config for node: vstsn01
[2026-04-17 02:35:19.082832] | Thread:20892 | [CncServiceImpl::SetNodeSchedule] | Finished deploying config to node: vstsn01
[2026-04-17 02:35:19.082912] | Thread:20892 | [NetworkManager::fetchOperationGcl] | Start operational GCL fetch
[2026-04-17 02:35:19.082916] | Thread:20892 | [NetworkManager::fetchOperationGclForNode] | Start operational GCL fetch for node: vstsn01
[2026-04-17 02:35:19.083041] | Thread:20635 | [NetconfSession::getData] | Start data fetch with XPath: /ietf-interfaces:interfaces/interface/ieee802-dot1q-bridge:bridge-port/ieee802-dot1q-sched-bridge:gate-parameter-table
[2026-04-17 02:35:19.144119] | Thread:20886 | [CncServiceImpl::SetNodeSchedule] | Start setting node schedule for node: vstsn01
[2026-04-17 02:35:19.146232] | Thread:21166 | [CncServiceImpl::SetNodeSchedule] | Start setting node schedule for node: vstsn01
[2026-04-17 02:35:19.148043] | Thread:21171 | [CncServiceImpl::SetNodeSchedule] | Start setting node schedule for node: vstsn01
[2026-04-17 02:35:19.150709] | Thread:21173 | [CncServiceImpl::SetNodeSchedule] | Start setting node schedule for node: vstsn01
[2026-04-17 02:35:19.153715] | Thread:21174 | [CncServiceImpl::SetNodeSchedule] | Start setting node schedule for node: vstsn01
[2026-04-17 02:35:19.155291] | Thread:21176 | [CncServiceImpl::SetNodeSchedule] | Start setting node schedule for node: vstsn01
[2026-04-17 02:35:19.156408] | Thread:21178 | [CncServiceImpl::SetNodeSchedule] | Start setting node schedule for node: vstsn01
[2026-04-17 02:35:19.157679] | Thread:21180 | [CncServiceImpl::SetNodeSchedule] | Start setting node schedule for node: vstsn01
[2026-04-17 02:35:19.158517] | Thread:21182 | [CncServiceImpl::SetNodeSchedule] | Start setting node schedule for node: vstsn01
[2026-04-17 02:35:19.159908] | Thread:21184 | [CncServiceImpl::SetNodeSchedule] | Start setting node schedule for node: vstsn01
[2026-04-17 02:35:19.161357] | Thread:21186 | [CncServiceImpl::SetNodeSchedule] | Start setting node schedule for node: vstsn01
[2026-04-17 02:35:19.163040] | Thread:21188 | [CncServiceImpl::SetNodeSchedule] | Start setting node schedule for node: vstsn01
[2026-04-17 02:35:19.163718] | Thread:21190 | [CncServiceImpl::SetNodeSchedule] | Start setting node schedule for node: vstsn01
[2026-04-17 02:35:19.164798] | Thread:21192 | [CncServiceImpl::SetNodeSchedule] | Start setting node schedule for node: vstsn01
[2026-04-17 02:35:19.166088] | Thread:21194 | [CncServiceImpl::SetNodeSchedule] | Start setting node schedule for node: vstsn01
[2026-04-17 02:35:19.167454] | Thread:21196 | [CncServiceImpl::SetNodeSchedule] | Start setting node schedule for node: vstsn01
[2026-04-17 02:35:19.168626] | Thread:21198 | [CncServiceImpl::SetNodeSchedule] | Start setting node schedule for node: vstsn01
[2026-04-17 02:35:19.170076] | Thread:21200 | [CncServiceImpl::SetNodeSchedule] | Start setting node schedule for node: vstsn01
[2026-04-17 02:35:19.171705] | Thread:21202 | [CncServiceImpl::SetNodeSchedule] | Start setting node schedule for node: vstsn01
[2026-04-17 02:35:19.172946] | Thread:21204 | [CncServiceImpl::SetNodeSchedule] | Start setting node schedule for node: vstsn01
[2026-04-17 02:35:19.190016] | Thread:20635 | [NetconfSession::getData] | Got return for path: /ietf-interfaces:interfaces/interface/ieee802-dot1q-bridge:bridge-port/ieee802-dot1q-sched-bridge:gate-parameter-table
[2026-04-17 02:35:19.190200] | Thread:20635 | [GclParser::parseOperationalGclData] | Start operational GCL data parsing
[2026-04-17 02:35:19.190611] | Thread:20635 | [GclParser::parseOperationalGclData] | Finished operational GCL data parsing
[2026-04-17 02:35:19.190689] | Thread:20892 | [NetworkManager::fetchOperationGclForNode] | Start operational GCL fetch for node: vstsn02
[2026-04-17 02:35:19.190768] | Thread:20646 | [NetconfSession::getData] | Start data fetch with XPath: /ietf-interfaces:interfaces/interface/ieee802-dot1q-bridge:bridge-port/ieee802-dot1q-sched-bridge:gate-parameter-table
[2026-04-17 02:35:19.295114] | Thread:20646 | [NetconfSession::getData] | Got return for path: /ietf-interfaces:interfaces/interface/ieee802-dot1q-bridge:bridge-port/ieee802-dot1q-sched-bridge:gate-parameter-table
[2026-04-17 02:35:19.295486] | Thread:20646 | [GclParser::parseOperationalGclData] | Start operational GCL data parsing
[2026-04-17 02:35:19.296075] | Thread:20646 | [GclParser::parseOperationalGclData] | Finished operational GCL data parsing
[2026-04-17 02:35:19.296214] | Thread:20892 | [NetworkManager::fetchOperationGclForNode] | Start operational GCL fetch for node: vstsn03
[2026-04-17 02:35:19.296340] | Thread:20657 | [NetconfSession::getData] | Start data fetch with XPath: /ietf-interfaces:interfaces/interface/ieee802-dot1q-bridge:bridge-port/ieee802-dot1q-sched-bridge:gate-parameter-table
[2026-04-17 02:35:19.334104] | Thread:20657 | [NetconfSession::getData] | Got return for path: /ietf-interfaces:interfaces/interface/ieee802-dot1q-bridge:bridge-port/ieee802-dot1q-sched-bridge:gate-parameter-table
[2026-04-17 02:35:19.334298] | Thread:20657 | [GclParser::parseOperationalGclData] | Start operational GCL data parsing
[2026-04-17 02:35:19.334578] | Thread:20657 | [GclParser::parseOperationalGclData] | Finished operational GCL data parsing
[2026-04-17 02:35:19.334778] | Thread:20892 | [NetworkManager::fetchOperationGcl] | Stop operational GCL fetch
[2026-04-17 02:35:19.334926] | Thread:20892 | [CncServiceImpl::SetNodeSchedule] | Finished setting node schedule (with verification) for node: vstsn01
[2026-04-17 02:35:19.335083] | Thread:20893 | [NetworkManager::deployConfigToNode] | Start config deployment for node: vstsn01
[2026-04-17 02:35:19.335216] | Thread:20635 | [NetconfSession::editData] | Start edit-config with XML length: 3260
[2026-04-17 02:35:19.366323] | Thread:20635 | [NetconfSession::editData] | Finished edit-config with XML length: 3260
[2026-04-17 02:35:19.366351] | Thread:20635 | [NetconfSession::commit] | Start commit operation.
[2026-04-17 02:35:19.414484] | Thread:20635 | [NetconfSession::commit] | Finished commit operation.
[2026-04-17 02:35:19.414514] | Thread:20635 | [NetworkManager::deployConfigToNode] | Successfully deployed config for node: vstsn01
[2026-04-17 02:35:19.414568] | Thread:20893 | [CncServiceImpl::SetNodeSchedule] | Finished deploying config to node: vstsn01
[2026-04-17 02:35:19.414605] | Thread:20893 | [NetworkManager::fetchOperationGcl] | Start operational GCL fetch
[2026-04-17 02:35:19.414607] | Thread:20893 | [NetworkManager::fetchOperationGclForNode] | Start operational GCL fetch for node: vstsn01
[2026-04-17 02:35:19.414646] | Thread:20635 | [NetconfSession::getData] | Start data fetch with XPath: /ietf-interfaces:interfaces/interface/ieee802-dot1q-bridge:bridge-port/ieee802-dot1q-sched-bridge:gate-parameter-table
[2026-04-17 02:35:19.519422] | Thread:20635 | [NetconfSession::getData] | Got return for path: /ietf-interfaces:interfaces/interface/ieee802-dot1q-bridge:bridge-port/ieee802-dot1q-sched-bridge:gate-parameter-table
[2026-04-17 02:35:19.519544] | Thread:20635 | [GclParser::parseOperationalGclData] | Start operational GCL data parsing
[2026-04-17 02:35:19.519789] | Thread:20635 | [GclParser::parseOperationalGclData] | Finished operational GCL data parsing
[2026-04-17 02:35:19.519859] | Thread:20893 | [NetworkManager::fetchOperationGclForNode] | Start operational GCL fetch for node: vstsn02
[2026-04-17 02:35:19.519907] | Thread:20646 | [NetconfSession::getData] | Start data fetch with XPath: /ietf-interfaces:interfaces/interface/ieee802-dot1q-bridge:bridge-port/ieee802-dot1q-sched-bridge:gate-parameter-table
[2026-04-17 02:35:19.600483] | Thread:20646 | [NetconfSession::getData] | Got return for path: /ietf-interfaces:interfaces/interface/ieee802-dot1q-bridge:bridge-port/ieee802-dot1q-sched-bridge:gate-parameter-table
[2026-04-17 02:35:19.600712] | Thread:20646 | [GclParser::parseOperationalGclData] | Start operational GCL data parsing
[2026-04-17 02:35:19.601053] | Thread:20646 | [GclParser::parseOperationalGclData] | Finished operational GCL data parsing
[2026-04-17 02:35:19.601171] | Thread:20893 | [NetworkManager::fetchOperationGclForNode] | Start operational GCL fetch for node: vstsn03
[2026-04-17 02:35:19.601236] | Thread:20657 | [NetconfSession::getData] | Start data fetch with XPath: /ietf-interfaces:interfaces/interface/ieee802-dot1q-bridge:bridge-port/ieee802-dot1q-sched-bridge:gate-parameter-table
[2026-04-17 02:35:19.637111] | Thread:20657 | [NetconfSession::getData] | Got return for path: /ietf-interfaces:interfaces/interface/ieee802-dot1q-bridge:bridge-port/ieee802-dot1q-sched-bridge:gate-parameter-table
[2026-04-17 02:35:19.637211] | Thread:20657 | [GclParser::parseOperationalGclData] | Start operational GCL data parsing
[2026-04-17 02:35:19.637387] | Thread:20657 | [GclParser::parseOperationalGclData] | Finished operational GCL data parsing
[2026-04-17 02:35:19.637457] | Thread:20893 | [NetworkManager::fetchOperationGcl] | Stop operational GCL fetch
[2026-04-17 02:35:19.637500] | Thread:20893 | [CncServiceImpl::SetNodeSchedule] | Finished setting node schedule (with verification) for node: vstsn01
[2026-04-17 02:35:19.637572] | Thread:20894 | [NetworkManager::deployConfigToNode] | Start config deployment for node: vstsn01
[2026-04-17 02:35:19.637727] | Thread:20635 | [NetconfSession::editData] | Start edit-config with XML length: 3260
[2026-04-17 02:35:19.666868] | Thread:20635 | [NetconfSession::editData] | Finished edit-config with XML length: 3260
[2026-04-17 02:35:19.666893] | Thread:20635 | [NetconfSession::commit] | Start commit operation.
[2026-04-17 02:35:19.707961] | Thread:20635 | [NetconfSession::commit] | Finished commit operation.
[2026-04-17 02:35:19.707989] | Thread:20635 | [NetworkManager::deployConfigToNode] | Successfully deployed config for node: vstsn01
[2026-04-17 02:35:19.708039] | Thread:20894 | [CncServiceImpl::SetNodeSchedule] | Finished deploying config to node: vstsn01
[2026-04-17 02:35:19.708066] | Thread:20894 | [NetworkManager::fetchOperationGcl] | Start operational GCL fetch
[2026-04-17 02:35:19.708068] | Thread:20894 | [NetworkManager::fetchOperationGclForNode] | Start operational GCL fetch for node: vstsn01
[2026-04-17 02:35:19.708099] | Thread:20635 | [NetconfSession::getData] | Start data fetch with XPath: /ietf-interfaces:interfaces/interface/ieee802-dot1q-bridge:bridge-port/ieee802-dot1q-sched-bridge:gate-parameter-table
[2026-04-17 02:35:19.808874] | Thread:20635 | [NetconfSession::getData] | Got return for path: /ietf-interfaces:interfaces/interface/ieee802-dot1q-bridge:bridge-port/ieee802-dot1q-sched-bridge:gate-parameter-table
[2026-04-17 02:35:19.809002] | Thread:20635 | [GclParser::parseOperationalGclData] | Start operational GCL data parsing
[2026-04-17 02:35:19.809281] | Thread:20635 | [GclParser::parseOperationalGclData] | Finished operational GCL data parsing
[2026-04-17 02:35:19.809379] | Thread:20894 | [NetworkManager::fetchOperationGclForNode] | Start operational GCL fetch for node: vstsn02
[2026-04-17 02:35:19.809515] | Thread:20646 | [NetconfSession::getData] | Start data fetch with XPath: /ietf-interfaces:interfaces/interface/ieee802-dot1q-bridge:bridge-port/ieee802-dot1q-sched-bridge:gate-parameter-table
[2026-04-17 02:35:19.886949] | Thread:20646 | [NetconfSession::getData] | Got return for path: /ietf-interfaces:interfaces/interface/ieee802-dot1q-bridge:bridge-port/ieee802-dot1q-sched-bridge:gate-parameter-table
[2026-04-17 02:35:19.887095] | Thread:20646 | [GclParser::parseOperationalGclData] | Start operational GCL data parsing
[2026-04-17 02:35:19.887398] | Thread:20646 | [GclParser::parseOperationalGclData] | Finished operational GCL data parsing
[2026-04-17 02:35:19.887531] | Thread:20894 | [NetworkManager::fetchOperationGclForNode] | Start operational GCL fetch for node: vstsn03
[2026-04-17 02:35:19.887585] | Thread:20657 | [NetconfSession::getData] | Start data fetch with XPath: /ietf-interfaces:interfaces/interface/ieee802-dot1q-bridge:bridge-port/ieee802-dot1q-sched-bridge:gate-parameter-table
[2026-04-17 02:35:19.929055] | Thread:20657 | [NetconfSession::getData] | Got return for path: /ietf-interfaces:interfaces/interface/ieee802-dot1q-bridge:bridge-port/ieee802-dot1q-sched-bridge:gate-parameter-table
[2026-04-17 02:35:19.929154] | Thread:20657 | [GclParser::parseOperationalGclData] | Start operational GCL data parsing
[2026-04-17 02:35:19.929346] | Thread:20657 | [GclParser::parseOperationalGclData] | Finished operational GCL data parsing
[2026-04-17 02:35:19.929464] | Thread:20894 | [NetworkManager::fetchOperationGcl] | Stop operational GCL fetch
[2026-04-17 02:35:19.929525] | Thread:20894 | [CncServiceImpl::SetNodeSchedule] | Finished setting node schedule (with verification) for node: vstsn01
[2026-04-17 02:35:19.929607] | Thread:20895 | [NetworkManager::deployConfigToNode] | Start config deployment for node: vstsn01
[2026-04-17 02:35:19.929714] | Thread:20635 | [NetconfSession::editData] | Start edit-config with XML length: 3260
[2026-04-17 02:35:19.958688] | Thread:20635 | [NetconfSession::editData] | Finished edit-config with XML length: 3260
[2026-04-17 02:35:19.958725] | Thread:20635 | [NetconfSession::commit] | Start commit operation.
[2026-04-17 02:35:20.004248] | Thread:20635 | [NetconfSession::commit] | Finished commit operation.
[2026-04-17 02:35:20.004278] | Thread:20635 | [NetworkManager::deployConfigToNode] | Successfully deployed config for node: vstsn01
[2026-04-17 02:35:20.004323] | Thread:20895 | [CncServiceImpl::SetNodeSchedule] | Finished deploying config to node: vstsn01
[2026-04-17 02:35:20.004366] | Thread:20895 | [NetworkManager::fetchOperationGcl] | Start operational GCL fetch
[2026-04-17 02:35:20.004385] | Thread:20895 | [NetworkManager::fetchOperationGclForNode] | Start operational GCL fetch for node: vstsn01
[2026-04-17 02:35:20.004416] | Thread:20635 | [NetconfSession::getData] | Start data fetch with XPath: /ietf-interfaces:interfaces/interface/ieee802-dot1q-bridge:bridge-port/ieee802-dot1q-sched-bridge:gate-parameter-table
[2026-04-17 02:35:20.104265] | Thread:20635 | [NetconfSession::getData] | Got return for path: /ietf-interfaces:interfaces/interface/ieee802-dot1q-bridge:bridge-port/ieee802-dot1q-sched-bridge:gate-parameter-table
[2026-04-17 02:35:20.104402] | Thread:20635 | [GclParser::parseOperationalGclData] | Start operational GCL data parsing
[2026-04-17 02:35:20.104702] | Thread:20635 | [GclParser::parseOperationalGclData] | Finished operational GCL data parsing
[2026-04-17 02:35:20.104821] | Thread:20895 | [NetworkManager::fetchOperationGclForNode] | Start operational GCL fetch for node: vstsn02
[2026-04-17 02:35:20.104920] | Thread:20646 | [NetconfSession::getData] | Start data fetch with XPath: /ietf-interfaces:interfaces/interface/ieee802-dot1q-bridge:bridge-port/ieee802-dot1q-sched-bridge:gate-parameter-table
[2026-04-17 02:35:20.182326] | Thread:20646 | [NetconfSession::getData] | Got return for path: /ietf-interfaces:interfaces/interface/ieee802-dot1q-bridge:bridge-port/ieee802-dot1q-sched-bridge:gate-parameter-table
[2026-04-17 02:35:20.182594] | Thread:20646 | [GclParser::parseOperationalGclData] | Start operational GCL data parsing
[2026-04-17 02:35:20.183042] | Thread:20646 | [GclParser::parseOperationalGclData] | Finished operational GCL data parsing
[2026-04-17 02:35:20.183162] | Thread:20895 | [NetworkManager::fetchOperationGclForNode] | Start operational GCL fetch for node: vstsn03
[2026-04-17 02:35:20.183212] | Thread:20657 | [NetconfSession::getData] | Start data fetch with XPath: /ietf-interfaces:interfaces/interface/ieee802-dot1q-bridge:bridge-port/ieee802-dot1q-sched-bridge:gate-parameter-table
[2026-04-17 02:35:20.220399] | Thread:20657 | [NetconfSession::getData] | Got return for path: /ietf-interfaces:interfaces/interface/ieee802-dot1q-bridge:bridge-port/ieee802-dot1q-sched-bridge:gate-parameter-table
[2026-04-17 02:35:20.220509] | Thread:20657 | [GclParser::parseOperationalGclData] | Start operational GCL data parsing
[2026-04-17 02:35:20.220660] | Thread:20657 | [GclParser::parseOperationalGclData] | Finished operational GCL data parsing
[2026-04-17 02:35:20.220728] | Thread:20895 | [NetworkManager::fetchOperationGcl] | Stop operational GCL fetch
[2026-04-17 02:35:20.220771] | Thread:20895 | [CncServiceImpl::SetNodeSchedule] | Finished setting node schedule (with verification) for node: vstsn01
[2026-04-17 02:35:20.220808] | Thread:20898 | [NetworkManager::deployConfigToNode] | Start config deployment for node: vstsn01
[2026-04-17 02:35:20.220933] | Thread:20635 | [NetconfSession::editData] | Start edit-config with XML length: 3260
[2026-04-17 02:35:20.251475] | Thread:20635 | [NetconfSession::editData] | Finished edit-config with XML length: 3260
[2026-04-17 02:35:20.251512] | Thread:20635 | [NetconfSession::commit] | Start commit operation.
[2026-04-17 02:35:20.292445] | Thread:20635 | [NetconfSession::commit] | Finished commit operation.
[2026-04-17 02:35:20.292470] | Thread:20635 | [NetworkManager::deployConfigToNode] | Successfully deployed config for node: vstsn01
[2026-04-17 02:35:20.292522] | Thread:20898 | [CncServiceImpl::SetNodeSchedule] | Finished deploying config to node: vstsn01
[2026-04-17 02:35:20.292650] | Thread:20898 | [NetworkManager::fetchOperationGcl] | Start operational GCL fetch
[2026-04-17 02:35:20.292692] | Thread:20898 | [NetworkManager::fetchOperationGclForNode] | Start operational GCL fetch for node: vstsn01
[2026-04-17 02:35:20.292755] | Thread:20635 | [NetconfSession::getData] | Start data fetch with XPath: /ietf-interfaces:interfaces/interface/ieee802-dot1q-bridge:bridge-port/ieee802-dot1q-sched-bridge:gate-parameter-table
[2026-04-17 02:35:20.405645] | Thread:20635 | [NetconfSession::getData] | Got return for path: /ietf-interfaces:interfaces/interface/ieee802-dot1q-bridge:bridge-port/ieee802-dot1q-sched-bridge:gate-parameter-table
[2026-04-17 02:35:20.405823] | Thread:20635 | [GclParser::parseOperationalGclData] | Start operational GCL data parsing
[2026-04-17 02:35:20.406151] | Thread:20635 | [GclParser::parseOperationalGclData] | Finished operational GCL data parsing
[2026-04-17 02:35:20.406242] | Thread:20898 | [NetworkManager::fetchOperationGclForNode] | Start operational GCL fetch for node: vstsn02
[2026-04-17 02:35:20.406316] | Thread:20646 | [NetconfSession::getData] | Start data fetch with XPath: /ietf-interfaces:interfaces/interface/ieee802-dot1q-bridge:bridge-port/ieee802-dot1q-sched-bridge:gate-parameter-table
[2026-04-17 02:35:20.485685] | Thread:20646 | [NetconfSession::getData] | Got return for path: /ietf-interfaces:interfaces/interface/ieee802-dot1q-bridge:bridge-port/ieee802-dot1q-sched-bridge:gate-parameter-table
[2026-04-17 02:35:20.485913] | Thread:20646 | [GclParser::parseOperationalGclData] | Start operational GCL data parsing
[2026-04-17 02:35:20.486409] | Thread:20646 | [GclParser::parseOperationalGclData] | Finished operational GCL data parsing
[2026-04-17 02:35:20.486517] | Thread:20898 | [NetworkManager::fetchOperationGclForNode] | Start operational GCL fetch for node: vstsn03
[2026-04-17 02:35:20.486576] | Thread:20657 | [NetconfSession::getData] | Start data fetch with XPath: /ietf-interfaces:interfaces/interface/ieee802-dot1q-bridge:bridge-port/ieee802-dot1q-sched-bridge:gate-parameter-table
[2026-04-17 02:35:20.542507] | Thread:20657 | [NetconfSession::getData] | Got return for path: /ietf-interfaces:interfaces/interface/ieee802-dot1q-bridge:bridge-port/ieee802-dot1q-sched-bridge:gate-parameter-table
[2026-04-17 02:35:20.542654] | Thread:20657 | [GclParser::parseOperationalGclData] | Start operational GCL data parsing
[2026-04-17 02:35:20.542876] | Thread:20657 | [GclParser::parseOperationalGclData] | Finished operational GCL data parsing
[2026-04-17 02:35:20.542951] | Thread:20898 | [NetworkManager::fetchOperationGcl] | Stop operational GCL fetch
[2026-04-17 02:35:20.543014] | Thread:20898 | [CncServiceImpl::SetNodeSchedule] | Finished setting node schedule (with verification) for node: vstsn01
[2026-04-17 02:35:20.543130] | Thread:20900 | [NetworkManager::deployConfigToNode] | Start config deployment for node: vstsn01
[2026-04-17 02:35:20.543289] | Thread:20635 | [NetconfSession::editData] | Start edit-config with XML length: 3260
[2026-04-17 02:35:20.572214] | Thread:20635 | [NetconfSession::editData] | Finished edit-config with XML length: 3260
[2026-04-17 02:35:20.572241] | Thread:20635 | [NetconfSession::commit] | Start commit operation.
[2026-04-17 02:35:20.611362] | Thread:20635 | [NetconfSession::commit] | Finished commit operation.
[2026-04-17 02:35:20.611389] | Thread:20635 | [NetworkManager::deployConfigToNode] | Successfully deployed config for node: vstsn01
[2026-04-17 02:35:20.611468] | Thread:20900 | [CncServiceImpl::SetNodeSchedule] | Finished deploying config to node: vstsn01
[2026-04-17 02:35:20.611507] | Thread:20900 | [NetworkManager::fetchOperationGcl] | Start operational GCL fetch
[2026-04-17 02:35:20.611521] | Thread:20900 | [NetworkManager::fetchOperationGclForNode] | Start operational GCL fetch for node: vstsn01
[2026-04-17 02:35:20.611566] | Thread:20635 | [NetconfSession::getData] | Start data fetch with XPath: /ietf-interfaces:interfaces/interface/ieee802-dot1q-bridge:bridge-port/ieee802-dot1q-sched-bridge:gate-parameter-table
[2026-04-17 02:35:20.714212] | Thread:20635 | [NetconfSession::getData] | Got return for path: /ietf-interfaces:interfaces/interface/ieee802-dot1q-bridge:bridge-port/ieee802-dot1q-sched-bridge:gate-parameter-table
[2026-04-17 02:35:20.714331] | Thread:20635 | [GclParser::parseOperationalGclData] | Start operational GCL data parsing
[2026-04-17 02:35:20.714670] | Thread:20635 | [GclParser::parseOperationalGclData] | Finished operational GCL data parsing
[2026-04-17 02:35:20.714756] | Thread:20900 | [NetworkManager::fetchOperationGclForNode] | Start operational GCL fetch for node: vstsn02
[2026-04-17 02:35:20.714805] | Thread:20646 | [NetconfSession::getData] | Start data fetch with XPath: /ietf-interfaces:interfaces/interface/ieee802-dot1q-bridge:bridge-port/ieee802-dot1q-sched-bridge:gate-parameter-table
[2026-04-17 02:35:20.790386] | Thread:20646 | [NetconfSession::getData] | Got return for path: /ietf-interfaces:interfaces/interface/ieee802-dot1q-bridge:bridge-port/ieee802-dot1q-sched-bridge:gate-parameter-table
[2026-04-17 02:35:20.790542] | Thread:20646 | [GclParser::parseOperationalGclData] | Start operational GCL data parsing
[2026-04-17 02:35:20.790866] | Thread:20646 | [GclParser::parseOperationalGclData] | Finished operational GCL data parsing
[2026-04-17 02:35:20.790936] | Thread:20900 | [NetworkManager::fetchOperationGclForNode] | Start operational GCL fetch for node: vstsn03
[2026-04-17 02:35:20.791007] | Thread:20657 | [NetconfSession::getData] | Start data fetch with XPath: /ietf-interfaces:interfaces/interface/ieee802-dot1q-bridge:bridge-port/ieee802-dot1q-sched-bridge:gate-parameter-table
[2026-04-17 02:35:20.827637] | Thread:20657 | [NetconfSession::getData] | Got return for path: /ietf-interfaces:interfaces/interface/ieee802-dot1q-bridge:bridge-port/ieee802-dot1q-sched-bridge:gate-parameter-table
[2026-04-17 02:35:20.827751] | Thread:20657 | [GclParser::parseOperationalGclData] | Start operational GCL data parsing
[2026-04-17 02:35:20.827902] | Thread:20657 | [GclParser::parseOperationalGclData] | Finished operational GCL data parsing
[2026-04-17 02:35:20.827989] | Thread:20900 | [NetworkManager::fetchOperationGcl] | Stop operational GCL fetch
[2026-04-17 02:35:20.828066] | Thread:20900 | [CncServiceImpl::SetNodeSchedule] | Finished setting node schedule (with verification) for node: vstsn01
[2026-04-17 02:35:20.828123] | Thread:20902 | [NetworkManager::deployConfigToNode] | Start config deployment for node: vstsn01
[2026-04-17 02:35:20.828288] | Thread:20635 | [NetconfSession::editData] | Start edit-config with XML length: 3260
[2026-04-17 02:35:20.857340] | Thread:20635 | [NetconfSession::editData] | Finished edit-config with XML length: 3260
[2026-04-17 02:35:20.857365] | Thread:20635 | [NetconfSession::commit] | Start commit operation.
[2026-04-17 02:35:20.900007] | Thread:20635 | [NetconfSession::commit] | Finished commit operation.
[2026-04-17 02:35:20.900036] | Thread:20635 | [NetworkManager::deployConfigToNode] | Successfully deployed config for node: vstsn01
[2026-04-17 02:35:20.900091] | Thread:20902 | [CncServiceImpl::SetNodeSchedule] | Finished deploying config to node: vstsn01
[2026-04-17 02:35:20.900141] | Thread:20902 | [NetworkManager::fetchOperationGcl] | Start operational GCL fetch
[2026-04-17 02:35:20.900142] | Thread:20902 | [NetworkManager::fetchOperationGclForNode] | Start operational GCL fetch for node: vstsn01
[2026-04-17 02:35:20.900179] | Thread:20635 | [NetconfSession::getData] | Start data fetch with XPath: /ietf-interfaces:interfaces/interface/ieee802-dot1q-bridge:bridge-port/ieee802-dot1q-sched-bridge:gate-parameter-table
[2026-04-17 02:35:21.002957] | Thread:20635 | [NetconfSession::getData] | Got return for path: /ietf-interfaces:interfaces/interface/ieee802-dot1q-bridge:bridge-port/ieee802-dot1q-sched-bridge:gate-parameter-table
[2026-04-17 02:35:21.003111] | Thread:20635 | [GclParser::parseOperationalGclData] | Start operational GCL data parsing
[2026-04-17 02:35:21.003425] | Thread:20635 | [GclParser::parseOperationalGclData] | Finished operational GCL data parsing
[2026-04-17 02:35:21.003531] | Thread:20902 | [NetworkManager::fetchOperationGclForNode] | Start operational GCL fetch for node: vstsn02
[2026-04-17 02:35:21.003622] | Thread:20646 | [NetconfSession::getData] | Start data fetch with XPath: /ietf-interfaces:interfaces/interface/ieee802-dot1q-bridge:bridge-port/ieee802-dot1q-sched-bridge:gate-parameter-table
[2026-04-17 02:35:21.085535] | Thread:20646 | [NetconfSession::getData] | Got return for path: /ietf-interfaces:interfaces/interface/ieee802-dot1q-bridge:bridge-port/ieee802-dot1q-sched-bridge:gate-parameter-table
[2026-04-17 02:35:21.086069] | Thread:20646 | [GclParser::parseOperationalGclData] | Start operational GCL data parsing
[2026-04-17 02:35:21.087356] | Thread:20646 | [GclParser::parseOperationalGclData] | Finished operational GCL data parsing
[2026-04-17 02:35:21.087640] | Thread:20902 | [NetworkManager::fetchOperationGclForNode] | Start operational GCL fetch for node: vstsn03
[2026-04-17 02:35:21.087850] | Thread:20657 | [NetconfSession::getData] | Start data fetch with XPath: /ietf-interfaces:interfaces/interface/ieee802-dot1q-bridge:bridge-port/ieee802-dot1q-sched-bridge:gate-parameter-table
[2026-04-17 02:35:21.125520] | Thread:20657 | [NetconfSession::getData] | Got return for path: /ietf-interfaces:interfaces/interface/ieee802-dot1q-bridge:bridge-port/ieee802-dot1q-sched-bridge:gate-parameter-table
[2026-04-17 02:35:21.125960] | Thread:20657 | [GclParser::parseOperationalGclData] | Start operational GCL data parsing
[2026-04-17 02:35:21.126406] | Thread:20657 | [GclParser::parseOperationalGclData] | Finished operational GCL data parsing
[2026-04-17 02:35:21.126535] | Thread:20902 | [NetworkManager::fetchOperationGcl] | Stop operational GCL fetch
[2026-04-17 02:35:21.126593] | Thread:20902 | [CncServiceImpl::SetNodeSchedule] | Finished setting node schedule (with verification) for node: vstsn01
[2026-04-17 02:35:21.126699] | Thread:20903 | [NetworkManager::deployConfigToNode] | Start config deployment for node: vstsn01
[2026-04-17 02:35:21.126823] | Thread:20635 | [NetconfSession::editData] | Start edit-config with XML length: 3260
[2026-04-17 02:35:21.154306] | Thread:20635 | [NetconfSession::editData] | Finished edit-config with XML length: 3260
[2026-04-17 02:35:21.154329] | Thread:20635 | [NetconfSession::commit] | Start commit operation.
[2026-04-17 02:35:21.197405] | Thread:20635 | [NetconfSession::commit] | Finished commit operation.
[2026-04-17 02:35:21.197462] | Thread:20635 | [NetworkManager::deployConfigToNode] | Successfully deployed config for node: vstsn01
[2026-04-17 02:35:21.197630] | Thread:20903 | [CncServiceImpl::SetNodeSchedule] | Finished deploying config to node: vstsn01
[2026-04-17 02:35:21.197721] | Thread:20903 | [NetworkManager::fetchOperationGcl] | Start operational GCL fetch
[2026-04-17 02:35:21.197725] | Thread:20903 | [NetworkManager::fetchOperationGclForNode] | Start operational GCL fetch for node: vstsn01
[2026-04-17 02:35:21.197819] | Thread:20635 | [NetconfSession::getData] | Start data fetch with XPath: /ietf-interfaces:interfaces/interface/ieee802-dot1q-bridge:bridge-port/ieee802-dot1q-sched-bridge:gate-parameter-table
[2026-04-17 02:35:21.300781] | Thread:20635 | [NetconfSession::getData] | Got return for path: /ietf-interfaces:interfaces/interface/ieee802-dot1q-bridge:bridge-port/ieee802-dot1q-sched-bridge:gate-parameter-table
[2026-04-17 02:35:21.301078] | Thread:20635 | [GclParser::parseOperationalGclData] | Start operational GCL data parsing
[2026-04-17 02:35:21.301320] | Thread:20635 | [GclParser::parseOperationalGclData] | Finished operational GCL data parsing
[2026-04-17 02:35:21.301490] | Thread:20903 | [NetworkManager::fetchOperationGclForNode] | Start operational GCL fetch for node: vstsn02
[2026-04-17 02:35:21.301600] | Thread:20646 | [NetconfSession::getData] | Start data fetch with XPath: /ietf-interfaces:interfaces/interface/ieee802-dot1q-bridge:bridge-port/ieee802-dot1q-sched-bridge:gate-parameter-table
[2026-04-17 02:35:21.378097] | Thread:20646 | [NetconfSession::getData] | Got return for path: /ietf-interfaces:interfaces/interface/ieee802-dot1q-bridge:bridge-port/ieee802-dot1q-sched-bridge:gate-parameter-table
[2026-04-17 02:35:21.378347] | Thread:20646 | [GclParser::parseOperationalGclData] | Start operational GCL data parsing
[2026-04-17 02:35:21.378893] | Thread:20646 | [GclParser::parseOperationalGclData] | Finished operational GCL data parsing
[2026-04-17 02:35:21.379057] | Thread:20903 | [NetworkManager::fetchOperationGclForNode] | Start operational GCL fetch for node: vstsn03
[2026-04-17 02:35:21.379198] | Thread:20657 | [NetconfSession::getData] | Start data fetch with XPath: /ietf-interfaces:interfaces/interface/ieee802-dot1q-bridge:bridge-port/ieee802-dot1q-sched-bridge:gate-parameter-table
[2026-04-17 02:35:21.416217] | Thread:20657 | [NetconfSession::getData] | Got return for path: /ietf-interfaces:interfaces/interface/ieee802-dot1q-bridge:bridge-port/ieee802-dot1q-sched-bridge:gate-parameter-table
[2026-04-17 02:35:21.416347] | Thread:20657 | [GclParser::parseOperationalGclData] | Start operational GCL data parsing
[2026-04-17 02:35:21.416523] | Thread:20657 | [GclParser::parseOperationalGclData] | Finished operational GCL data parsing
[2026-04-17 02:35:21.416645] | Thread:20903 | [NetworkManager::fetchOperationGcl] | Stop operational GCL fetch
[2026-04-17 02:35:21.416709] | Thread:20903 | [CncServiceImpl::SetNodeSchedule] | Finished setting node schedule (with verification) for node: vstsn01
[2026-04-17 02:35:21.416764] | Thread:20825 | [NetworkManager::deployConfigToNode] | Start config deployment for node: vstsn01
[2026-04-17 02:35:21.416885] | Thread:20635 | [NetconfSession::editData] | Start edit-config with XML length: 3260
[2026-04-17 02:35:21.446696] | Thread:20635 | [NetconfSession::editData] | Finished edit-config with XML length: 3260
[2026-04-17 02:35:21.446726] | Thread:20635 | [NetconfSession::commit] | Start commit operation.
[2026-04-17 02:35:21.488260] | Thread:20635 | [NetconfSession::commit] | Finished commit operation.
[2026-04-17 02:35:21.488283] | Thread:20635 | [NetworkManager::deployConfigToNode] | Successfully deployed config for node: vstsn01
[2026-04-17 02:35:21.488348] | Thread:20825 | [CncServiceImpl::SetNodeSchedule] | Finished deploying config to node: vstsn01
[2026-04-17 02:35:21.488390] | Thread:20825 | [NetworkManager::fetchOperationGcl] | Start operational GCL fetch
[2026-04-17 02:35:21.488392] | Thread:20825 | [NetworkManager::fetchOperationGclForNode] | Start operational GCL fetch for node: vstsn01
[2026-04-17 02:35:21.488463] | Thread:20635 | [NetconfSession::getData] | Start data fetch with XPath: /ietf-interfaces:interfaces/interface/ieee802-dot1q-bridge:bridge-port/ieee802-dot1q-sched-bridge:gate-parameter-table
[2026-04-17 02:35:21.599604] | Thread:20635 | [NetconfSession::getData] | Got return for path: /ietf-interfaces:interfaces/interface/ieee802-dot1q-bridge:bridge-port/ieee802-dot1q-sched-bridge:gate-parameter-table
[2026-04-17 02:35:21.599756] | Thread:20635 | [GclParser::parseOperationalGclData] | Start operational GCL data parsing
[2026-04-17 02:35:21.600184] | Thread:20635 | [GclParser::parseOperationalGclData] | Finished operational GCL data parsing
[2026-04-17 02:35:21.600285] | Thread:20825 | [NetworkManager::fetchOperationGclForNode] | Start operational GCL fetch for node: vstsn02
[2026-04-17 02:35:21.600339] | Thread:20646 | [NetconfSession::getData] | Start data fetch with XPath: /ietf-interfaces:interfaces/interface/ieee802-dot1q-bridge:bridge-port/ieee802-dot1q-sched-bridge:gate-parameter-table
[2026-04-17 02:35:21.676121] | Thread:20646 | [NetconfSession::getData] | Got return for path: /ietf-interfaces:interfaces/interface/ieee802-dot1q-bridge:bridge-port/ieee802-dot1q-sched-bridge:gate-parameter-table
[2026-04-17 02:35:21.676297] | Thread:20646 | [GclParser::parseOperationalGclData] | Start operational GCL data parsing
[2026-04-17 02:35:21.676625] | Thread:20646 | [GclParser::parseOperationalGclData] | Finished operational GCL data parsing
[2026-04-17 02:35:21.676695] | Thread:20825 | [NetworkManager::fetchOperationGclForNode] | Start operational GCL fetch for node: vstsn03
[2026-04-17 02:35:21.676743] | Thread:20657 | [NetconfSession::getData] | Start data fetch with XPath: /ietf-interfaces:interfaces/interface/ieee802-dot1q-bridge:bridge-port/ieee802-dot1q-sched-bridge:gate-parameter-table
[2026-04-17 02:35:21.714215] | Thread:20657 | [NetconfSession::getData] | Got return for path: /ietf-interfaces:interfaces/interface/ieee802-dot1q-bridge:bridge-port/ieee802-dot1q-sched-bridge:gate-parameter-table
[2026-04-17 02:35:21.714344] | Thread:20657 | [GclParser::parseOperationalGclData] | Start operational GCL data parsing
[2026-04-17 02:35:21.714564] | Thread:20657 | [GclParser::parseOperationalGclData] | Finished operational GCL data parsing
[2026-04-17 02:35:21.714637] | Thread:20825 | [NetworkManager::fetchOperationGcl] | Stop operational GCL fetch
[2026-04-17 02:35:21.714683] | Thread:20825 | [CncServiceImpl::SetNodeSchedule] | Finished setting node schedule (with verification) for node: vstsn01
[2026-04-17 02:35:21.714738] | Thread:20914 | [NetworkManager::deployConfigToNode] | Start config deployment for node: vstsn01
[2026-04-17 02:35:21.715269] | Thread:20635 | [NetconfSession::editData] | Start edit-config with XML length: 3260
[2026-04-17 02:35:21.743730] | Thread:20635 | [NetconfSession::editData] | Finished edit-config with XML length: 3260
[2026-04-17 02:35:21.743758] | Thread:20635 | [NetconfSession::commit] | Start commit operation.
[2026-04-17 02:35:21.787039] | Thread:20635 | [NetconfSession::commit] | Finished commit operation.
[2026-04-17 02:35:21.787066] | Thread:20635 | [NetworkManager::deployConfigToNode] | Successfully deployed config for node: vstsn01
[2026-04-17 02:35:21.787118] | Thread:20914 | [CncServiceImpl::SetNodeSchedule] | Finished deploying config to node: vstsn01
[2026-04-17 02:35:21.787149] | Thread:20914 | [NetworkManager::fetchOperationGcl] | Start operational GCL fetch
[2026-04-17 02:35:21.787150] | Thread:20914 | [NetworkManager::fetchOperationGclForNode] | Start operational GCL fetch for node: vstsn01
[2026-04-17 02:35:21.787184] | Thread:20635 | [NetconfSession::getData] | Start data fetch with XPath: /ietf-interfaces:interfaces/interface/ieee802-dot1q-bridge:bridge-port/ieee802-dot1q-sched-bridge:gate-parameter-table
[2026-04-17 02:35:21.897060] | Thread:20635 | [NetconfSession::getData] | Got return for path: /ietf-interfaces:interfaces/interface/ieee802-dot1q-bridge:bridge-port/ieee802-dot1q-sched-bridge:gate-parameter-table
[2026-04-17 02:35:21.897154] | Thread:20635 | [GclParser::parseOperationalGclData] | Start operational GCL data parsing
[2026-04-17 02:35:21.897364] | Thread:20635 | [GclParser::parseOperationalGclData] | Finished operational GCL data parsing
[2026-04-17 02:35:21.897530] | Thread:20914 | [NetworkManager::fetchOperationGclForNode] | Start operational GCL fetch for node: vstsn02
[2026-04-17 02:35:21.897570] | Thread:20646 | [NetconfSession::getData] | Start data fetch with XPath: /ietf-interfaces:interfaces/interface/ieee802-dot1q-bridge:bridge-port/ieee802-dot1q-sched-bridge:gate-parameter-table
[2026-04-17 02:35:21.972785] | Thread:20646 | [NetconfSession::getData] | Got return for path: /ietf-interfaces:interfaces/interface/ieee802-dot1q-bridge:bridge-port/ieee802-dot1q-sched-bridge:gate-parameter-table
[2026-04-17 02:35:21.972932] | Thread:20646 | [GclParser::parseOperationalGclData] | Start operational GCL data parsing
[2026-04-17 02:35:21.973240] | Thread:20646 | [GclParser::parseOperationalGclData] | Finished operational GCL data parsing
[2026-04-17 02:35:21.973319] | Thread:20914 | [NetworkManager::fetchOperationGclForNode] | Start operational GCL fetch for node: vstsn03
[2026-04-17 02:35:21.973352] | Thread:20657 | [NetconfSession::getData] | Start data fetch with XPath: /ietf-interfaces:interfaces/interface/ieee802-dot1q-bridge:bridge-port/ieee802-dot1q-sched-bridge:gate-parameter-table
[2026-04-17 02:35:22.009838] | Thread:20657 | [NetconfSession::getData] | Got return for path: /ietf-interfaces:interfaces/interface/ieee802-dot1q-bridge:bridge-port/ieee802-dot1q-sched-bridge:gate-parameter-table
[2026-04-17 02:35:22.010035] | Thread:20657 | [GclParser::parseOperationalGclData] | Start operational GCL data parsing
[2026-04-17 02:35:22.010339] | Thread:20657 | [GclParser::parseOperationalGclData] | Finished operational GCL data parsing
[2026-04-17 02:35:22.010489] | Thread:20914 | [NetworkManager::fetchOperationGcl] | Stop operational GCL fetch
[2026-04-17 02:35:22.010557] | Thread:20914 | [CncServiceImpl::SetNodeSchedule] | Finished setting node schedule (with verification) for node: vstsn01
[2026-04-17 02:35:22.010682] | Thread:20915 | [NetworkManager::deployConfigToNode] | Start config deployment for node: vstsn01
[2026-04-17 02:35:22.010998] | Thread:20635 | [NetconfSession::editData] | Start edit-config with XML length: 3260
[2026-04-17 02:35:22.039891] | Thread:20635 | [NetconfSession::editData] | Finished edit-config with XML length: 3260
[2026-04-17 02:35:22.039942] | Thread:20635 | [NetconfSession::commit] | Start commit operation.
[2026-04-17 02:35:22.081558] | Thread:20635 | [NetconfSession::commit] | Finished commit operation.
[2026-04-17 02:35:22.081622] | Thread:20635 | [NetworkManager::deployConfigToNode] | Successfully deployed config for node: vstsn01
[2026-04-17 02:35:22.081698] | Thread:20915 | [CncServiceImpl::SetNodeSchedule] | Finished deploying config to node: vstsn01
[2026-04-17 02:35:22.081734] | Thread:20915 | [NetworkManager::fetchOperationGcl] | Start operational GCL fetch
[2026-04-17 02:35:22.081736] | Thread:20915 | [NetworkManager::fetchOperationGclForNode] | Start operational GCL fetch for node: vstsn01
[2026-04-17 02:35:22.081787] | Thread:20635 | [NetconfSession::getData] | Start data fetch with XPath: /ietf-interfaces:interfaces/interface/ieee802-dot1q-bridge:bridge-port/ieee802-dot1q-sched-bridge:gate-parameter-table
[2026-04-17 02:35:22.190525] | Thread:20635 | [NetconfSession::getData] | Got return for path: /ietf-interfaces:interfaces/interface/ieee802-dot1q-bridge:bridge-port/ieee802-dot1q-sched-bridge:gate-parameter-table
[2026-04-17 02:35:22.190670] | Thread:20635 | [GclParser::parseOperationalGclData] | Start operational GCL data parsing
[2026-04-17 02:35:22.190950] | Thread:20635 | [GclParser::parseOperationalGclData] | Finished operational GCL data parsing
[2026-04-17 02:35:22.191077] | Thread:20915 | [NetworkManager::fetchOperationGclForNode] | Start operational GCL fetch for node: vstsn02
[2026-04-17 02:35:22.191201] | Thread:20646 | [NetconfSession::getData] | Start data fetch with XPath: /ietf-interfaces:interfaces/interface/ieee802-dot1q-bridge:bridge-port/ieee802-dot1q-sched-bridge:gate-parameter-table
[2026-04-17 02:35:22.267497] | Thread:20646 | [NetconfSession::getData] | Got return for path: /ietf-interfaces:interfaces/interface/ieee802-dot1q-bridge:bridge-port/ieee802-dot1q-sched-bridge:gate-parameter-table
[2026-04-17 02:35:22.267631] | Thread:20646 | [GclParser::parseOperationalGclData] | Start operational GCL data parsing
[2026-04-17 02:35:22.267966] | Thread:20646 | [GclParser::parseOperationalGclData] | Finished operational GCL data parsing
[2026-04-17 02:35:22.268057] | Thread:20915 | [NetworkManager::fetchOperationGclForNode] | Start operational GCL fetch for node: vstsn03
[2026-04-17 02:35:22.268152] | Thread:20657 | [NetconfSession::getData] | Start data fetch with XPath: /ietf-interfaces:interfaces/interface/ieee802-dot1q-bridge:bridge-port/ieee802-dot1q-sched-bridge:gate-parameter-table
[2026-04-17 02:35:22.304159] | Thread:20657 | [NetconfSession::getData] | Got return for path: /ietf-interfaces:interfaces/interface/ieee802-dot1q-bridge:bridge-port/ieee802-dot1q-sched-bridge:gate-parameter-table
[2026-04-17 02:35:22.304317] | Thread:20657 | [GclParser::parseOperationalGclData] | Start operational GCL data parsing
[2026-04-17 02:35:22.304567] | Thread:20657 | [GclParser::parseOperationalGclData] | Finished operational GCL data parsing
[2026-04-17 02:35:22.304711] | Thread:20915 | [NetworkManager::fetchOperationGcl] | Stop operational GCL fetch
[2026-04-17 02:35:22.304764] | Thread:20915 | [CncServiceImpl::SetNodeSchedule] | Finished setting node schedule (with verification) for node: vstsn01
[2026-04-17 02:35:22.304933] | Thread:20917 | [NetworkManager::deployConfigToNode] | Start config deployment for node: vstsn01
[2026-04-17 02:35:22.305084] | Thread:20635 | [NetconfSession::editData] | Start edit-config with XML length: 3260
[2026-04-17 02:35:22.333105] | Thread:20635 | [NetconfSession::editData] | Finished edit-config with XML length: 3260
[2026-04-17 02:35:22.333136] | Thread:20635 | [NetconfSession::commit] | Start commit operation.
[2026-04-17 02:35:22.374111] | Thread:20635 | [NetconfSession::commit] | Finished commit operation.
[2026-04-17 02:35:22.374138] | Thread:20635 | [NetworkManager::deployConfigToNode] | Successfully deployed config for node: vstsn01
[2026-04-17 02:35:22.374199] | Thread:20917 | [CncServiceImpl::SetNodeSchedule] | Finished deploying config to node: vstsn01
[2026-04-17 02:35:22.374260] | Thread:20917 | [NetworkManager::fetchOperationGcl] | Start operational GCL fetch
[2026-04-17 02:35:22.374262] | Thread:20917 | [NetworkManager::fetchOperationGclForNode] | Start operational GCL fetch for node: vstsn01
[2026-04-17 02:35:22.374328] | Thread:20635 | [NetconfSession::getData] | Start data fetch with XPath: /ietf-interfaces:interfaces/interface/ieee802-dot1q-bridge:bridge-port/ieee802-dot1q-sched-bridge:gate-parameter-table
[2026-04-17 02:35:22.476483] | Thread:20635 | [NetconfSession::getData] | Got return for path: /ietf-interfaces:interfaces/interface/ieee802-dot1q-bridge:bridge-port/ieee802-dot1q-sched-bridge:gate-parameter-table
[2026-04-17 02:35:22.476651] | Thread:20635 | [GclParser::parseOperationalGclData] | Start operational GCL data parsing
[2026-04-17 02:35:22.476912] | Thread:20635 | [GclParser::parseOperationalGclData] | Finished operational GCL data parsing
[2026-04-17 02:35:22.477032] | Thread:20917 | [NetworkManager::fetchOperationGclForNode] | Start operational GCL fetch for node: vstsn02
[2026-04-17 02:35:22.477091] | Thread:20646 | [NetconfSession::getData] | Start data fetch with XPath: /ietf-interfaces:interfaces/interface/ieee802-dot1q-bridge:bridge-port/ieee802-dot1q-sched-bridge:gate-parameter-table
[2026-04-17 02:35:22.552667] | Thread:20646 | [NetconfSession::getData] | Got return for path: /ietf-interfaces:interfaces/interface/ieee802-dot1q-bridge:bridge-port/ieee802-dot1q-sched-bridge:gate-parameter-table
[2026-04-17 02:35:22.552836] | Thread:20646 | [GclParser::parseOperationalGclData] | Start operational GCL data parsing
[2026-04-17 02:35:22.553190] | Thread:20646 | [GclParser::parseOperationalGclData] | Finished operational GCL data parsing
[2026-04-17 02:35:22.553298] | Thread:20917 | [NetworkManager::fetchOperationGclForNode] | Start operational GCL fetch for node: vstsn03
[2026-04-17 02:35:22.553346] | Thread:20657 | [NetconfSession::getData] | Start data fetch with XPath: /ietf-interfaces:interfaces/interface/ieee802-dot1q-bridge:bridge-port/ieee802-dot1q-sched-bridge:gate-parameter-table
[2026-04-17 02:35:22.589425] | Thread:20657 | [NetconfSession::getData] | Got return for path: /ietf-interfaces:interfaces/interface/ieee802-dot1q-bridge:bridge-port/ieee802-dot1q-sched-bridge:gate-parameter-table
[2026-04-17 02:35:22.589591] | Thread:20657 | [GclParser::parseOperationalGclData] | Start operational GCL data parsing
[2026-04-17 02:35:22.589841] | Thread:20657 | [GclParser::parseOperationalGclData] | Finished operational GCL data parsing
[2026-04-17 02:35:22.589917] | Thread:20917 | [NetworkManager::fetchOperationGcl] | Stop operational GCL fetch
[2026-04-17 02:35:22.589964] | Thread:20917 | [CncServiceImpl::SetNodeSchedule] | Finished setting node schedule (with verification) for node: vstsn01
[2026-04-17 02:35:22.590053] | Thread:20919 | [NetworkManager::deployConfigToNode] | Start config deployment for node: vstsn01
[2026-04-17 02:35:22.590315] | Thread:20635 | [NetconfSession::editData] | Start edit-config with XML length: 3260
[2026-04-17 02:35:22.619771] | Thread:20635 | [NetconfSession::editData] | Finished edit-config with XML length: 3260
[2026-04-17 02:35:22.619819] | Thread:20635 | [NetconfSession::commit] | Start commit operation.
[2026-04-17 02:35:22.660421] | Thread:20635 | [NetconfSession::commit] | Finished commit operation.
[2026-04-17 02:35:22.660448] | Thread:20635 | [NetworkManager::deployConfigToNode] | Successfully deployed config for node: vstsn01
[2026-04-17 02:35:22.660498] | Thread:20919 | [CncServiceImpl::SetNodeSchedule] | Finished deploying config to node: vstsn01
[2026-04-17 02:35:22.660547] | Thread:20919 | [NetworkManager::fetchOperationGcl] | Start operational GCL fetch
[2026-04-17 02:35:22.660549] | Thread:20919 | [NetworkManager::fetchOperationGclForNode] | Start operational GCL fetch for node: vstsn01
[2026-04-17 02:35:22.660592] | Thread:20635 | [NetconfSession::getData] | Start data fetch with XPath: /ietf-interfaces:interfaces/interface/ieee802-dot1q-bridge:bridge-port/ieee802-dot1q-sched-bridge:gate-parameter-table
[2026-04-17 02:35:22.763154] | Thread:20635 | [NetconfSession::getData] | Got return for path: /ietf-interfaces:interfaces/interface/ieee802-dot1q-bridge:bridge-port/ieee802-dot1q-sched-bridge:gate-parameter-table
[2026-04-17 02:35:22.763322] | Thread:20635 | [GclParser::parseOperationalGclData] | Start operational GCL data parsing
[2026-04-17 02:35:22.763593] | Thread:20635 | [GclParser::parseOperationalGclData] | Finished operational GCL data parsing
[2026-04-17 02:35:22.763716] | Thread:20919 | [NetworkManager::fetchOperationGclForNode] | Start operational GCL fetch for node: vstsn02
[2026-04-17 02:35:22.763778] | Thread:20646 | [NetconfSession::getData] | Start data fetch with XPath: /ietf-interfaces:interfaces/interface/ieee802-dot1q-bridge:bridge-port/ieee802-dot1q-sched-bridge:gate-parameter-table
[2026-04-17 02:35:22.844894] | Thread:20646 | [NetconfSession::getData] | Got return for path: /ietf-interfaces:interfaces/interface/ieee802-dot1q-bridge:bridge-port/ieee802-dot1q-sched-bridge:gate-parameter-table
[2026-04-17 02:35:22.845047] | Thread:20646 | [GclParser::parseOperationalGclData] | Start operational GCL data parsing
[2026-04-17 02:35:22.845372] | Thread:20646 | [GclParser::parseOperationalGclData] | Finished operational GCL data parsing
[2026-04-17 02:35:22.845584] | Thread:20919 | [NetworkManager::fetchOperationGclForNode] | Start operational GCL fetch for node: vstsn03
[2026-04-17 02:35:22.845624] | Thread:20657 | [NetconfSession::getData] | Start data fetch with XPath: /ietf-interfaces:interfaces/interface/ieee802-dot1q-bridge:bridge-port/ieee802-dot1q-sched-bridge:gate-parameter-table
[2026-04-17 02:35:22.884268] | Thread:20657 | [NetconfSession::getData] | Got return for path: /ietf-interfaces:interfaces/interface/ieee802-dot1q-bridge:bridge-port/ieee802-dot1q-sched-bridge:gate-parameter-table
[2026-04-17 02:35:22.884368] | Thread:20657 | [GclParser::parseOperationalGclData] | Start operational GCL data parsing
[2026-04-17 02:35:22.884520] | Thread:20657 | [GclParser::parseOperationalGclData] | Finished operational GCL data parsing
[2026-04-17 02:35:22.884630] | Thread:20919 | [NetworkManager::fetchOperationGcl] | Stop operational GCL fetch
[2026-04-17 02:35:22.884672] | Thread:20919 | [CncServiceImpl::SetNodeSchedule] | Finished setting node schedule (with verification) for node: vstsn01
[2026-04-17 02:35:22.884755] | Thread:20921 | [NetworkManager::deployConfigToNode] | Start config deployment for node: vstsn01
[2026-04-17 02:35:22.884918] | Thread:20635 | [NetconfSession::editData] | Start edit-config with XML length: 3260
[2026-04-17 02:35:22.914805] | Thread:20635 | [NetconfSession::editData] | Finished edit-config with XML length: 3260
[2026-04-17 02:35:22.914850] | Thread:20635 | [NetconfSession::commit] | Start commit operation.
[2026-04-17 02:35:22.956140] | Thread:20635 | [NetconfSession::commit] | Finished commit operation.
[2026-04-17 02:35:22.956176] | Thread:20635 | [NetworkManager::deployConfigToNode] | Successfully deployed config for node: vstsn01
[2026-04-17 02:35:22.956213] | Thread:20921 | [CncServiceImpl::SetNodeSchedule] | Finished deploying config to node: vstsn01
[2026-04-17 02:35:22.956234] | Thread:20921 | [NetworkManager::fetchOperationGcl] | Start operational GCL fetch
[2026-04-17 02:35:22.956249] | Thread:20921 | [NetworkManager::fetchOperationGclForNode] | Start operational GCL fetch for node: vstsn01
[2026-04-17 02:35:22.956350] | Thread:20635 | [NetconfSession::getData] | Start data fetch with XPath: /ietf-interfaces:interfaces/interface/ieee802-dot1q-bridge:bridge-port/ieee802-dot1q-sched-bridge:gate-parameter-table
[2026-04-17 02:35:23.058622] | Thread:20635 | [NetconfSession::getData] | Got return for path: /ietf-interfaces:interfaces/interface/ieee802-dot1q-bridge:bridge-port/ieee802-dot1q-sched-bridge:gate-parameter-table
[2026-04-17 02:35:23.058729] | Thread:20635 | [GclParser::parseOperationalGclData] | Start operational GCL data parsing
[2026-04-17 02:35:23.058964] | Thread:20635 | [GclParser::parseOperationalGclData] | Finished operational GCL data parsing
[2026-04-17 02:35:23.059072] | Thread:20921 | [NetworkManager::fetchOperationGclForNode] | Start operational GCL fetch for node: vstsn02
[2026-04-17 02:35:23.059146] | Thread:20646 | [NetconfSession::getData] | Start data fetch with XPath: /ietf-interfaces:interfaces/interface/ieee802-dot1q-bridge:bridge-port/ieee802-dot1q-sched-bridge:gate-parameter-table
[2026-04-17 02:35:23.135544] | Thread:20646 | [NetconfSession::getData] | Got return for path: /ietf-interfaces:interfaces/interface/ieee802-dot1q-bridge:bridge-port/ieee802-dot1q-sched-bridge:gate-parameter-table
[2026-04-17 02:35:23.135708] | Thread:20646 | [GclParser::parseOperationalGclData] | Start operational GCL data parsing
[2026-04-17 02:35:23.136083] | Thread:20646 | [GclParser::parseOperationalGclData] | Finished operational GCL data parsing
[2026-04-17 02:35:23.136150] | Thread:20921 | [NetworkManager::fetchOperationGclForNode] | Start operational GCL fetch for node: vstsn03
[2026-04-17 02:35:23.136187] | Thread:20657 | [NetconfSession::getData] | Start data fetch with XPath: /ietf-interfaces:interfaces/interface/ieee802-dot1q-bridge:bridge-port/ieee802-dot1q-sched-bridge:gate-parameter-table
[2026-04-17 02:35:23.174358] | Thread:20657 | [NetconfSession::getData] | Got return for path: /ietf-interfaces:interfaces/interface/ieee802-dot1q-bridge:bridge-port/ieee802-dot1q-sched-bridge:gate-parameter-table
[2026-04-17 02:35:23.174518] | Thread:20657 | [GclParser::parseOperationalGclData] | Start operational GCL data parsing
[2026-04-17 02:35:23.174793] | Thread:20657 | [GclParser::parseOperationalGclData] | Finished operational GCL data parsing
[2026-04-17 02:35:23.175011] | Thread:20921 | [NetworkManager::fetchOperationGcl] | Stop operational GCL fetch
[2026-04-17 02:35:23.175101] | Thread:20921 | [CncServiceImpl::SetNodeSchedule] | Finished setting node schedule (with verification) for node: vstsn01
[2026-04-17 02:35:23.175269] | Thread:20923 | [NetworkManager::deployConfigToNode] | Start config deployment for node: vstsn01
[2026-04-17 02:35:23.175470] | Thread:20635 | [NetconfSession::editData] | Start edit-config with XML length: 3260
[2026-04-17 02:35:23.204016] | Thread:20635 | [NetconfSession::editData] | Finished edit-config with XML length: 3260
[2026-04-17 02:35:23.204046] | Thread:20635 | [NetconfSession::commit] | Start commit operation.
[2026-04-17 02:35:23.245515] | Thread:20635 | [NetconfSession::commit] | Finished commit operation.
[2026-04-17 02:35:23.245539] | Thread:20635 | [NetworkManager::deployConfigToNode] | Successfully deployed config for node: vstsn01
[2026-04-17 02:35:23.245589] | Thread:20923 | [CncServiceImpl::SetNodeSchedule] | Finished deploying config to node: vstsn01
[2026-04-17 02:35:23.245642] | Thread:20923 | [NetworkManager::fetchOperationGcl] | Start operational GCL fetch
[2026-04-17 02:35:23.245644] | Thread:20923 | [NetworkManager::fetchOperationGclForNode] | Start operational GCL fetch for node: vstsn01
[2026-04-17 02:35:23.245680] | Thread:20635 | [NetconfSession::getData] | Start data fetch with XPath: /ietf-interfaces:interfaces/interface/ieee802-dot1q-bridge:bridge-port/ieee802-dot1q-sched-bridge:gate-parameter-table
[2026-04-17 02:35:23.315047] | Thread:20635 | [NetconfSession::getData] | Got return for path: /ietf-interfaces:interfaces/interface/ieee802-dot1q-bridge:bridge-port/ieee802-dot1q-sched-bridge:gate-parameter-table
[2026-04-17 02:35:23.315202] | Thread:20635 | [GclParser::parseOperationalGclData] | Start operational GCL data parsing
[2026-04-17 02:35:23.315462] | Thread:20635 | [GclParser::parseOperationalGclData] | Finished operational GCL data parsing
[2026-04-17 02:35:23.315599] | Thread:20923 | [NetworkManager::fetchOperationGclForNode] | Start operational GCL fetch for node: vstsn02
[2026-04-17 02:35:23.315645] | Thread:20646 | [NetconfSession::getData] | Start data fetch with XPath: /ietf-interfaces:interfaces/interface/ieee802-dot1q-bridge:bridge-port/ieee802-dot1q-sched-bridge:gate-parameter-table
[2026-04-17 02:35:23.389701] | Thread:20646 | [NetconfSession::getData] | Got return for path: /ietf-interfaces:interfaces/interface/ieee802-dot1q-bridge:bridge-port/ieee802-dot1q-sched-bridge:gate-parameter-table
[2026-04-17 02:35:23.389868] | Thread:20646 | [GclParser::parseOperationalGclData] | Start operational GCL data parsing
[2026-04-17 02:35:23.390197] | Thread:20646 | [GclParser::parseOperationalGclData] | Finished operational GCL data parsing
[2026-04-17 02:35:23.390324] | Thread:20923 | [NetworkManager::fetchOperationGclForNode] | Start operational GCL fetch for node: vstsn03
[2026-04-17 02:35:23.390366] | Thread:20657 | [NetconfSession::getData] | Start data fetch with XPath: /ietf-interfaces:interfaces/interface/ieee802-dot1q-bridge:bridge-port/ieee802-dot1q-sched-bridge:gate-parameter-table
[2026-04-17 02:35:23.426336] | Thread:20657 | [NetconfSession::getData] | Got return for path: /ietf-interfaces:interfaces/interface/ieee802-dot1q-bridge:bridge-port/ieee802-dot1q-sched-bridge:gate-parameter-table
[2026-04-17 02:35:23.426465] | Thread:20657 | [GclParser::parseOperationalGclData] | Start operational GCL data parsing
[2026-04-17 02:35:23.426676] | Thread:20657 | [GclParser::parseOperationalGclData] | Finished operational GCL data parsing
[2026-04-17 02:35:23.426846] | Thread:20923 | [NetworkManager::fetchOperationGcl] | Stop operational GCL fetch
[2026-04-17 02:35:23.426895] | Thread:20923 | [CncServiceImpl::SetNodeSchedule] | Finished setting node schedule (with verification) for node: vstsn01
[2026-04-17 02:35:23.427002] | Thread:20925 | [NetworkManager::deployConfigToNode] | Start config deployment for node: vstsn01
[2026-04-17 02:35:23.427141] | Thread:20635 | [NetconfSession::editData] | Start edit-config with XML length: 3260
[2026-04-17 02:35:23.455526] | Thread:20635 | [NetconfSession::editData] | Finished edit-config with XML length: 3260
[2026-04-17 02:35:23.455547] | Thread:20635 | [NetconfSession::commit] | Start commit operation.
[2026-04-17 02:35:23.498041] | Thread:20635 | [NetconfSession::commit] | Finished commit operation.
[2026-04-17 02:35:23.498068] | Thread:20635 | [NetworkManager::deployConfigToNode] | Successfully deployed config for node: vstsn01
[2026-04-17 02:35:23.498170] | Thread:20925 | [CncServiceImpl::SetNodeSchedule] | Finished deploying config to node: vstsn01
[2026-04-17 02:35:23.498217] | Thread:20925 | [NetworkManager::fetchOperationGcl] | Start operational GCL fetch
[2026-04-17 02:35:23.498219] | Thread:20925 | [NetworkManager::fetchOperationGclForNode] | Start operational GCL fetch for node: vstsn01
[2026-04-17 02:35:23.498262] | Thread:20635 | [NetconfSession::getData] | Start data fetch with XPath: /ietf-interfaces:interfaces/interface/ieee802-dot1q-bridge:bridge-port/ieee802-dot1q-sched-bridge:gate-parameter-table
[2026-04-17 02:35:23.611549] | Thread:20635 | [NetconfSession::getData] | Got return for path: /ietf-interfaces:interfaces/interface/ieee802-dot1q-bridge:bridge-port/ieee802-dot1q-sched-bridge:gate-parameter-table
[2026-04-17 02:35:23.611664] | Thread:20635 | [GclParser::parseOperationalGclData] | Start operational GCL data parsing
[2026-04-17 02:35:23.611986] | Thread:20635 | [GclParser::parseOperationalGclData] | Finished operational GCL data parsing
[2026-04-17 02:35:23.612110] | Thread:20925 | [NetworkManager::fetchOperationGclForNode] | Start operational GCL fetch for node: vstsn02
[2026-04-17 02:35:23.612216] | Thread:20646 | [NetconfSession::getData] | Start data fetch with XPath: /ietf-interfaces:interfaces/interface/ieee802-dot1q-bridge:bridge-port/ieee802-dot1q-sched-bridge:gate-parameter-table
[2026-04-17 02:35:23.686864] | Thread:20646 | [NetconfSession::getData] | Got return for path: /ietf-interfaces:interfaces/interface/ieee802-dot1q-bridge:bridge-port/ieee802-dot1q-sched-bridge:gate-parameter-table
[2026-04-17 02:35:23.687028] | Thread:20646 | [GclParser::parseOperationalGclData] | Start operational GCL data parsing
[2026-04-17 02:35:23.687409] | Thread:20646 | [GclParser::parseOperationalGclData] | Finished operational GCL data parsing
[2026-04-17 02:35:23.687536] | Thread:20925 | [NetworkManager::fetchOperationGclForNode] | Start operational GCL fetch for node: vstsn03
[2026-04-17 02:35:23.687655] | Thread:20657 | [NetconfSession::getData] | Start data fetch with XPath: /ietf-interfaces:interfaces/interface/ieee802-dot1q-bridge:bridge-port/ieee802-dot1q-sched-bridge:gate-parameter-table
[2026-04-17 02:35:23.722132] | Thread:20657 | [NetconfSession::getData] | Got return for path: /ietf-interfaces:interfaces/interface/ieee802-dot1q-bridge:bridge-port/ieee802-dot1q-sched-bridge:gate-parameter-table
[2026-04-17 02:35:23.722238] | Thread:20657 | [GclParser::parseOperationalGclData] | Start operational GCL data parsing
[2026-04-17 02:35:23.722380] | Thread:20657 | [GclParser::parseOperationalGclData] | Finished operational GCL data parsing
[2026-04-17 02:35:23.722539] | Thread:20925 | [NetworkManager::fetchOperationGcl] | Stop operational GCL fetch
[2026-04-17 02:35:23.722597] | Thread:20925 | [CncServiceImpl::SetNodeSchedule] | Finished setting node schedule (with verification) for node: vstsn01
[2026-04-17 02:35:23.722712] | Thread:20927 | [NetworkManager::deployConfigToNode] | Start config deployment for node: vstsn01
[2026-04-17 02:35:23.722820] | Thread:20635 | [NetconfSession::editData] | Start edit-config with XML length: 3260
[2026-04-17 02:35:23.752279] | Thread:20635 | [NetconfSession::editData] | Finished edit-config with XML length: 3260
[2026-04-17 02:35:23.752304] | Thread:20635 | [NetconfSession::commit] | Start commit operation.
[2026-04-17 02:35:23.802376] | Thread:20635 | [NetconfSession::commit] | Finished commit operation.
[2026-04-17 02:35:23.802398] | Thread:20635 | [NetworkManager::deployConfigToNode] | Successfully deployed config for node: vstsn01
[2026-04-17 02:35:23.802436] | Thread:20927 | [CncServiceImpl::SetNodeSchedule] | Finished deploying config to node: vstsn01
[2026-04-17 02:35:23.802470] | Thread:20927 | [NetworkManager::fetchOperationGcl] | Start operational GCL fetch
[2026-04-17 02:35:23.802471] | Thread:20927 | [NetworkManager::fetchOperationGclForNode] | Start operational GCL fetch for node: vstsn01
[2026-04-17 02:35:23.802507] | Thread:20635 | [NetconfSession::getData] | Start data fetch with XPath: /ietf-interfaces:interfaces/interface/ieee802-dot1q-bridge:bridge-port/ieee802-dot1q-sched-bridge:gate-parameter-table
[2026-04-17 02:35:23.910628] | Thread:20635 | [NetconfSession::getData] | Got return for path: /ietf-interfaces:interfaces/interface/ieee802-dot1q-bridge:bridge-port/ieee802-dot1q-sched-bridge:gate-parameter-table
[2026-04-17 02:35:23.910733] | Thread:20635 | [GclParser::parseOperationalGclData] | Start operational GCL data parsing
[2026-04-17 02:35:23.910938] | Thread:20635 | [GclParser::parseOperationalGclData] | Finished operational GCL data parsing
[2026-04-17 02:35:23.911098] | Thread:20927 | [NetworkManager::fetchOperationGclForNode] | Start operational GCL fetch for node: vstsn02
[2026-04-17 02:35:23.911143] | Thread:20646 | [NetconfSession::getData] | Start data fetch with XPath: /ietf-interfaces:interfaces/interface/ieee802-dot1q-bridge:bridge-port/ieee802-dot1q-sched-bridge:gate-parameter-table
[2026-04-17 02:35:23.986282] | Thread:20646 | [NetconfSession::getData] | Got return for path: /ietf-interfaces:interfaces/interface/ieee802-dot1q-bridge:bridge-port/ieee802-dot1q-sched-bridge:gate-parameter-table
[2026-04-17 02:35:23.986424] | Thread:20646 | [GclParser::parseOperationalGclData] | Start operational GCL data parsing
[2026-04-17 02:35:23.986776] | Thread:20646 | [GclParser::parseOperationalGclData] | Finished operational GCL data parsing
[2026-04-17 02:35:23.986866] | Thread:20927 | [NetworkManager::fetchOperationGclForNode] | Start operational GCL fetch for node: vstsn03
[2026-04-17 02:35:23.986908] | Thread:20657 | [NetconfSession::getData] | Start data fetch with XPath: /ietf-interfaces:interfaces/interface/ieee802-dot1q-bridge:bridge-port/ieee802-dot1q-sched-bridge:gate-parameter-table
[2026-04-17 02:35:24.022390] | Thread:20657 | [NetconfSession::getData] | Got return for path: /ietf-interfaces:interfaces/interface/ieee802-dot1q-bridge:bridge-port/ieee802-dot1q-sched-bridge:gate-parameter-table
[2026-04-17 02:35:24.022503] | Thread:20657 | [GclParser::parseOperationalGclData] | Start operational GCL data parsing
[2026-04-17 02:35:24.022647] | Thread:20657 | [GclParser::parseOperationalGclData] | Finished operational GCL data parsing
[2026-04-17 02:35:24.022770] | Thread:20927 | [NetworkManager::fetchOperationGcl] | Stop operational GCL fetch
[2026-04-17 02:35:24.022828] | Thread:20927 | [CncServiceImpl::SetNodeSchedule] | Finished setting node schedule (with verification) for node: vstsn01
[2026-04-17 02:35:24.022955] | Thread:20929 | [NetworkManager::deployConfigToNode] | Start config deployment for node: vstsn01
[2026-04-17 02:35:24.023073] | Thread:20635 | [NetconfSession::editData] | Start edit-config with XML length: 3260
[2026-04-17 02:35:24.050198] | Thread:20635 | [NetconfSession::editData] | Finished edit-config with XML length: 3260
[2026-04-17 02:35:24.050225] | Thread:20635 | [NetconfSession::commit] | Start commit operation.
[2026-04-17 02:35:24.092669] | Thread:20635 | [NetconfSession::commit] | Finished commit operation.
[2026-04-17 02:35:24.092690] | Thread:20635 | [NetworkManager::deployConfigToNode] | Successfully deployed config for node: vstsn01
[2026-04-17 02:35:24.092811] | Thread:20929 | [CncServiceImpl::SetNodeSchedule] | Finished deploying config to node: vstsn01
[2026-04-17 02:35:24.092849] | Thread:20929 | [NetworkManager::fetchOperationGcl] | Start operational GCL fetch
[2026-04-17 02:35:24.092851] | Thread:20929 | [NetworkManager::fetchOperationGclForNode] | Start operational GCL fetch for node: vstsn01
[2026-04-17 02:35:24.092916] | Thread:20635 | [NetconfSession::getData] | Start data fetch with XPath: /ietf-interfaces:interfaces/interface/ieee802-dot1q-bridge:bridge-port/ieee802-dot1q-sched-bridge:gate-parameter-table
[2026-04-17 02:35:24.196188] | Thread:20635 | [NetconfSession::getData] | Got return for path: /ietf-interfaces:interfaces/interface/ieee802-dot1q-bridge:bridge-port/ieee802-dot1q-sched-bridge:gate-parameter-table
[2026-04-17 02:35:24.196289] | Thread:20635 | [GclParser::parseOperationalGclData] | Start operational GCL data parsing
[2026-04-17 02:35:24.196496] | Thread:20635 | [GclParser::parseOperationalGclData] | Finished operational GCL data parsing
[2026-04-17 02:35:24.196668] | Thread:20929 | [NetworkManager::fetchOperationGclForNode] | Start operational GCL fetch for node: vstsn02
[2026-04-17 02:35:24.196763] | Thread:20646 | [NetconfSession::getData] | Start data fetch with XPath: /ietf-interfaces:interfaces/interface/ieee802-dot1q-bridge:bridge-port/ieee802-dot1q-sched-bridge:gate-parameter-table
[2026-04-17 02:35:24.298111] | Thread:20646 | [NetconfSession::getData] | Got return for path: /ietf-interfaces:interfaces/interface/ieee802-dot1q-bridge:bridge-port/ieee802-dot1q-sched-bridge:gate-parameter-table
[2026-04-17 02:35:24.298297] | Thread:20646 | [GclParser::parseOperationalGclData] | Start operational GCL data parsing
[2026-04-17 02:35:24.298804] | Thread:20646 | [GclParser::parseOperationalGclData] | Finished operational GCL data parsing
[2026-04-17 02:35:24.298935] | Thread:20929 | [NetworkManager::fetchOperationGclForNode] | Start operational GCL fetch for node: vstsn03
[2026-04-17 02:35:24.298987] | Thread:20657 | [NetconfSession::getData] | Start data fetch with XPath: /ietf-interfaces:interfaces/interface/ieee802-dot1q-bridge:bridge-port/ieee802-dot1q-sched-bridge:gate-parameter-table
[2026-04-17 02:35:24.337368] | Thread:20657 | [NetconfSession::getData] | Got return for path: /ietf-interfaces:interfaces/interface/ieee802-dot1q-bridge:bridge-port/ieee802-dot1q-sched-bridge:gate-parameter-table
[2026-04-17 02:35:24.337483] | Thread:20657 | [GclParser::parseOperationalGclData] | Start operational GCL data parsing
[2026-04-17 02:35:24.337631] | Thread:20657 | [GclParser::parseOperationalGclData] | Finished operational GCL data parsing
[2026-04-17 02:35:24.337732] | Thread:20929 | [NetworkManager::fetchOperationGcl] | Stop operational GCL fetch
[2026-04-17 02:35:24.337789] | Thread:20929 | [CncServiceImpl::SetNodeSchedule] | Finished setting node schedule (with verification) for node: vstsn01
[2026-04-17 02:35:24.337832] | Thread:20931 | [NetworkManager::deployConfigToNode] | Start config deployment for node: vstsn01
[2026-04-17 02:35:24.338041] | Thread:20635 | [NetconfSession::editData] | Start edit-config with XML length: 3260
[2026-04-17 02:35:24.366567] | Thread:20635 | [NetconfSession::editData] | Finished edit-config with XML length: 3260
[2026-04-17 02:35:24.366587] | Thread:20635 | [NetconfSession::commit] | Start commit operation.
[2026-04-17 02:35:24.407942] | Thread:20635 | [NetconfSession::commit] | Finished commit operation.
[2026-04-17 02:35:24.407964] | Thread:20635 | [NetworkManager::deployConfigToNode] | Successfully deployed config for node: vstsn01
[2026-04-17 02:35:24.408062] | Thread:20931 | [CncServiceImpl::SetNodeSchedule] | Finished deploying config to node: vstsn01
[2026-04-17 02:35:24.408132] | Thread:20931 | [NetworkManager::fetchOperationGcl] | Start operational GCL fetch
[2026-04-17 02:35:24.408135] | Thread:20931 | [NetworkManager::fetchOperationGclForNode] | Start operational GCL fetch for node: vstsn01
[2026-04-17 02:35:24.408189] | Thread:20635 | [NetconfSession::getData] | Start data fetch with XPath: /ietf-interfaces:interfaces/interface/ieee802-dot1q-bridge:bridge-port/ieee802-dot1q-sched-bridge:gate-parameter-table
[2026-04-17 02:35:24.513836] | Thread:20635 | [NetconfSession::getData] | Got return for path: /ietf-interfaces:interfaces/interface/ieee802-dot1q-bridge:bridge-port/ieee802-dot1q-sched-bridge:gate-parameter-table
[2026-04-17 02:35:24.513941] | Thread:20635 | [GclParser::parseOperationalGclData] | Start operational GCL data parsing
[2026-04-17 02:35:24.514183] | Thread:20635 | [GclParser::parseOperationalGclData] | Finished operational GCL data parsing
[2026-04-17 02:35:24.514304] | Thread:20931 | [NetworkManager::fetchOperationGclForNode] | Start operational GCL fetch for node: vstsn02
[2026-04-17 02:35:24.514372] | Thread:20646 | [NetconfSession::getData] | Start data fetch with XPath: /ietf-interfaces:interfaces/interface/ieee802-dot1q-bridge:bridge-port/ieee802-dot1q-sched-bridge:gate-parameter-table
[2026-04-17 02:35:24.591573] | Thread:20646 | [NetconfSession::getData] | Got return for path: /ietf-interfaces:interfaces/interface/ieee802-dot1q-bridge:bridge-port/ieee802-dot1q-sched-bridge:gate-parameter-table
[2026-04-17 02:35:24.591719] | Thread:20646 | [GclParser::parseOperationalGclData] | Start operational GCL data parsing
[2026-04-17 02:35:24.592087] | Thread:20646 | [GclParser::parseOperationalGclData] | Finished operational GCL data parsing
[2026-04-17 02:35:24.592188] | Thread:20931 | [NetworkManager::fetchOperationGclForNode] | Start operational GCL fetch for node: vstsn03
[2026-04-17 02:35:24.592267] | Thread:20657 | [NetconfSession::getData] | Start data fetch with XPath: /ietf-interfaces:interfaces/interface/ieee802-dot1q-bridge:bridge-port/ieee802-dot1q-sched-bridge:gate-parameter-table
[2026-04-17 02:35:24.627922] | Thread:20657 | [NetconfSession::getData] | Got return for path: /ietf-interfaces:interfaces/interface/ieee802-dot1q-bridge:bridge-port/ieee802-dot1q-sched-bridge:gate-parameter-table
[2026-04-17 02:35:24.628061] | Thread:20657 | [GclParser::parseOperationalGclData] | Start operational GCL data parsing
[2026-04-17 02:35:24.628225] | Thread:20657 | [GclParser::parseOperationalGclData] | Finished operational GCL data parsing
[2026-04-17 02:35:24.628286] | Thread:20931 | [NetworkManager::fetchOperationGcl] | Stop operational GCL fetch
[2026-04-17 02:35:24.628327] | Thread:20931 | [CncServiceImpl::SetNodeSchedule] | Finished setting node schedule (with verification) for node: vstsn01
[2026-04-17 02:35:24.628378] | Thread:20932 | [NetworkManager::deployConfigToNode] | Start config deployment for node: vstsn01
[2026-04-17 02:35:24.628498] | Thread:20635 | [NetconfSession::editData] | Start edit-config with XML length: 3260
[2026-04-17 02:35:24.655852] | Thread:20635 | [NetconfSession::editData] | Finished edit-config with XML length: 3260
[2026-04-17 02:35:24.655897] | Thread:20635 | [NetconfSession::commit] | Start commit operation.
[2026-04-17 02:35:24.695938] | Thread:20635 | [NetconfSession::commit] | Finished commit operation.
[2026-04-17 02:35:24.695983] | Thread:20635 | [NetworkManager::deployConfigToNode] | Successfully deployed config for node: vstsn01
[2026-04-17 02:35:24.696029] | Thread:20932 | [CncServiceImpl::SetNodeSchedule] | Finished deploying config to node: vstsn01
[2026-04-17 02:35:24.696051] | Thread:20932 | [NetworkManager::fetchOperationGcl] | Start operational GCL fetch
[2026-04-17 02:35:24.696052] | Thread:20932 | [NetworkManager::fetchOperationGclForNode] | Start operational GCL fetch for node: vstsn01
[2026-04-17 02:35:24.696111] | Thread:20635 | [NetconfSession::getData] | Start data fetch with XPath: /ietf-interfaces:interfaces/interface/ieee802-dot1q-bridge:bridge-port/ieee802-dot1q-sched-bridge:gate-parameter-table
[2026-04-17 02:35:24.796490] | Thread:20635 | [NetconfSession::getData] | Got return for path: /ietf-interfaces:interfaces/interface/ieee802-dot1q-bridge:bridge-port/ieee802-dot1q-sched-bridge:gate-parameter-table
[2026-04-17 02:35:24.796659] | Thread:20635 | [GclParser::parseOperationalGclData] | Start operational GCL data parsing
[2026-04-17 02:35:24.796947] | Thread:20635 | [GclParser::parseOperationalGclData] | Finished operational GCL data parsing
[2026-04-17 02:35:24.797021] | Thread:20932 | [NetworkManager::fetchOperationGclForNode] | Start operational GCL fetch for node: vstsn02
[2026-04-17 02:35:24.797066] | Thread:20646 | [NetconfSession::getData] | Start data fetch with XPath: /ietf-interfaces:interfaces/interface/ieee802-dot1q-bridge:bridge-port/ieee802-dot1q-sched-bridge:gate-parameter-table
[2026-04-17 02:35:24.871458] | Thread:20646 | [NetconfSession::getData] | Got return for path: /ietf-interfaces:interfaces/interface/ieee802-dot1q-bridge:bridge-port/ieee802-dot1q-sched-bridge:gate-parameter-table
[2026-04-17 02:35:24.871626] | Thread:20646 | [GclParser::parseOperationalGclData] | Start operational GCL data parsing
[2026-04-17 02:35:24.871960] | Thread:20646 | [GclParser::parseOperationalGclData] | Finished operational GCL data parsing
[2026-04-17 02:35:24.872092] | Thread:20932 | [NetworkManager::fetchOperationGclForNode] | Start operational GCL fetch for node: vstsn03
[2026-04-17 02:35:24.872179] | Thread:20657 | [NetconfSession::getData] | Start data fetch with XPath: /ietf-interfaces:interfaces/interface/ieee802-dot1q-bridge:bridge-port/ieee802-dot1q-sched-bridge:gate-parameter-table
[2026-04-17 02:35:24.913108] | Thread:20657 | [NetconfSession::getData] | Got return for path: /ietf-interfaces:interfaces/interface/ieee802-dot1q-bridge:bridge-port/ieee802-dot1q-sched-bridge:gate-parameter-table
[2026-04-17 02:35:24.913252] | Thread:20657 | [GclParser::parseOperationalGclData] | Start operational GCL data parsing
[2026-04-17 02:35:24.913467] | Thread:20657 | [GclParser::parseOperationalGclData] | Finished operational GCL data parsing
[2026-04-17 02:35:24.913539] | Thread:20932 | [NetworkManager::fetchOperationGcl] | Stop operational GCL fetch
[2026-04-17 02:35:24.913583] | Thread:20932 | [CncServiceImpl::SetNodeSchedule] | Finished setting node schedule (with verification) for node: vstsn01
[2026-04-17 02:35:24.913652] | Thread:20835 | [NetworkManager::deployConfigToNode] | Start config deployment for node: vstsn01
[2026-04-17 02:35:24.913743] | Thread:20635 | [NetconfSession::editData] | Start edit-config with XML length: 3260
[2026-04-17 02:35:24.943211] | Thread:20635 | [NetconfSession::editData] | Finished edit-config with XML length: 3260
[2026-04-17 02:35:24.943234] | Thread:20635 | [NetconfSession::commit] | Start commit operation.
[2026-04-17 02:35:24.983288] | Thread:20635 | [NetconfSession::commit] | Finished commit operation.
[2026-04-17 02:35:24.983315] | Thread:20635 | [NetworkManager::deployConfigToNode] | Successfully deployed config for node: vstsn01
[2026-04-17 02:35:24.983499] | Thread:20835 | [CncServiceImpl::SetNodeSchedule] | Finished deploying config to node: vstsn01
[2026-04-17 02:35:24.983529] | Thread:20835 | [NetworkManager::fetchOperationGcl] | Start operational GCL fetch
[2026-04-17 02:35:24.983531] | Thread:20835 | [NetworkManager::fetchOperationGclForNode] | Start operational GCL fetch for node: vstsn01
[2026-04-17 02:35:24.983577] | Thread:20635 | [NetconfSession::getData] | Start data fetch with XPath: /ietf-interfaces:interfaces/interface/ieee802-dot1q-bridge:bridge-port/ieee802-dot1q-sched-bridge:gate-parameter-table
[2026-04-17 02:35:25.086562] | Thread:20635 | [NetconfSession::getData] | Got return for path: /ietf-interfaces:interfaces/interface/ieee802-dot1q-bridge:bridge-port/ieee802-dot1q-sched-bridge:gate-parameter-table
[2026-04-17 02:35:25.086684] | Thread:20635 | [GclParser::parseOperationalGclData] | Start operational GCL data parsing
[2026-04-17 02:35:25.087013] | Thread:20635 | [GclParser::parseOperationalGclData] | Finished operational GCL data parsing
[2026-04-17 02:35:25.087131] | Thread:20835 | [NetworkManager::fetchOperationGclForNode] | Start operational GCL fetch for node: vstsn02
[2026-04-17 02:35:25.087208] | Thread:20646 | [NetconfSession::getData] | Start data fetch with XPath: /ietf-interfaces:interfaces/interface/ieee802-dot1q-bridge:bridge-port/ieee802-dot1q-sched-bridge:gate-parameter-table
[2026-04-17 02:35:25.166066] | Thread:20646 | [NetconfSession::getData] | Got return for path: /ietf-interfaces:interfaces/interface/ieee802-dot1q-bridge:bridge-port/ieee802-dot1q-sched-bridge:gate-parameter-table
[2026-04-17 02:35:25.166254] | Thread:20646 | [GclParser::parseOperationalGclData] | Start operational GCL data parsing
[2026-04-17 02:35:25.166598] | Thread:20646 | [GclParser::parseOperationalGclData] | Finished operational GCL data parsing
[2026-04-17 02:35:25.166800] | Thread:20835 | [NetworkManager::fetchOperationGclForNode] | Start operational GCL fetch for node: vstsn03
[2026-04-17 02:35:25.166854] | Thread:20657 | [NetconfSession::getData] | Start data fetch with XPath: /ietf-interfaces:interfaces/interface/ieee802-dot1q-bridge:bridge-port/ieee802-dot1q-sched-bridge:gate-parameter-table
[2026-04-17 02:35:25.203928] | Thread:20657 | [NetconfSession::getData] | Got return for path: /ietf-interfaces:interfaces/interface/ieee802-dot1q-bridge:bridge-port/ieee802-dot1q-sched-bridge:gate-parameter-table
[2026-04-17 02:35:25.204073] | Thread:20657 | [GclParser::parseOperationalGclData] | Start operational GCL data parsing
[2026-04-17 02:35:25.204278] | Thread:20657 | [GclParser::parseOperationalGclData] | Finished operational GCL data parsing
[2026-04-17 02:35:25.204368] | Thread:20835 | [NetworkManager::fetchOperationGcl] | Stop operational GCL fetch
[2026-04-17 02:35:25.204423] | Thread:20835 | [CncServiceImpl::SetNodeSchedule] | Finished setting node schedule (with verification) for node: vstsn01
[2026-04-17 02:35:25.204524] | Thread:20937 | [NetworkManager::deployConfigToNode] | Start config deployment for node: vstsn01
[2026-04-17 02:35:25.204668] | Thread:20635 | [NetconfSession::editData] | Start edit-config with XML length: 3260
[2026-04-17 02:35:25.232549] | Thread:20635 | [NetconfSession::editData] | Finished edit-config with XML length: 3260
[2026-04-17 02:35:25.232575] | Thread:20635 | [NetconfSession::commit] | Start commit operation.
[2026-04-17 02:35:25.275331] | Thread:20635 | [NetconfSession::commit] | Finished commit operation.
[2026-04-17 02:35:25.275354] | Thread:20635 | [NetworkManager::deployConfigToNode] | Successfully deployed config for node: vstsn01
[2026-04-17 02:35:25.275473] | Thread:20937 | [CncServiceImpl::SetNodeSchedule] | Finished deploying config to node: vstsn01
[2026-04-17 02:35:25.275608] | Thread:20937 | [NetworkManager::fetchOperationGcl] | Start operational GCL fetch
[2026-04-17 02:35:25.275667] | Thread:20937 | [NetworkManager::fetchOperationGclForNode] | Start operational GCL fetch for node: vstsn01
[2026-04-17 02:35:25.275796] | Thread:20635 | [NetconfSession::getData] | Start data fetch with XPath: /ietf-interfaces:interfaces/interface/ieee802-dot1q-bridge:bridge-port/ieee802-dot1q-sched-bridge:gate-parameter-table
[2026-04-17 02:35:25.391566] | Thread:20635 | [NetconfSession::getData] | Got return for path: /ietf-interfaces:interfaces/interface/ieee802-dot1q-bridge:bridge-port/ieee802-dot1q-sched-bridge:gate-parameter-table
[2026-04-17 02:35:25.391669] | Thread:20635 | [GclParser::parseOperationalGclData] | Start operational GCL data parsing
[2026-04-17 02:35:25.391997] | Thread:20635 | [GclParser::parseOperationalGclData] | Finished operational GCL data parsing
[2026-04-17 02:35:25.392143] | Thread:20937 | [NetworkManager::fetchOperationGclForNode] | Start operational GCL fetch for node: vstsn02
[2026-04-17 02:35:25.392266] | Thread:20646 | [NetconfSession::getData] | Start data fetch with XPath: /ietf-interfaces:interfaces/interface/ieee802-dot1q-bridge:bridge-port/ieee802-dot1q-sched-bridge:gate-parameter-table
[2026-04-17 02:35:25.469335] | Thread:20646 | [NetconfSession::getData] | Got return for path: /ietf-interfaces:interfaces/interface/ieee802-dot1q-bridge:bridge-port/ieee802-dot1q-sched-bridge:gate-parameter-table
[2026-04-17 02:35:25.469503] | Thread:20646 | [GclParser::parseOperationalGclData] | Start operational GCL data parsing
[2026-04-17 02:35:25.469845] | Thread:20646 | [GclParser::parseOperationalGclData] | Finished operational GCL data parsing
[2026-04-17 02:35:25.469944] | Thread:20937 | [NetworkManager::fetchOperationGclForNode] | Start operational GCL fetch for node: vstsn03
[2026-04-17 02:35:25.470046] | Thread:20657 | [NetconfSession::getData] | Start data fetch with XPath: /ietf-interfaces:interfaces/interface/ieee802-dot1q-bridge:bridge-port/ieee802-dot1q-sched-bridge:gate-parameter-table
[2026-04-17 02:35:25.508005] | Thread:20657 | [NetconfSession::getData] | Got return for path: /ietf-interfaces:interfaces/interface/ieee802-dot1q-bridge:bridge-port/ieee802-dot1q-sched-bridge:gate-parameter-table
[2026-04-17 02:35:25.508121] | Thread:20657 | [GclParser::parseOperationalGclData] | Start operational GCL data parsing
[2026-04-17 02:35:25.508281] | Thread:20657 | [GclParser::parseOperationalGclData] | Finished operational GCL data parsing
[2026-04-17 02:35:25.508356] | Thread:20937 | [NetworkManager::fetchOperationGcl] | Stop operational GCL fetch
[2026-04-17 02:35:25.508410] | Thread:20937 | [CncServiceImpl::SetNodeSchedule] | Finished setting node schedule (with verification) for node: vstsn01
[2026-04-17 02:35:25.508457] | Thread:20938 | [NetworkManager::deployConfigToNode] | Start config deployment for node: vstsn01
[2026-04-17 02:35:25.508641] | Thread:20635 | [NetconfSession::editData] | Start edit-config with XML length: 3260
[2026-04-17 02:35:25.536925] | Thread:20635 | [NetconfSession::editData] | Finished edit-config with XML length: 3260
[2026-04-17 02:35:25.536935] | Thread:20635 | [NetconfSession::commit] | Start commit operation.
[2026-04-17 02:35:25.580298] | Thread:20635 | [NetconfSession::commit] | Finished commit operation.
[2026-04-17 02:35:25.580323] | Thread:20635 | [NetworkManager::deployConfigToNode] | Successfully deployed config for node: vstsn01
[2026-04-17 02:35:25.580392] | Thread:20938 | [CncServiceImpl::SetNodeSchedule] | Finished deploying config to node: vstsn01
[2026-04-17 02:35:25.580441] | Thread:20938 | [NetworkManager::fetchOperationGcl] | Start operational GCL fetch
[2026-04-17 02:35:25.580442] | Thread:20938 | [NetworkManager::fetchOperationGclForNode] | Start operational GCL fetch for node: vstsn01
[2026-04-17 02:35:25.580525] | Thread:20635 | [NetconfSession::getData] | Start data fetch with XPath: /ietf-interfaces:interfaces/interface/ieee802-dot1q-bridge:bridge-port/ieee802-dot1q-sched-bridge:gate-parameter-table
[2026-04-17 02:35:25.684594] | Thread:20635 | [NetconfSession::getData] | Got return for path: /ietf-interfaces:interfaces/interface/ieee802-dot1q-bridge:bridge-port/ieee802-dot1q-sched-bridge:gate-parameter-table
[2026-04-17 02:35:25.684739] | Thread:20635 | [GclParser::parseOperationalGclData] | Start operational GCL data parsing
[2026-04-17 02:35:25.685060] | Thread:20635 | [GclParser::parseOperationalGclData] | Finished operational GCL data parsing
[2026-04-17 02:35:25.685247] | Thread:20938 | [NetworkManager::fetchOperationGclForNode] | Start operational GCL fetch for node: vstsn02
[2026-04-17 02:35:25.685311] | Thread:20646 | [NetconfSession::getData] | Start data fetch with XPath: /ietf-interfaces:interfaces/interface/ieee802-dot1q-bridge:bridge-port/ieee802-dot1q-sched-bridge:gate-parameter-table
[2026-04-17 02:35:25.766965] | Thread:20646 | [NetconfSession::getData] | Got return for path: /ietf-interfaces:interfaces/interface/ieee802-dot1q-bridge:bridge-port/ieee802-dot1q-sched-bridge:gate-parameter-table
[2026-04-17 02:35:25.767153] | Thread:20646 | [GclParser::parseOperationalGclData] | Start operational GCL data parsing
[2026-04-17 02:35:25.767513] | Thread:20646 | [GclParser::parseOperationalGclData] | Finished operational GCL data parsing
[2026-04-17 02:35:25.767614] | Thread:20938 | [NetworkManager::fetchOperationGclForNode] | Start operational GCL fetch for node: vstsn03
[2026-04-17 02:35:25.767699] | Thread:20657 | [NetconfSession::getData] | Start data fetch with XPath: /ietf-interfaces:interfaces/interface/ieee802-dot1q-bridge:bridge-port/ieee802-dot1q-sched-bridge:gate-parameter-table
[2026-04-17 02:35:25.815420] | Thread:20657 | [NetconfSession::getData] | Got return for path: /ietf-interfaces:interfaces/interface/ieee802-dot1q-bridge:bridge-port/ieee802-dot1q-sched-bridge:gate-parameter-table
[2026-04-17 02:35:25.815580] | Thread:20657 | [GclParser::parseOperationalGclData] | Start operational GCL data parsing
[2026-04-17 02:35:25.815812] | Thread:20657 | [GclParser::parseOperationalGclData] | Finished operational GCL data parsing
[2026-04-17 02:35:25.815907] | Thread:20938 | [NetworkManager::fetchOperationGcl] | Stop operational GCL fetch
[2026-04-17 02:35:25.815959] | Thread:20938 | [CncServiceImpl::SetNodeSchedule] | Finished setting node schedule (with verification) for node: vstsn01
[2026-04-17 02:35:25.816019] | Thread:20940 | [NetworkManager::deployConfigToNode] | Start config deployment for node: vstsn01
[2026-04-17 02:35:25.816122] | Thread:20635 | [NetconfSession::editData] | Start edit-config with XML length: 3260
[2026-04-17 02:35:25.848371] | Thread:20635 | [NetconfSession::editData] | Finished edit-config with XML length: 3260
[2026-04-17 02:35:25.848403] | Thread:20635 | [NetconfSession::commit] | Start commit operation.
[2026-04-17 02:35:25.891650] | Thread:20635 | [NetconfSession::commit] | Finished commit operation.
[2026-04-17 02:35:25.891672] | Thread:20635 | [NetworkManager::deployConfigToNode] | Successfully deployed config for node: vstsn01
[2026-04-17 02:35:25.891735] | Thread:20940 | [CncServiceImpl::SetNodeSchedule] | Finished deploying config to node: vstsn01
[2026-04-17 02:35:25.891742] | Thread:20940 | [NetworkManager::fetchOperationGcl] | Start operational GCL fetch
[2026-04-17 02:35:25.891743] | Thread:20940 | [NetworkManager::fetchOperationGclForNode] | Start operational GCL fetch for node: vstsn01
[2026-04-17 02:35:25.891821] | Thread:20635 | [NetconfSession::getData] | Start data fetch with XPath: /ietf-interfaces:interfaces/interface/ieee802-dot1q-bridge:bridge-port/ieee802-dot1q-sched-bridge:gate-parameter-table
[2026-04-17 02:35:25.994459] | Thread:20635 | [NetconfSession::getData] | Got return for path: /ietf-interfaces:interfaces/interface/ieee802-dot1q-bridge:bridge-port/ieee802-dot1q-sched-bridge:gate-parameter-table
[2026-04-17 02:35:25.994586] | Thread:20635 | [GclParser::parseOperationalGclData] | Start operational GCL data parsing
[2026-04-17 02:35:25.994811] | Thread:20635 | [GclParser::parseOperationalGclData] | Finished operational GCL data parsing
[2026-04-17 02:35:25.994905] | Thread:20940 | [NetworkManager::fetchOperationGclForNode] | Start operational GCL fetch for node: vstsn02
[2026-04-17 02:35:25.994957] | Thread:20646 | [NetconfSession::getData] | Start data fetch with XPath: /ietf-interfaces:interfaces/interface/ieee802-dot1q-bridge:bridge-port/ieee802-dot1q-sched-bridge:gate-parameter-table
[2026-04-17 02:35:26.080398] | Thread:20646 | [NetconfSession::getData] | Got return for path: /ietf-interfaces:interfaces/interface/ieee802-dot1q-bridge:bridge-port/ieee802-dot1q-sched-bridge:gate-parameter-table
[2026-04-17 02:35:26.080608] | Thread:20646 | [GclParser::parseOperationalGclData] | Start operational GCL data parsing
[2026-04-17 02:35:26.081078] | Thread:20646 | [GclParser::parseOperationalGclData] | Finished operational GCL data parsing
[2026-04-17 02:35:26.081209] | Thread:20940 | [NetworkManager::fetchOperationGclForNode] | Start operational GCL fetch for node: vstsn03
[2026-04-17 02:35:26.081267] | Thread:20657 | [NetconfSession::getData] | Start data fetch with XPath: /ietf-interfaces:interfaces/interface/ieee802-dot1q-bridge:bridge-port/ieee802-dot1q-sched-bridge:gate-parameter-table
[2026-04-17 02:35:26.117652] | Thread:20657 | [NetconfSession::getData] | Got return for path: /ietf-interfaces:interfaces/interface/ieee802-dot1q-bridge:bridge-port/ieee802-dot1q-sched-bridge:gate-parameter-table
[2026-04-17 02:35:26.117997] | Thread:20657 | [GclParser::parseOperationalGclData] | Start operational GCL data parsing
[2026-04-17 02:35:26.118594] | Thread:20657 | [GclParser::parseOperationalGclData] | Finished operational GCL data parsing
[2026-04-17 02:35:26.118793] | Thread:20940 | [NetworkManager::fetchOperationGcl] | Stop operational GCL fetch
[2026-04-17 02:35:26.118934] | Thread:20940 | [CncServiceImpl::SetNodeSchedule] | Finished setting node schedule (with verification) for node: vstsn01
[2026-04-17 02:35:26.121222] | Thread:20942 | [NetworkManager::deployConfigToNode] | Start config deployment for node: vstsn01
[2026-04-17 02:35:26.121423] | Thread:20635 | [NetconfSession::editData] | Start edit-config with XML length: 3260
[2026-04-17 02:35:26.151632] | Thread:20635 | [NetconfSession::editData] | Finished edit-config with XML length: 3260
[2026-04-17 02:35:26.151656] | Thread:20635 | [NetconfSession::commit] | Start commit operation.
[2026-04-17 02:35:26.195089] | Thread:20635 | [NetconfSession::commit] | Finished commit operation.
[2026-04-17 02:35:26.195137] | Thread:20635 | [NetworkManager::deployConfigToNode] | Successfully deployed config for node: vstsn01
[2026-04-17 02:35:26.195215] | Thread:20942 | [CncServiceImpl::SetNodeSchedule] | Finished deploying config to node: vstsn01
[2026-04-17 02:35:26.195304] | Thread:20942 | [NetworkManager::fetchOperationGcl] | Start operational GCL fetch
[2026-04-17 02:35:26.195306] | Thread:20942 | [NetworkManager::fetchOperationGclForNode] | Start operational GCL fetch for node: vstsn01
[2026-04-17 02:35:26.195369] | Thread:20635 | [NetconfSession::getData] | Start data fetch with XPath: /ietf-interfaces:interfaces/interface/ieee802-dot1q-bridge:bridge-port/ieee802-dot1q-sched-bridge:gate-parameter-table
[2026-04-17 02:35:26.299117] | Thread:20635 | [NetconfSession::getData] | Got return for path: /ietf-interfaces:interfaces/interface/ieee802-dot1q-bridge:bridge-port/ieee802-dot1q-sched-bridge:gate-parameter-table
[2026-04-17 02:35:26.299323] | Thread:20635 | [GclParser::parseOperationalGclData] | Start operational GCL data parsing
[2026-04-17 02:35:26.299957] | Thread:20635 | [GclParser::parseOperationalGclData] | Finished operational GCL data parsing
[2026-04-17 02:35:26.300139] | Thread:20942 | [NetworkManager::fetchOperationGclForNode] | Start operational GCL fetch for node: vstsn02
[2026-04-17 02:35:26.300213] | Thread:20646 | [NetconfSession::getData] | Start data fetch with XPath: /ietf-interfaces:interfaces/interface/ieee802-dot1q-bridge:bridge-port/ieee802-dot1q-sched-bridge:gate-parameter-table
[2026-04-17 02:35:26.377715] | Thread:20646 | [NetconfSession::getData] | Got return for path: /ietf-interfaces:interfaces/interface/ieee802-dot1q-bridge:bridge-port/ieee802-dot1q-sched-bridge:gate-parameter-table
[2026-04-17 02:35:26.377876] | Thread:20646 | [GclParser::parseOperationalGclData] | Start operational GCL data parsing
[2026-04-17 02:35:26.378225] | Thread:20646 | [GclParser::parseOperationalGclData] | Finished operational GCL data parsing
[2026-04-17 02:35:26.378364] | Thread:20942 | [NetworkManager::fetchOperationGclForNode] | Start operational GCL fetch for node: vstsn03
[2026-04-17 02:35:26.378408] | Thread:20657 | [NetconfSession::getData] | Start data fetch with XPath: /ietf-interfaces:interfaces/interface/ieee802-dot1q-bridge:bridge-port/ieee802-dot1q-sched-bridge:gate-parameter-table
[2026-04-17 02:35:26.412516] | Thread:20657 | [NetconfSession::getData] | Got return for path: /ietf-interfaces:interfaces/interface/ieee802-dot1q-bridge:bridge-port/ieee802-dot1q-sched-bridge:gate-parameter-table
[2026-04-17 02:35:26.412621] | Thread:20657 | [GclParser::parseOperationalGclData] | Start operational GCL data parsing
[2026-04-17 02:35:26.412786] | Thread:20657 | [GclParser::parseOperationalGclData] | Finished operational GCL data parsing
[2026-04-17 02:35:26.412900] | Thread:20942 | [NetworkManager::fetchOperationGcl] | Stop operational GCL fetch
[2026-04-17 02:35:26.412936] | Thread:20942 | [CncServiceImpl::SetNodeSchedule] | Finished setting node schedule (with verification) for node: vstsn01
[2026-04-17 02:35:26.412969] | Thread:20944 | [NetworkManager::deployConfigToNode] | Start config deployment for node: vstsn01
[2026-04-17 02:35:26.413100] | Thread:20635 | [NetconfSession::editData] | Start edit-config with XML length: 3260
[2026-04-17 02:35:26.442709] | Thread:20635 | [NetconfSession::editData] | Finished edit-config with XML length: 3260
[2026-04-17 02:35:26.442749] | Thread:20635 | [NetconfSession::commit] | Start commit operation.
[2026-04-17 02:35:26.483855] | Thread:20635 | [NetconfSession::commit] | Finished commit operation.
[2026-04-17 02:35:26.483887] | Thread:20635 | [NetworkManager::deployConfigToNode] | Successfully deployed config for node: vstsn01
[2026-04-17 02:35:26.483947] | Thread:20944 | [CncServiceImpl::SetNodeSchedule] | Finished deploying config to node: vstsn01
[2026-04-17 02:35:26.483999] | Thread:20944 | [NetworkManager::fetchOperationGcl] | Start operational GCL fetch
[2026-04-17 02:35:26.484000] | Thread:20944 | [NetworkManager::fetchOperationGclForNode] | Start operational GCL fetch for node: vstsn01
[2026-04-17 02:35:26.484115] | Thread:20635 | [NetconfSession::getData] | Start data fetch with XPath: /ietf-interfaces:interfaces/interface/ieee802-dot1q-bridge:bridge-port/ieee802-dot1q-sched-bridge:gate-parameter-table
[2026-04-17 02:35:26.583761] | Thread:20635 | [NetconfSession::getData] | Got return for path: /ietf-interfaces:interfaces/interface/ieee802-dot1q-bridge:bridge-port/ieee802-dot1q-sched-bridge:gate-parameter-table
[2026-04-17 02:35:26.583951] | Thread:20635 | [GclParser::parseOperationalGclData] | Start operational GCL data parsing
[2026-04-17 02:35:26.584249] | Thread:20635 | [GclParser::parseOperationalGclData] | Finished operational GCL data parsing
[2026-04-17 02:35:26.584388] | Thread:20944 | [NetworkManager::fetchOperationGclForNode] | Start operational GCL fetch for node: vstsn02
[2026-04-17 02:35:26.584529] | Thread:20646 | [NetconfSession::getData] | Start data fetch with XPath: /ietf-interfaces:interfaces/interface/ieee802-dot1q-bridge:bridge-port/ieee802-dot1q-sched-bridge:gate-parameter-table
[2026-04-17 02:35:26.661843] | Thread:20646 | [NetconfSession::getData] | Got return for path: /ietf-interfaces:interfaces/interface/ieee802-dot1q-bridge:bridge-port/ieee802-dot1q-sched-bridge:gate-parameter-table
[2026-04-17 02:35:26.662017] | Thread:20646 | [GclParser::parseOperationalGclData] | Start operational GCL data parsing
[2026-04-17 02:35:26.662338] | Thread:20646 | [GclParser::parseOperationalGclData] | Finished operational GCL data parsing
[2026-04-17 02:35:26.662476] | Thread:20944 | [NetworkManager::fetchOperationGclForNode] | Start operational GCL fetch for node: vstsn03
[2026-04-17 02:35:26.662539] | Thread:20657 | [NetconfSession::getData] | Start data fetch with XPath: /ietf-interfaces:interfaces/interface/ieee802-dot1q-bridge:bridge-port/ieee802-dot1q-sched-bridge:gate-parameter-table
[2026-04-17 02:35:26.701459] | Thread:20657 | [NetconfSession::getData] | Got return for path: /ietf-interfaces:interfaces/interface/ieee802-dot1q-bridge:bridge-port/ieee802-dot1q-sched-bridge:gate-parameter-table
[2026-04-17 02:35:26.701578] | Thread:20657 | [GclParser::parseOperationalGclData] | Start operational GCL data parsing
[2026-04-17 02:35:26.701719] | Thread:20657 | [GclParser::parseOperationalGclData] | Finished operational GCL data parsing
[2026-04-17 02:35:26.701836] | Thread:20944 | [NetworkManager::fetchOperationGcl] | Stop operational GCL fetch
[2026-04-17 02:35:26.701918] | Thread:20944 | [CncServiceImpl::SetNodeSchedule] | Finished setting node schedule (with verification) for node: vstsn01
[2026-04-17 02:35:26.701974] | Thread:20946 | [NetworkManager::deployConfigToNode] | Start config deployment for node: vstsn01
[2026-04-17 02:35:26.702110] | Thread:20635 | [NetconfSession::editData] | Start edit-config with XML length: 3260
[2026-04-17 02:35:26.732282] | Thread:20635 | [NetconfSession::editData] | Finished edit-config with XML length: 3260
[2026-04-17 02:35:26.732313] | Thread:20635 | [NetconfSession::commit] | Start commit operation.
[2026-04-17 02:35:26.782253] | Thread:20635 | [NetconfSession::commit] | Finished commit operation.
[2026-04-17 02:35:26.782283] | Thread:20635 | [NetworkManager::deployConfigToNode] | Successfully deployed config for node: vstsn01
[2026-04-17 02:35:26.782330] | Thread:20946 | [CncServiceImpl::SetNodeSchedule] | Finished deploying config to node: vstsn01
[2026-04-17 02:35:26.782380] | Thread:20946 | [NetworkManager::fetchOperationGcl] | Start operational GCL fetch
[2026-04-17 02:35:26.782382] | Thread:20946 | [NetworkManager::fetchOperationGclForNode] | Start operational GCL fetch for node: vstsn01
[2026-04-17 02:35:26.782420] | Thread:20635 | [NetconfSession::getData] | Start data fetch with XPath: /ietf-interfaces:interfaces/interface/ieee802-dot1q-bridge:bridge-port/ieee802-dot1q-sched-bridge:gate-parameter-table
[2026-04-17 02:35:26.884208] | Thread:20635 | [NetconfSession::getData] | Got return for path: /ietf-interfaces:interfaces/interface/ieee802-dot1q-bridge:bridge-port/ieee802-dot1q-sched-bridge:gate-parameter-table
[2026-04-17 02:35:26.884308] | Thread:20635 | [GclParser::parseOperationalGclData] | Start operational GCL data parsing
[2026-04-17 02:35:26.884569] | Thread:20635 | [GclParser::parseOperationalGclData] | Finished operational GCL data parsing
[2026-04-17 02:35:26.884653] | Thread:20946 | [NetworkManager::fetchOperationGclForNode] | Start operational GCL fetch for node: vstsn02
[2026-04-17 02:35:26.884692] | Thread:20646 | [NetconfSession::getData] | Start data fetch with XPath: /ietf-interfaces:interfaces/interface/ieee802-dot1q-bridge:bridge-port/ieee802-dot1q-sched-bridge:gate-parameter-table
[2026-04-17 02:35:26.962346] | Thread:20646 | [NetconfSession::getData] | Got return for path: /ietf-interfaces:interfaces/interface/ieee802-dot1q-bridge:bridge-port/ieee802-dot1q-sched-bridge:gate-parameter-table
[2026-04-17 02:35:26.962490] | Thread:20646 | [GclParser::parseOperationalGclData] | Start operational GCL data parsing
[2026-04-17 02:35:26.962822] | Thread:20646 | [GclParser::parseOperationalGclData] | Finished operational GCL data parsing
[2026-04-17 02:35:26.962928] | Thread:20946 | [NetworkManager::fetchOperationGclForNode] | Start operational GCL fetch for node: vstsn03
[2026-04-17 02:35:26.963018] | Thread:20657 | [NetconfSession::getData] | Start data fetch with XPath: /ietf-interfaces:interfaces/interface/ieee802-dot1q-bridge:bridge-port/ieee802-dot1q-sched-bridge:gate-parameter-table
[2026-04-17 02:35:26.999726] | Thread:20657 | [NetconfSession::getData] | Got return for path: /ietf-interfaces:interfaces/interface/ieee802-dot1q-bridge:bridge-port/ieee802-dot1q-sched-bridge:gate-parameter-table
[2026-04-17 02:35:27.000161] | Thread:20657 | [GclParser::parseOperationalGclData] | Start operational GCL data parsing
[2026-04-17 02:35:27.000918] | Thread:20657 | [GclParser::parseOperationalGclData] | Finished operational GCL data parsing
[2026-04-17 02:35:27.001185] | Thread:20946 | [NetworkManager::fetchOperationGcl] | Stop operational GCL fetch
[2026-04-17 02:35:27.001283] | Thread:20946 | [CncServiceImpl::SetNodeSchedule] | Finished setting node schedule (with verification) for node: vstsn01
[2026-04-17 02:35:27.001335] | Thread:20948 | [NetworkManager::deployConfigToNode] | Start config deployment for node: vstsn01
[2026-04-17 02:35:27.001548] | Thread:20635 | [NetconfSession::editData] | Start edit-config with XML length: 3260
[2026-04-17 02:35:27.032098] | Thread:20635 | [NetconfSession::editData] | Finished edit-config with XML length: 3260
[2026-04-17 02:35:27.032160] | Thread:20635 | [NetconfSession::commit] | Start commit operation.
[2026-04-17 02:35:27.072821] | Thread:20635 | [NetconfSession::commit] | Finished commit operation.
[2026-04-17 02:35:27.072873] | Thread:20635 | [NetworkManager::deployConfigToNode] | Successfully deployed config for node: vstsn01
[2026-04-17 02:35:27.072974] | Thread:20948 | [CncServiceImpl::SetNodeSchedule] | Finished deploying config to node: vstsn01
[2026-04-17 02:35:27.073032] | Thread:20948 | [NetworkManager::fetchOperationGcl] | Start operational GCL fetch
[2026-04-17 02:35:27.073035] | Thread:20948 | [NetworkManager::fetchOperationGclForNode] | Start operational GCL fetch for node: vstsn01
[2026-04-17 02:35:27.073113] | Thread:20635 | [NetconfSession::getData] | Start data fetch with XPath: /ietf-interfaces:interfaces/interface/ieee802-dot1q-bridge:bridge-port/ieee802-dot1q-sched-bridge:gate-parameter-table
[2026-04-17 02:35:27.183611] | Thread:20635 | [NetconfSession::getData] | Got return for path: /ietf-interfaces:interfaces/interface/ieee802-dot1q-bridge:bridge-port/ieee802-dot1q-sched-bridge:gate-parameter-table
[2026-04-17 02:35:27.183804] | Thread:20635 | [GclParser::parseOperationalGclData] | Start operational GCL data parsing
[2026-04-17 02:35:27.184230] | Thread:20635 | [GclParser::parseOperationalGclData] | Finished operational GCL data parsing
[2026-04-17 02:35:27.184346] | Thread:20948 | [NetworkManager::fetchOperationGclForNode] | Start operational GCL fetch for node: vstsn02
[2026-04-17 02:35:27.184402] | Thread:20646 | [NetconfSession::getData] | Start data fetch with XPath: /ietf-interfaces:interfaces/interface/ieee802-dot1q-bridge:bridge-port/ieee802-dot1q-sched-bridge:gate-parameter-table
[2026-04-17 02:35:27.259881] | Thread:20646 | [NetconfSession::getData] | Got return for path: /ietf-interfaces:interfaces/interface/ieee802-dot1q-bridge:bridge-port/ieee802-dot1q-sched-bridge:gate-parameter-table
[2026-04-17 02:35:27.260077] | Thread:20646 | [GclParser::parseOperationalGclData] | Start operational GCL data parsing
[2026-04-17 02:35:27.260542] | Thread:20646 | [GclParser::parseOperationalGclData] | Finished operational GCL data parsing
[2026-04-17 02:35:27.260667] | Thread:20948 | [NetworkManager::fetchOperationGclForNode] | Start operational GCL fetch for node: vstsn03
[2026-04-17 02:35:27.260768] | Thread:20657 | [NetconfSession::getData] | Start data fetch with XPath: /ietf-interfaces:interfaces/interface/ieee802-dot1q-bridge:bridge-port/ieee802-dot1q-sched-bridge:gate-parameter-table
[2026-04-17 02:35:27.297254] | Thread:20657 | [NetconfSession::getData] | Got return for path: /ietf-interfaces:interfaces/interface/ieee802-dot1q-bridge:bridge-port/ieee802-dot1q-sched-bridge:gate-parameter-table
[2026-04-17 02:35:27.297397] | Thread:20657 | [GclParser::parseOperationalGclData] | Start operational GCL data parsing
[2026-04-17 02:35:27.297632] | Thread:20657 | [GclParser::parseOperationalGclData] | Finished operational GCL data parsing
[2026-04-17 02:35:27.297748] | Thread:20948 | [NetworkManager::fetchOperationGcl] | Stop operational GCL fetch
[2026-04-17 02:35:27.297797] | Thread:20948 | [CncServiceImpl::SetNodeSchedule] | Finished setting node schedule (with verification) for node: vstsn01
[2026-04-17 02:35:27.297874] | Thread:20950 | [NetworkManager::deployConfigToNode] | Start config deployment for node: vstsn01
[2026-04-17 02:35:27.298112] | Thread:20635 | [NetconfSession::editData] | Start edit-config with XML length: 3260
[2026-04-17 02:35:27.326741] | Thread:20635 | [NetconfSession::editData] | Finished edit-config with XML length: 3260
[2026-04-17 02:35:27.326783] | Thread:20635 | [NetconfSession::commit] | Start commit operation.
[2026-04-17 02:35:27.367654] | Thread:20635 | [NetconfSession::commit] | Finished commit operation.
[2026-04-17 02:35:27.367686] | Thread:20635 | [NetworkManager::deployConfigToNode] | Successfully deployed config for node: vstsn01
[2026-04-17 02:35:27.367752] | Thread:20950 | [CncServiceImpl::SetNodeSchedule] | Finished deploying config to node: vstsn01
[2026-04-17 02:35:27.367783] | Thread:20950 | [NetworkManager::fetchOperationGcl] | Start operational GCL fetch
[2026-04-17 02:35:27.367858] | Thread:20950 | [NetworkManager::fetchOperationGclForNode] | Start operational GCL fetch for node: vstsn01
[2026-04-17 02:35:27.367892] | Thread:20635 | [NetconfSession::getData] | Start data fetch with XPath: /ietf-interfaces:interfaces/interface/ieee802-dot1q-bridge:bridge-port/ieee802-dot1q-sched-bridge:gate-parameter-table
[2026-04-17 02:35:27.469555] | Thread:20635 | [NetconfSession::getData] | Got return for path: /ietf-interfaces:interfaces/interface/ieee802-dot1q-bridge:bridge-port/ieee802-dot1q-sched-bridge:gate-parameter-table
[2026-04-17 02:35:27.469687] | Thread:20635 | [GclParser::parseOperationalGclData] | Start operational GCL data parsing
[2026-04-17 02:35:27.469976] | Thread:20635 | [GclParser::parseOperationalGclData] | Finished operational GCL data parsing
[2026-04-17 02:35:27.470045] | Thread:20950 | [NetworkManager::fetchOperationGclForNode] | Start operational GCL fetch for node: vstsn02
[2026-04-17 02:35:27.470109] | Thread:20646 | [NetconfSession::getData] | Start data fetch with XPath: /ietf-interfaces:interfaces/interface/ieee802-dot1q-bridge:bridge-port/ieee802-dot1q-sched-bridge:gate-parameter-table
[2026-04-17 02:35:27.545483] | Thread:20646 | [NetconfSession::getData] | Got return for path: /ietf-interfaces:interfaces/interface/ieee802-dot1q-bridge:bridge-port/ieee802-dot1q-sched-bridge:gate-parameter-table
[2026-04-17 02:35:27.545640] | Thread:20646 | [GclParser::parseOperationalGclData] | Start operational GCL data parsing
[2026-04-17 02:35:27.545982] | Thread:20646 | [GclParser::parseOperationalGclData] | Finished operational GCL data parsing
[2026-04-17 02:35:27.546085] | Thread:20950 | [NetworkManager::fetchOperationGclForNode] | Start operational GCL fetch for node: vstsn03
[2026-04-17 02:35:27.546183] | Thread:20657 | [NetconfSession::getData] | Start data fetch with XPath: /ietf-interfaces:interfaces/interface/ieee802-dot1q-bridge:bridge-port/ieee802-dot1q-sched-bridge:gate-parameter-table
[2026-04-17 02:35:27.583231] | Thread:20657 | [NetconfSession::getData] | Got return for path: /ietf-interfaces:interfaces/interface/ieee802-dot1q-bridge:bridge-port/ieee802-dot1q-sched-bridge:gate-parameter-table
[2026-04-17 02:35:27.583339] | Thread:20657 | [GclParser::parseOperationalGclData] | Start operational GCL data parsing
[2026-04-17 02:35:27.583513] | Thread:20657 | [GclParser::parseOperationalGclData] | Finished operational GCL data parsing
[2026-04-17 02:35:27.583602] | Thread:20950 | [NetworkManager::fetchOperationGcl] | Stop operational GCL fetch
[2026-04-17 02:35:27.583655] | Thread:20950 | [CncServiceImpl::SetNodeSchedule] | Finished setting node schedule (with verification) for node: vstsn01
[2026-04-17 02:35:27.583762] | Thread:20952 | [NetworkManager::deployConfigToNode] | Start config deployment for node: vstsn01
[2026-04-17 02:35:27.583896] | Thread:20635 | [NetconfSession::editData] | Start edit-config with XML length: 3260
[2026-04-17 02:35:27.612146] | Thread:20635 | [NetconfSession::editData] | Finished edit-config with XML length: 3260
[2026-04-17 02:35:27.612173] | Thread:20635 | [NetconfSession::commit] | Start commit operation.
[2026-04-17 02:35:27.657793] | Thread:20635 | [NetconfSession::commit] | Finished commit operation.
[2026-04-17 02:35:27.657836] | Thread:20635 | [NetworkManager::deployConfigToNode] | Successfully deployed config for node: vstsn01
[2026-04-17 02:35:27.657896] | Thread:20952 | [CncServiceImpl::SetNodeSchedule] | Finished deploying config to node: vstsn01
[2026-04-17 02:35:27.657947] | Thread:20952 | [NetworkManager::fetchOperationGcl] | Start operational GCL fetch
[2026-04-17 02:35:27.657964] | Thread:20952 | [NetworkManager::fetchOperationGclForNode] | Start operational GCL fetch for node: vstsn01
[2026-04-17 02:35:27.658015] | Thread:20635 | [NetconfSession::getData] | Start data fetch with XPath: /ietf-interfaces:interfaces/interface/ieee802-dot1q-bridge:bridge-port/ieee802-dot1q-sched-bridge:gate-parameter-table
[2026-04-17 02:35:27.772112] | Thread:20635 | [NetconfSession::getData] | Got return for path: /ietf-interfaces:interfaces/interface/ieee802-dot1q-bridge:bridge-port/ieee802-dot1q-sched-bridge:gate-parameter-table
[2026-04-17 02:35:27.772253] | Thread:20635 | [GclParser::parseOperationalGclData] | Start operational GCL data parsing
[2026-04-17 02:35:27.772548] | Thread:20635 | [GclParser::parseOperationalGclData] | Finished operational GCL data parsing
[2026-04-17 02:35:27.772655] | Thread:20952 | [NetworkManager::fetchOperationGclForNode] | Start operational GCL fetch for node: vstsn02
[2026-04-17 02:35:27.772703] | Thread:20646 | [NetconfSession::getData] | Start data fetch with XPath: /ietf-interfaces:interfaces/interface/ieee802-dot1q-bridge:bridge-port/ieee802-dot1q-sched-bridge:gate-parameter-table
[2026-04-17 02:35:27.859283] | Thread:20646 | [NetconfSession::getData] | Got return for path: /ietf-interfaces:interfaces/interface/ieee802-dot1q-bridge:bridge-port/ieee802-dot1q-sched-bridge:gate-parameter-table
[2026-04-17 02:35:27.859447] | Thread:20646 | [GclParser::parseOperationalGclData] | Start operational GCL data parsing
[2026-04-17 02:35:27.859771] | Thread:20646 | [GclParser::parseOperationalGclData] | Finished operational GCL data parsing
[2026-04-17 02:35:27.859932] | Thread:20952 | [NetworkManager::fetchOperationGclForNode] | Start operational GCL fetch for node: vstsn03
[2026-04-17 02:35:27.859985] | Thread:20657 | [NetconfSession::getData] | Start data fetch with XPath: /ietf-interfaces:interfaces/interface/ieee802-dot1q-bridge:bridge-port/ieee802-dot1q-sched-bridge:gate-parameter-table
[2026-04-17 02:35:27.903179] | Thread:20657 | [NetconfSession::getData] | Got return for path: /ietf-interfaces:interfaces/interface/ieee802-dot1q-bridge:bridge-port/ieee802-dot1q-sched-bridge:gate-parameter-table
[2026-04-17 02:35:27.903337] | Thread:20657 | [GclParser::parseOperationalGclData] | Start operational GCL data parsing
[2026-04-17 02:35:27.903575] | Thread:20657 | [GclParser::parseOperationalGclData] | Finished operational GCL data parsing
[2026-04-17 02:35:27.903689] | Thread:20952 | [NetworkManager::fetchOperationGcl] | Stop operational GCL fetch
[2026-04-17 02:35:27.903735] | Thread:20952 | [CncServiceImpl::SetNodeSchedule] | Finished setting node schedule (with verification) for node: vstsn01
[2026-04-17 02:35:27.903777] | Thread:20954 | [NetworkManager::deployConfigToNode] | Start config deployment for node: vstsn01
[2026-04-17 02:35:27.903951] | Thread:20635 | [NetconfSession::editData] | Start edit-config with XML length: 3260
[2026-04-17 02:35:27.932443] | Thread:20635 | [NetconfSession::editData] | Finished edit-config with XML length: 3260
[2026-04-17 02:35:27.932472] | Thread:20635 | [NetconfSession::commit] | Start commit operation.
[2026-04-17 02:35:27.971712] | Thread:20635 | [NetconfSession::commit] | Finished commit operation.
[2026-04-17 02:35:27.971749] | Thread:20635 | [NetworkManager::deployConfigToNode] | Successfully deployed config for node: vstsn01
[2026-04-17 02:35:27.971808] | Thread:20954 | [CncServiceImpl::SetNodeSchedule] | Finished deploying config to node: vstsn01
[2026-04-17 02:35:27.971854] | Thread:20954 | [NetworkManager::fetchOperationGcl] | Start operational GCL fetch
[2026-04-17 02:35:27.971871] | Thread:20954 | [NetworkManager::fetchOperationGclForNode] | Start operational GCL fetch for node: vstsn01
[2026-04-17 02:35:27.971907] | Thread:20635 | [NetconfSession::getData] | Start data fetch with XPath: /ietf-interfaces:interfaces/interface/ieee802-dot1q-bridge:bridge-port/ieee802-dot1q-sched-bridge:gate-parameter-table
[2026-04-17 02:35:28.072098] | Thread:20635 | [NetconfSession::getData] | Got return for path: /ietf-interfaces:interfaces/interface/ieee802-dot1q-bridge:bridge-port/ieee802-dot1q-sched-bridge:gate-parameter-table
[2026-04-17 02:35:28.072208] | Thread:20635 | [GclParser::parseOperationalGclData] | Start operational GCL data parsing
[2026-04-17 02:35:28.072481] | Thread:20635 | [GclParser::parseOperationalGclData] | Finished operational GCL data parsing
[2026-04-17 02:35:28.072571] | Thread:20954 | [NetworkManager::fetchOperationGclForNode] | Start operational GCL fetch for node: vstsn02
[2026-04-17 02:35:28.072669] | Thread:20646 | [NetconfSession::getData] | Start data fetch with XPath: /ietf-interfaces:interfaces/interface/ieee802-dot1q-bridge:bridge-port/ieee802-dot1q-sched-bridge:gate-parameter-table
[2026-04-17 02:35:28.147143] | Thread:20646 | [NetconfSession::getData] | Got return for path: /ietf-interfaces:interfaces/interface/ieee802-dot1q-bridge:bridge-port/ieee802-dot1q-sched-bridge:gate-parameter-table
[2026-04-17 02:35:28.147287] | Thread:20646 | [GclParser::parseOperationalGclData] | Start operational GCL data parsing
[2026-04-17 02:35:28.147615] | Thread:20646 | [GclParser::parseOperationalGclData] | Finished operational GCL data parsing
[2026-04-17 02:35:28.147789] | Thread:20954 | [NetworkManager::fetchOperationGclForNode] | Start operational GCL fetch for node: vstsn03
[2026-04-17 02:35:28.147822] | Thread:20657 | [NetconfSession::getData] | Start data fetch with XPath: /ietf-interfaces:interfaces/interface/ieee802-dot1q-bridge:bridge-port/ieee802-dot1q-sched-bridge:gate-parameter-table
[2026-04-17 02:35:28.186083] | Thread:20657 | [NetconfSession::getData] | Got return for path: /ietf-interfaces:interfaces/interface/ieee802-dot1q-bridge:bridge-port/ieee802-dot1q-sched-bridge:gate-parameter-table
[2026-04-17 02:35:28.186406] | Thread:20657 | [GclParser::parseOperationalGclData] | Start operational GCL data parsing
[2026-04-17 02:35:28.186861] | Thread:20657 | [GclParser::parseOperationalGclData] | Finished operational GCL data parsing
[2026-04-17 02:35:28.187130] | Thread:20954 | [NetworkManager::fetchOperationGcl] | Stop operational GCL fetch
[2026-04-17 02:35:28.187269] | Thread:20954 | [CncServiceImpl::SetNodeSchedule] | Finished setting node schedule (with verification) for node: vstsn01
[2026-04-17 02:35:28.187473] | Thread:20956 | [NetworkManager::deployConfigToNode] | Start config deployment for node: vstsn01
[2026-04-17 02:35:28.187772] | Thread:20635 | [NetconfSession::editData] | Start edit-config with XML length: 3260
[2026-04-17 02:35:28.217257] | Thread:20635 | [NetconfSession::editData] | Finished edit-config with XML length: 3260
[2026-04-17 02:35:28.217299] | Thread:20635 | [NetconfSession::commit] | Start commit operation.
[2026-04-17 02:35:28.257582] | Thread:20635 | [NetconfSession::commit] | Finished commit operation.
[2026-04-17 02:35:28.257615] | Thread:20635 | [NetworkManager::deployConfigToNode] | Successfully deployed config for node: vstsn01
[2026-04-17 02:35:28.257711] | Thread:20956 | [CncServiceImpl::SetNodeSchedule] | Finished deploying config to node: vstsn01
[2026-04-17 02:35:28.257836] | Thread:20956 | [NetworkManager::fetchOperationGcl] | Start operational GCL fetch
[2026-04-17 02:35:28.257841] | Thread:20956 | [NetworkManager::fetchOperationGclForNode] | Start operational GCL fetch for node: vstsn01
[2026-04-17 02:35:28.257908] | Thread:20635 | [NetconfSession::getData] | Start data fetch with XPath: /ietf-interfaces:interfaces/interface/ieee802-dot1q-bridge:bridge-port/ieee802-dot1q-sched-bridge:gate-parameter-table
[2026-04-17 02:35:28.362343] | Thread:20635 | [NetconfSession::getData] | Got return for path: /ietf-interfaces:interfaces/interface/ieee802-dot1q-bridge:bridge-port/ieee802-dot1q-sched-bridge:gate-parameter-table
[2026-04-17 02:35:28.362471] | Thread:20635 | [GclParser::parseOperationalGclData] | Start operational GCL data parsing
[2026-04-17 02:35:28.362722] | Thread:20635 | [GclParser::parseOperationalGclData] | Finished operational GCL data parsing
[2026-04-17 02:35:28.362815] | Thread:20956 | [NetworkManager::fetchOperationGclForNode] | Start operational GCL fetch for node: vstsn02
[2026-04-17 02:35:28.362941] | Thread:20646 | [NetconfSession::getData] | Start data fetch with XPath: /ietf-interfaces:interfaces/interface/ieee802-dot1q-bridge:bridge-port/ieee802-dot1q-sched-bridge:gate-parameter-table
[2026-04-17 02:35:28.438062] | Thread:20646 | [NetconfSession::getData] | Got return for path: /ietf-interfaces:interfaces/interface/ieee802-dot1q-bridge:bridge-port/ieee802-dot1q-sched-bridge:gate-parameter-table
[2026-04-17 02:35:28.438196] | Thread:20646 | [GclParser::parseOperationalGclData] | Start operational GCL data parsing
[2026-04-17 02:35:28.438498] | Thread:20646 | [GclParser::parseOperationalGclData] | Finished operational GCL data parsing
[2026-04-17 02:35:28.438627] | Thread:20956 | [NetworkManager::fetchOperationGclForNode] | Start operational GCL fetch for node: vstsn03
[2026-04-17 02:35:28.438745] | Thread:20657 | [NetconfSession::getData] | Start data fetch with XPath: /ietf-interfaces:interfaces/interface/ieee802-dot1q-bridge:bridge-port/ieee802-dot1q-sched-bridge:gate-parameter-table
[2026-04-17 02:35:28.474873] | Thread:20657 | [NetconfSession::getData] | Got return for path: /ietf-interfaces:interfaces/interface/ieee802-dot1q-bridge:bridge-port/ieee802-dot1q-sched-bridge:gate-parameter-table
[2026-04-17 02:35:28.474985] | Thread:20657 | [GclParser::parseOperationalGclData] | Start operational GCL data parsing
[2026-04-17 02:35:28.475157] | Thread:20657 | [GclParser::parseOperationalGclData] | Finished operational GCL data parsing
[2026-04-17 02:35:28.475331] | Thread:20956 | [NetworkManager::fetchOperationGcl] | Stop operational GCL fetch
[2026-04-17 02:35:28.475396] | Thread:20956 | [CncServiceImpl::SetNodeSchedule] | Finished setting node schedule (with verification) for node: vstsn01
[2026-04-17 02:35:28.475548] | Thread:20839 | [NetworkManager::deployConfigToNode] | Start config deployment for node: vstsn01
[2026-04-17 02:35:28.475672] | Thread:20635 | [NetconfSession::editData] | Start edit-config with XML length: 3260
[2026-04-17 02:35:28.512734] | Thread:20635 | [NetconfSession::editData] | Finished edit-config with XML length: 3260
[2026-04-17 02:35:28.512755] | Thread:20635 | [NetconfSession::commit] | Start commit operation.
[2026-04-17 02:35:28.554119] | Thread:20635 | [NetconfSession::commit] | Finished commit operation.
[2026-04-17 02:35:28.554143] | Thread:20635 | [NetworkManager::deployConfigToNode] | Successfully deployed config for node: vstsn01
[2026-04-17 02:35:28.554241] | Thread:20839 | [CncServiceImpl::SetNodeSchedule] | Finished deploying config to node: vstsn01
[2026-04-17 02:35:28.554290] | Thread:20839 | [NetworkManager::fetchOperationGcl] | Start operational GCL fetch
[2026-04-17 02:35:28.554307] | Thread:20839 | [NetworkManager::fetchOperationGclForNode] | Start operational GCL fetch for node: vstsn01
[2026-04-17 02:35:28.554343] | Thread:20635 | [NetconfSession::getData] | Start data fetch with XPath: /ietf-interfaces:interfaces/interface/ieee802-dot1q-bridge:bridge-port/ieee802-dot1q-sched-bridge:gate-parameter-table
[2026-04-17 02:35:28.655532] | Thread:20635 | [NetconfSession::getData] | Got return for path: /ietf-interfaces:interfaces/interface/ieee802-dot1q-bridge:bridge-port/ieee802-dot1q-sched-bridge:gate-parameter-table
[2026-04-17 02:35:28.655661] | Thread:20635 | [GclParser::parseOperationalGclData] | Start operational GCL data parsing
[2026-04-17 02:35:28.655941] | Thread:20635 | [GclParser::parseOperationalGclData] | Finished operational GCL data parsing
[2026-04-17 02:35:28.656022] | Thread:20839 | [NetworkManager::fetchOperationGclForNode] | Start operational GCL fetch for node: vstsn02
[2026-04-17 02:35:28.656172] | Thread:20646 | [NetconfSession::getData] | Start data fetch with XPath: /ietf-interfaces:interfaces/interface/ieee802-dot1q-bridge:bridge-port/ieee802-dot1q-sched-bridge:gate-parameter-table
[2026-04-17 02:35:28.733021] | Thread:20646 | [NetconfSession::getData] | Got return for path: /ietf-interfaces:interfaces/interface/ieee802-dot1q-bridge:bridge-port/ieee802-dot1q-sched-bridge:gate-parameter-table
[2026-04-17 02:35:28.733202] | Thread:20646 | [GclParser::parseOperationalGclData] | Start operational GCL data parsing
[2026-04-17 02:35:28.733578] | Thread:20646 | [GclParser::parseOperationalGclData] | Finished operational GCL data parsing
[2026-04-17 02:35:28.733681] | Thread:20839 | [NetworkManager::fetchOperationGclForNode] | Start operational GCL fetch for node: vstsn03
[2026-04-17 02:35:28.733764] | Thread:20657 | [NetconfSession::getData] | Start data fetch with XPath: /ietf-interfaces:interfaces/interface/ieee802-dot1q-bridge:bridge-port/ieee802-dot1q-sched-bridge:gate-parameter-table
[2026-04-17 02:35:28.769341] | Thread:20657 | [NetconfSession::getData] | Got return for path: /ietf-interfaces:interfaces/interface/ieee802-dot1q-bridge:bridge-port/ieee802-dot1q-sched-bridge:gate-parameter-table
[2026-04-17 02:35:28.769458] | Thread:20657 | [GclParser::parseOperationalGclData] | Start operational GCL data parsing
[2026-04-17 02:35:28.769617] | Thread:20657 | [GclParser::parseOperationalGclData] | Finished operational GCL data parsing
[2026-04-17 02:35:28.769819] | Thread:20839 | [NetworkManager::fetchOperationGcl] | Stop operational GCL fetch
[2026-04-17 02:35:28.769862] | Thread:20839 | [CncServiceImpl::SetNodeSchedule] | Finished setting node schedule (with verification) for node: vstsn01
[2026-04-17 02:35:28.769919] | Thread:20957 | [NetworkManager::deployConfigToNode] | Start config deployment for node: vstsn01
[2026-04-17 02:35:28.770036] | Thread:20635 | [NetconfSession::editData] | Start edit-config with XML length: 3260
[2026-04-17 02:35:28.799620] | Thread:20635 | [NetconfSession::editData] | Finished edit-config with XML length: 3260
[2026-04-17 02:35:28.799650] | Thread:20635 | [NetconfSession::commit] | Start commit operation.
[2026-04-17 02:35:28.840305] | Thread:20635 | [NetconfSession::commit] | Finished commit operation.
[2026-04-17 02:35:28.840331] | Thread:20635 | [NetworkManager::deployConfigToNode] | Successfully deployed config for node: vstsn01
[2026-04-17 02:35:28.840428] | Thread:20957 | [CncServiceImpl::SetNodeSchedule] | Finished deploying config to node: vstsn01
[2026-04-17 02:35:28.840466] | Thread:20957 | [NetworkManager::fetchOperationGcl] | Start operational GCL fetch
[2026-04-17 02:35:28.840468] | Thread:20957 | [NetworkManager::fetchOperationGclForNode] | Start operational GCL fetch for node: vstsn01
[2026-04-17 02:35:28.840555] | Thread:20635 | [NetconfSession::getData] | Start data fetch with XPath: /ietf-interfaces:interfaces/interface/ieee802-dot1q-bridge:bridge-port/ieee802-dot1q-sched-bridge:gate-parameter-table
[2026-04-17 02:35:28.939820] | Thread:20635 | [NetconfSession::getData] | Got return for path: /ietf-interfaces:interfaces/interface/ieee802-dot1q-bridge:bridge-port/ieee802-dot1q-sched-bridge:gate-parameter-table
[2026-04-17 02:35:28.939959] | Thread:20635 | [GclParser::parseOperationalGclData] | Start operational GCL data parsing
[2026-04-17 02:35:28.940196] | Thread:20635 | [GclParser::parseOperationalGclData] | Finished operational GCL data parsing
[2026-04-17 02:35:28.940310] | Thread:20957 | [NetworkManager::fetchOperationGclForNode] | Start operational GCL fetch for node: vstsn02
[2026-04-17 02:35:28.940433] | Thread:20646 | [NetconfSession::getData] | Start data fetch with XPath: /ietf-interfaces:interfaces/interface/ieee802-dot1q-bridge:bridge-port/ieee802-dot1q-sched-bridge:gate-parameter-table
[2026-04-17 02:35:29.015159] | Thread:20646 | [NetconfSession::getData] | Got return for path: /ietf-interfaces:interfaces/interface/ieee802-dot1q-bridge:bridge-port/ieee802-dot1q-sched-bridge:gate-parameter-table
[2026-04-17 02:35:29.015363] | Thread:20646 | [GclParser::parseOperationalGclData] | Start operational GCL data parsing
[2026-04-17 02:35:29.015983] | Thread:20646 | [GclParser::parseOperationalGclData] | Finished operational GCL data parsing
[2026-04-17 02:35:29.016184] | Thread:20957 | [NetworkManager::fetchOperationGclForNode] | Start operational GCL fetch for node: vstsn03
[2026-04-17 02:35:29.016254] | Thread:20657 | [NetconfSession::getData] | Start data fetch with XPath: /ietf-interfaces:interfaces/interface/ieee802-dot1q-bridge:bridge-port/ieee802-dot1q-sched-bridge:gate-parameter-table
[2026-04-17 02:35:29.063390] | Thread:20657 | [NetconfSession::getData] | Got return for path: /ietf-interfaces:interfaces/interface/ieee802-dot1q-bridge:bridge-port/ieee802-dot1q-sched-bridge:gate-parameter-table
[2026-04-17 02:35:29.063614] | Thread:20657 | [GclParser::parseOperationalGclData] | Start operational GCL data parsing
[2026-04-17 02:35:29.064028] | Thread:20657 | [GclParser::parseOperationalGclData] | Finished operational GCL data parsing
[2026-04-17 02:35:29.064279] | Thread:20957 | [NetworkManager::fetchOperationGcl] | Stop operational GCL fetch
[2026-04-17 02:35:29.064363] | Thread:20957 | [CncServiceImpl::SetNodeSchedule] | Finished setting node schedule (with verification) for node: vstsn01
[2026-04-17 02:35:29.064675] | Thread:20968 | [NetworkManager::deployConfigToNode] | Start config deployment for node: vstsn01
[2026-04-17 02:35:29.064934] | Thread:20635 | [NetconfSession::editData] | Start edit-config with XML length: 3260
[2026-04-17 02:35:29.093406] | Thread:20635 | [NetconfSession::editData] | Finished edit-config with XML length: 3260
[2026-04-17 02:35:29.093445] | Thread:20635 | [NetconfSession::commit] | Start commit operation.
[2026-04-17 02:35:29.133946] | Thread:20635 | [NetconfSession::commit] | Finished commit operation.
[2026-04-17 02:35:29.133977] | Thread:20635 | [NetworkManager::deployConfigToNode] | Successfully deployed config for node: vstsn01
[2026-04-17 02:35:29.134045] | Thread:20968 | [CncServiceImpl::SetNodeSchedule] | Finished deploying config to node: vstsn01
[2026-04-17 02:35:29.134072] | Thread:20968 | [NetworkManager::fetchOperationGcl] | Start operational GCL fetch
[2026-04-17 02:35:29.134074] | Thread:20968 | [NetworkManager::fetchOperationGclForNode] | Start operational GCL fetch for node: vstsn01
[2026-04-17 02:35:29.134134] | Thread:20635 | [NetconfSession::getData] | Start data fetch with XPath: /ietf-interfaces:interfaces/interface/ieee802-dot1q-bridge:bridge-port/ieee802-dot1q-sched-bridge:gate-parameter-table
[2026-04-17 02:35:29.235001] | Thread:20635 | [NetconfSession::getData] | Got return for path: /ietf-interfaces:interfaces/interface/ieee802-dot1q-bridge:bridge-port/ieee802-dot1q-sched-bridge:gate-parameter-table
[2026-04-17 02:35:29.235125] | Thread:20635 | [GclParser::parseOperationalGclData] | Start operational GCL data parsing
[2026-04-17 02:35:29.235352] | Thread:20635 | [GclParser::parseOperationalGclData] | Finished operational GCL data parsing
[2026-04-17 02:35:29.235515] | Thread:20968 | [NetworkManager::fetchOperationGclForNode] | Start operational GCL fetch for node: vstsn02
[2026-04-17 02:35:29.235601] | Thread:20646 | [NetconfSession::getData] | Start data fetch with XPath: /ietf-interfaces:interfaces/interface/ieee802-dot1q-bridge:bridge-port/ieee802-dot1q-sched-bridge:gate-parameter-table
[2026-04-17 02:35:29.310989] | Thread:20646 | [NetconfSession::getData] | Got return for path: /ietf-interfaces:interfaces/interface/ieee802-dot1q-bridge:bridge-port/ieee802-dot1q-sched-bridge:gate-parameter-table
[2026-04-17 02:35:29.311151] | Thread:20646 | [GclParser::parseOperationalGclData] | Start operational GCL data parsing
[2026-04-17 02:35:29.311542] | Thread:20646 | [GclParser::parseOperationalGclData] | Finished operational GCL data parsing
[2026-04-17 02:35:29.311623] | Thread:20968 | [NetworkManager::fetchOperationGclForNode] | Start operational GCL fetch for node: vstsn03
[2026-04-17 02:35:29.311686] | Thread:20657 | [NetconfSession::getData] | Start data fetch with XPath: /ietf-interfaces:interfaces/interface/ieee802-dot1q-bridge:bridge-port/ieee802-dot1q-sched-bridge:gate-parameter-table
[2026-04-17 02:35:29.350341] | Thread:20657 | [NetconfSession::getData] | Got return for path: /ietf-interfaces:interfaces/interface/ieee802-dot1q-bridge:bridge-port/ieee802-dot1q-sched-bridge:gate-parameter-table
[2026-04-17 02:35:29.350439] | Thread:20657 | [GclParser::parseOperationalGclData] | Start operational GCL data parsing
[2026-04-17 02:35:29.350619] | Thread:20657 | [GclParser::parseOperationalGclData] | Finished operational GCL data parsing
[2026-04-17 02:35:29.350773] | Thread:20968 | [NetworkManager::fetchOperationGcl] | Stop operational GCL fetch
[2026-04-17 02:35:29.350813] | Thread:20968 | [CncServiceImpl::SetNodeSchedule] | Finished setting node schedule (with verification) for node: vstsn01
[2026-04-17 02:35:29.350883] | Thread:20969 | [NetworkManager::deployConfigToNode] | Start config deployment for node: vstsn01
[2026-04-17 02:35:29.350981] | Thread:20635 | [NetconfSession::editData] | Start edit-config with XML length: 3260
[2026-04-17 02:35:29.379116] | Thread:20635 | [NetconfSession::editData] | Finished edit-config with XML length: 3260
[2026-04-17 02:35:29.379134] | Thread:20635 | [NetconfSession::commit] | Start commit operation.
[2026-04-17 02:35:29.420245] | Thread:20635 | [NetconfSession::commit] | Finished commit operation.
[2026-04-17 02:35:29.420278] | Thread:20635 | [NetworkManager::deployConfigToNode] | Successfully deployed config for node: vstsn01
[2026-04-17 02:35:29.420339] | Thread:20969 | [CncServiceImpl::SetNodeSchedule] | Finished deploying config to node: vstsn01
[2026-04-17 02:35:29.420369] | Thread:20969 | [NetworkManager::fetchOperationGcl] | Start operational GCL fetch
[2026-04-17 02:35:29.420372] | Thread:20969 | [NetworkManager::fetchOperationGclForNode] | Start operational GCL fetch for node: vstsn01
[2026-04-17 02:35:29.420421] | Thread:20635 | [NetconfSession::getData] | Start data fetch with XPath: /ietf-interfaces:interfaces/interface/ieee802-dot1q-bridge:bridge-port/ieee802-dot1q-sched-bridge:gate-parameter-table
[2026-04-17 02:35:29.530700] | Thread:20635 | [NetconfSession::getData] | Got return for path: /ietf-interfaces:interfaces/interface/ieee802-dot1q-bridge:bridge-port/ieee802-dot1q-sched-bridge:gate-parameter-table
[2026-04-17 02:35:29.530817] | Thread:20635 | [GclParser::parseOperationalGclData] | Start operational GCL data parsing
[2026-04-17 02:35:29.531082] | Thread:20635 | [GclParser::parseOperationalGclData] | Finished operational GCL data parsing
[2026-04-17 02:35:29.531166] | Thread:20969 | [NetworkManager::fetchOperationGclForNode] | Start operational GCL fetch for node: vstsn02
[2026-04-17 02:35:29.531219] | Thread:20646 | [NetconfSession::getData] | Start data fetch with XPath: /ietf-interfaces:interfaces/interface/ieee802-dot1q-bridge:bridge-port/ieee802-dot1q-sched-bridge:gate-parameter-table
[2026-04-17 02:35:29.607642] | Thread:20646 | [NetconfSession::getData] | Got return for path: /ietf-interfaces:interfaces/interface/ieee802-dot1q-bridge:bridge-port/ieee802-dot1q-sched-bridge:gate-parameter-table
[2026-04-17 02:35:29.607803] | Thread:20646 | [GclParser::parseOperationalGclData] | Start operational GCL data parsing
[2026-04-17 02:35:29.608177] | Thread:20646 | [GclParser::parseOperationalGclData] | Finished operational GCL data parsing
[2026-04-17 02:35:29.608253] | Thread:20969 | [NetworkManager::fetchOperationGclForNode] | Start operational GCL fetch for node: vstsn03
[2026-04-17 02:35:29.608330] | Thread:20657 | [NetconfSession::getData] | Start data fetch with XPath: /ietf-interfaces:interfaces/interface/ieee802-dot1q-bridge:bridge-port/ieee802-dot1q-sched-bridge:gate-parameter-table
[2026-04-17 02:35:29.644080] | Thread:20657 | [NetconfSession::getData] | Got return for path: /ietf-interfaces:interfaces/interface/ieee802-dot1q-bridge:bridge-port/ieee802-dot1q-sched-bridge:gate-parameter-table
[2026-04-17 02:35:29.644208] | Thread:20657 | [GclParser::parseOperationalGclData] | Start operational GCL data parsing
[2026-04-17 02:35:29.644459] | Thread:20657 | [GclParser::parseOperationalGclData] | Finished operational GCL data parsing
[2026-04-17 02:35:29.644528] | Thread:20969 | [NetworkManager::fetchOperationGcl] | Stop operational GCL fetch
[2026-04-17 02:35:29.644568] | Thread:20969 | [CncServiceImpl::SetNodeSchedule] | Finished setting node schedule (with verification) for node: vstsn01
[2026-04-17 02:35:29.644635] | Thread:20971 | [NetworkManager::deployConfigToNode] | Start config deployment for node: vstsn01
[2026-04-17 02:35:29.644763] | Thread:20635 | [NetconfSession::editData] | Start edit-config with XML length: 3260
[2026-04-17 02:35:29.680002] | Thread:20635 | [NetconfSession::editData] | Finished edit-config with XML length: 3260
[2026-04-17 02:35:29.680030] | Thread:20635 | [NetconfSession::commit] | Start commit operation.
[2026-04-17 02:35:29.720491] | Thread:20635 | [NetconfSession::commit] | Finished commit operation.
[2026-04-17 02:35:29.720518] | Thread:20635 | [NetworkManager::deployConfigToNode] | Successfully deployed config for node: vstsn01
[2026-04-17 02:35:29.720589] | Thread:20971 | [CncServiceImpl::SetNodeSchedule] | Finished deploying config to node: vstsn01
[2026-04-17 02:35:29.720621] | Thread:20971 | [NetworkManager::fetchOperationGcl] | Start operational GCL fetch
[2026-04-17 02:35:29.720622] | Thread:20971 | [NetworkManager::fetchOperationGclForNode] | Start operational GCL fetch for node: vstsn01
[2026-04-17 02:35:29.720658] | Thread:20635 | [NetconfSession::getData] | Start data fetch with XPath: /ietf-interfaces:interfaces/interface/ieee802-dot1q-bridge:bridge-port/ieee802-dot1q-sched-bridge:gate-parameter-table
[2026-04-17 02:35:29.819815] | Thread:20635 | [NetconfSession::getData] | Got return for path: /ietf-interfaces:interfaces/interface/ieee802-dot1q-bridge:bridge-port/ieee802-dot1q-sched-bridge:gate-parameter-table
[2026-04-17 02:35:29.819922] | Thread:20635 | [GclParser::parseOperationalGclData] | Start operational GCL data parsing
[2026-04-17 02:35:29.820224] | Thread:20635 | [GclParser::parseOperationalGclData] | Finished operational GCL data parsing
[2026-04-17 02:35:29.820312] | Thread:20971 | [NetworkManager::fetchOperationGclForNode] | Start operational GCL fetch for node: vstsn02
[2026-04-17 02:35:29.820359] | Thread:20646 | [NetconfSession::getData] | Start data fetch with XPath: /ietf-interfaces:interfaces/interface/ieee802-dot1q-bridge:bridge-port/ieee802-dot1q-sched-bridge:gate-parameter-table
[2026-04-17 02:35:29.897847] | Thread:20646 | [NetconfSession::getData] | Got return for path: /ietf-interfaces:interfaces/interface/ieee802-dot1q-bridge:bridge-port/ieee802-dot1q-sched-bridge:gate-parameter-table
[2026-04-17 02:35:29.898076] | Thread:20646 | [GclParser::parseOperationalGclData] | Start operational GCL data parsing
[2026-04-17 02:35:29.898698] | Thread:20646 | [GclParser::parseOperationalGclData] | Finished operational GCL data parsing
[2026-04-17 02:35:29.898925] | Thread:20971 | [NetworkManager::fetchOperationGclForNode] | Start operational GCL fetch for node: vstsn03
[2026-04-17 02:35:29.899027] | Thread:20657 | [NetconfSession::getData] | Start data fetch with XPath: /ietf-interfaces:interfaces/interface/ieee802-dot1q-bridge:bridge-port/ieee802-dot1q-sched-bridge:gate-parameter-table
[2026-04-17 02:35:29.938133] | Thread:20657 | [NetconfSession::getData] | Got return for path: /ietf-interfaces:interfaces/interface/ieee802-dot1q-bridge:bridge-port/ieee802-dot1q-sched-bridge:gate-parameter-table
[2026-04-17 02:35:29.938222] | Thread:20657 | [GclParser::parseOperationalGclData] | Start operational GCL data parsing
[2026-04-17 02:35:29.938368] | Thread:20657 | [GclParser::parseOperationalGclData] | Finished operational GCL data parsing
[2026-04-17 02:35:29.938474] | Thread:20971 | [NetworkManager::fetchOperationGcl] | Stop operational GCL fetch
[2026-04-17 02:35:29.938511] | Thread:20971 | [CncServiceImpl::SetNodeSchedule] | Finished setting node schedule (with verification) for node: vstsn01
[2026-04-17 02:35:29.938601] | Thread:20972 | [NetworkManager::deployConfigToNode] | Start config deployment for node: vstsn01
[2026-04-17 02:35:29.938705] | Thread:20635 | [NetconfSession::editData] | Start edit-config with XML length: 3260
[2026-04-17 02:35:29.971502] | Thread:20635 | [NetconfSession::editData] | Finished edit-config with XML length: 3260
[2026-04-17 02:35:29.971532] | Thread:20635 | [NetconfSession::commit] | Start commit operation.
[2026-04-17 02:35:30.011811] | Thread:20635 | [NetconfSession::commit] | Finished commit operation.
[2026-04-17 02:35:30.011833] | Thread:20635 | [NetworkManager::deployConfigToNode] | Successfully deployed config for node: vstsn01
[2026-04-17 02:35:30.011950] | Thread:20972 | [CncServiceImpl::SetNodeSchedule] | Finished deploying config to node: vstsn01
[2026-04-17 02:35:30.011991] | Thread:20972 | [NetworkManager::fetchOperationGcl] | Start operational GCL fetch
[2026-04-17 02:35:30.011993] | Thread:20972 | [NetworkManager::fetchOperationGclForNode] | Start operational GCL fetch for node: vstsn01
[2026-04-17 02:35:30.012041] | Thread:20635 | [NetconfSession::getData] | Start data fetch with XPath: /ietf-interfaces:interfaces/interface/ieee802-dot1q-bridge:bridge-port/ieee802-dot1q-sched-bridge:gate-parameter-table
[2026-04-17 02:35:30.112980] | Thread:20635 | [NetconfSession::getData] | Got return for path: /ietf-interfaces:interfaces/interface/ieee802-dot1q-bridge:bridge-port/ieee802-dot1q-sched-bridge:gate-parameter-table
[2026-04-17 02:35:30.113122] | Thread:20635 | [GclParser::parseOperationalGclData] | Start operational GCL data parsing
[2026-04-17 02:35:30.113399] | Thread:20635 | [GclParser::parseOperationalGclData] | Finished operational GCL data parsing
[2026-04-17 02:35:30.113522] | Thread:20972 | [NetworkManager::fetchOperationGclForNode] | Start operational GCL fetch for node: vstsn02
[2026-04-17 02:35:30.113653] | Thread:20646 | [NetconfSession::getData] | Start data fetch with XPath: /ietf-interfaces:interfaces/interface/ieee802-dot1q-bridge:bridge-port/ieee802-dot1q-sched-bridge:gate-parameter-table
[2026-04-17 02:35:30.188240] | Thread:20646 | [NetconfSession::getData] | Got return for path: /ietf-interfaces:interfaces/interface/ieee802-dot1q-bridge:bridge-port/ieee802-dot1q-sched-bridge:gate-parameter-table
[2026-04-17 02:35:30.188382] | Thread:20646 | [GclParser::parseOperationalGclData] | Start operational GCL data parsing
[2026-04-17 02:35:30.188705] | Thread:20646 | [GclParser::parseOperationalGclData] | Finished operational GCL data parsing
[2026-04-17 02:35:30.188899] | Thread:20972 | [NetworkManager::fetchOperationGclForNode] | Start operational GCL fetch for node: vstsn03
[2026-04-17 02:35:30.188960] | Thread:20657 | [NetconfSession::getData] | Start data fetch with XPath: /ietf-interfaces:interfaces/interface/ieee802-dot1q-bridge:bridge-port/ieee802-dot1q-sched-bridge:gate-parameter-table
[2026-04-17 02:35:30.225429] | Thread:20657 | [NetconfSession::getData] | Got return for path: /ietf-interfaces:interfaces/interface/ieee802-dot1q-bridge:bridge-port/ieee802-dot1q-sched-bridge:gate-parameter-table
[2026-04-17 02:35:30.225574] | Thread:20657 | [GclParser::parseOperationalGclData] | Start operational GCL data parsing
[2026-04-17 02:35:30.225772] | Thread:20657 | [GclParser::parseOperationalGclData] | Finished operational GCL data parsing
[2026-04-17 02:35:30.225890] | Thread:20972 | [NetworkManager::fetchOperationGcl] | Stop operational GCL fetch
[2026-04-17 02:35:30.225939] | Thread:20972 | [CncServiceImpl::SetNodeSchedule] | Finished setting node schedule (with verification) for node: vstsn01
[2026-04-17 02:35:30.226043] | Thread:20974 | [NetworkManager::deployConfigToNode] | Start config deployment for node: vstsn01
[2026-04-17 02:35:30.226152] | Thread:20635 | [NetconfSession::editData] | Start edit-config with XML length: 3260
[2026-04-17 02:35:30.254731] | Thread:20635 | [NetconfSession::editData] | Finished edit-config with XML length: 3260
[2026-04-17 02:35:30.254772] | Thread:20635 | [NetconfSession::commit] | Start commit operation.
[2026-04-17 02:35:30.296372] | Thread:20635 | [NetconfSession::commit] | Finished commit operation.
[2026-04-17 02:35:30.296406] | Thread:20635 | [NetworkManager::deployConfigToNode] | Successfully deployed config for node: vstsn01
[2026-04-17 02:35:30.296616] | Thread:20974 | [CncServiceImpl::SetNodeSchedule] | Finished deploying config to node: vstsn01
[2026-04-17 02:35:30.296682] | Thread:20974 | [NetworkManager::fetchOperationGcl] | Start operational GCL fetch
[2026-04-17 02:35:30.296707] | Thread:20974 | [NetworkManager::fetchOperationGclForNode] | Start operational GCL fetch for node: vstsn01
[2026-04-17 02:35:30.296818] | Thread:20635 | [NetconfSession::getData] | Start data fetch with XPath: /ietf-interfaces:interfaces/interface/ieee802-dot1q-bridge:bridge-port/ieee802-dot1q-sched-bridge:gate-parameter-table
[2026-04-17 02:35:30.398970] | Thread:20635 | [NetconfSession::getData] | Got return for path: /ietf-interfaces:interfaces/interface/ieee802-dot1q-bridge:bridge-port/ieee802-dot1q-sched-bridge:gate-parameter-table
[2026-04-17 02:35:30.399125] | Thread:20635 | [GclParser::parseOperationalGclData] | Start operational GCL data parsing
[2026-04-17 02:35:30.399375] | Thread:20635 | [GclParser::parseOperationalGclData] | Finished operational GCL data parsing
[2026-04-17 02:35:30.399457] | Thread:20974 | [NetworkManager::fetchOperationGclForNode] | Start operational GCL fetch for node: vstsn02
[2026-04-17 02:35:30.399513] | Thread:20646 | [NetconfSession::getData] | Start data fetch with XPath: /ietf-interfaces:interfaces/interface/ieee802-dot1q-bridge:bridge-port/ieee802-dot1q-sched-bridge:gate-parameter-table
[2026-04-17 02:35:30.477842] | Thread:20646 | [NetconfSession::getData] | Got return for path: /ietf-interfaces:interfaces/interface/ieee802-dot1q-bridge:bridge-port/ieee802-dot1q-sched-bridge:gate-parameter-table
[2026-04-17 02:35:30.477997] | Thread:20646 | [GclParser::parseOperationalGclData] | Start operational GCL data parsing
[2026-04-17 02:35:30.478305] | Thread:20646 | [GclParser::parseOperationalGclData] | Finished operational GCL data parsing
[2026-04-17 02:35:30.478499] | Thread:20974 | [NetworkManager::fetchOperationGclForNode] | Start operational GCL fetch for node: vstsn03
[2026-04-17 02:35:30.478568] | Thread:20657 | [NetconfSession::getData] | Start data fetch with XPath: /ietf-interfaces:interfaces/interface/ieee802-dot1q-bridge:bridge-port/ieee802-dot1q-sched-bridge:gate-parameter-table
[2026-04-17 02:35:30.514523] | Thread:20657 | [NetconfSession::getData] | Got return for path: /ietf-interfaces:interfaces/interface/ieee802-dot1q-bridge:bridge-port/ieee802-dot1q-sched-bridge:gate-parameter-table
[2026-04-17 02:35:30.514685] | Thread:20657 | [GclParser::parseOperationalGclData] | Start operational GCL data parsing
[2026-04-17 02:35:30.514888] | Thread:20657 | [GclParser::parseOperationalGclData] | Finished operational GCL data parsing
[2026-04-17 02:35:30.515018] | Thread:20974 | [NetworkManager::fetchOperationGcl] | Stop operational GCL fetch
[2026-04-17 02:35:30.515071] | Thread:20974 | [CncServiceImpl::SetNodeSchedule] | Finished setting node schedule (with verification) for node: vstsn01
[2026-04-17 02:35:30.515173] | Thread:20976 | [NetworkManager::deployConfigToNode] | Start config deployment for node: vstsn01
[2026-04-17 02:35:30.515266] | Thread:20635 | [NetconfSession::editData] | Start edit-config with XML length: 3260
[2026-04-17 02:35:30.543693] | Thread:20635 | [NetconfSession::editData] | Finished edit-config with XML length: 3260
[2026-04-17 02:35:30.543722] | Thread:20635 | [NetconfSession::commit] | Start commit operation.
[2026-04-17 02:35:30.586961] | Thread:20635 | [NetconfSession::commit] | Finished commit operation.
[2026-04-17 02:35:30.586983] | Thread:20635 | [NetworkManager::deployConfigToNode] | Successfully deployed config for node: vstsn01
[2026-04-17 02:35:30.587050] | Thread:20976 | [CncServiceImpl::SetNodeSchedule] | Finished deploying config to node: vstsn01
[2026-04-17 02:35:30.587077] | Thread:20976 | [NetworkManager::fetchOperationGcl] | Start operational GCL fetch
[2026-04-17 02:35:30.587079] | Thread:20976 | [NetworkManager::fetchOperationGclForNode] | Start operational GCL fetch for node: vstsn01
[2026-04-17 02:35:30.587141] | Thread:20635 | [NetconfSession::getData] | Start data fetch with XPath: /ietf-interfaces:interfaces/interface/ieee802-dot1q-bridge:bridge-port/ieee802-dot1q-sched-bridge:gate-parameter-table
[2026-04-17 02:35:30.689617] | Thread:20635 | [NetconfSession::getData] | Got return for path: /ietf-interfaces:interfaces/interface/ieee802-dot1q-bridge:bridge-port/ieee802-dot1q-sched-bridge:gate-parameter-table
[2026-04-17 02:35:30.689823] | Thread:20635 | [GclParser::parseOperationalGclData] | Start operational GCL data parsing
[2026-04-17 02:35:30.690077] | Thread:20635 | [GclParser::parseOperationalGclData] | Finished operational GCL data parsing
[2026-04-17 02:35:30.690160] | Thread:20976 | [NetworkManager::fetchOperationGclForNode] | Start operational GCL fetch for node: vstsn02
[2026-04-17 02:35:30.690230] | Thread:20646 | [NetconfSession::getData] | Start data fetch with XPath: /ietf-interfaces:interfaces/interface/ieee802-dot1q-bridge:bridge-port/ieee802-dot1q-sched-bridge:gate-parameter-table
[2026-04-17 02:35:30.766879] | Thread:20646 | [NetconfSession::getData] | Got return for path: /ietf-interfaces:interfaces/interface/ieee802-dot1q-bridge:bridge-port/ieee802-dot1q-sched-bridge:gate-parameter-table
[2026-04-17 02:35:30.767064] | Thread:20646 | [GclParser::parseOperationalGclData] | Start operational GCL data parsing
[2026-04-17 02:35:30.767403] | Thread:20646 | [GclParser::parseOperationalGclData] | Finished operational GCL data parsing
[2026-04-17 02:35:30.767546] | Thread:20976 | [NetworkManager::fetchOperationGclForNode] | Start operational GCL fetch for node: vstsn03
[2026-04-17 02:35:30.767636] | Thread:20657 | [NetconfSession::getData] | Start data fetch with XPath: /ietf-interfaces:interfaces/interface/ieee802-dot1q-bridge:bridge-port/ieee802-dot1q-sched-bridge:gate-parameter-table
[2026-04-17 02:35:30.805544] | Thread:20657 | [NetconfSession::getData] | Got return for path: /ietf-interfaces:interfaces/interface/ieee802-dot1q-bridge:bridge-port/ieee802-dot1q-sched-bridge:gate-parameter-table
[2026-04-17 02:35:30.805646] | Thread:20657 | [GclParser::parseOperationalGclData] | Start operational GCL data parsing
[2026-04-17 02:35:30.805795] | Thread:20657 | [GclParser::parseOperationalGclData] | Finished operational GCL data parsing
[2026-04-17 02:35:30.805918] | Thread:20976 | [NetworkManager::fetchOperationGcl] | Stop operational GCL fetch
[2026-04-17 02:35:30.805964] | Thread:20976 | [CncServiceImpl::SetNodeSchedule] | Finished setting node schedule (with verification) for node: vstsn01
[2026-04-17 02:35:30.806054] | Thread:20978 | [NetworkManager::deployConfigToNode] | Start config deployment for node: vstsn01
[2026-04-17 02:35:30.806174] | Thread:20635 | [NetconfSession::editData] | Start edit-config with XML length: 3260
[2026-04-17 02:35:30.835208] | Thread:20635 | [NetconfSession::editData] | Finished edit-config with XML length: 3260
[2026-04-17 02:35:30.835231] | Thread:20635 | [NetconfSession::commit] | Start commit operation.
[2026-04-17 02:35:30.879645] | Thread:20635 | [NetconfSession::commit] | Finished commit operation.
[2026-04-17 02:35:30.879671] | Thread:20635 | [NetworkManager::deployConfigToNode] | Successfully deployed config for node: vstsn01
[2026-04-17 02:35:30.879800] | Thread:20978 | [CncServiceImpl::SetNodeSchedule] | Finished deploying config to node: vstsn01
[2026-04-17 02:35:30.879985] | Thread:20978 | [NetworkManager::fetchOperationGcl] | Start operational GCL fetch
[2026-04-17 02:35:30.879988] | Thread:20978 | [NetworkManager::fetchOperationGclForNode] | Start operational GCL fetch for node: vstsn01
[2026-04-17 02:35:30.880032] | Thread:20635 | [NetconfSession::getData] | Start data fetch with XPath: /ietf-interfaces:interfaces/interface/ieee802-dot1q-bridge:bridge-port/ieee802-dot1q-sched-bridge:gate-parameter-table
[2026-04-17 02:35:30.995385] | Thread:20635 | [NetconfSession::getData] | Got return for path: /ietf-interfaces:interfaces/interface/ieee802-dot1q-bridge:bridge-port/ieee802-dot1q-sched-bridge:gate-parameter-table
[2026-04-17 02:35:30.995476] | Thread:20635 | [GclParser::parseOperationalGclData] | Start operational GCL data parsing
[2026-04-17 02:35:30.995699] | Thread:20635 | [GclParser::parseOperationalGclData] | Finished operational GCL data parsing
[2026-04-17 02:35:30.995813] | Thread:20978 | [NetworkManager::fetchOperationGclForNode] | Start operational GCL fetch for node: vstsn02
[2026-04-17 02:35:30.995954] | Thread:20646 | [NetconfSession::getData] | Start data fetch with XPath: /ietf-interfaces:interfaces/interface/ieee802-dot1q-bridge:bridge-port/ieee802-dot1q-sched-bridge:gate-parameter-table
[2026-04-17 02:35:31.073181] | Thread:20646 | [NetconfSession::getData] | Got return for path: /ietf-interfaces:interfaces/interface/ieee802-dot1q-bridge:bridge-port/ieee802-dot1q-sched-bridge:gate-parameter-table
[2026-04-17 02:35:31.073427] | Thread:20646 | [GclParser::parseOperationalGclData] | Start operational GCL data parsing
[2026-04-17 02:35:31.073868] | Thread:20646 | [GclParser::parseOperationalGclData] | Finished operational GCL data parsing
[2026-04-17 02:35:31.073999] | Thread:20978 | [NetworkManager::fetchOperationGclForNode] | Start operational GCL fetch for node: vstsn03
[2026-04-17 02:35:31.074110] | Thread:20657 | [NetconfSession::getData] | Start data fetch with XPath: /ietf-interfaces:interfaces/interface/ieee802-dot1q-bridge:bridge-port/ieee802-dot1q-sched-bridge:gate-parameter-table
[2026-04-17 02:35:31.113226] | Thread:20657 | [NetconfSession::getData] | Got return for path: /ietf-interfaces:interfaces/interface/ieee802-dot1q-bridge:bridge-port/ieee802-dot1q-sched-bridge:gate-parameter-table
[2026-04-17 02:35:31.113422] | Thread:20657 | [GclParser::parseOperationalGclData] | Start operational GCL data parsing
[2026-04-17 02:35:31.113846] | Thread:20657 | [GclParser::parseOperationalGclData] | Finished operational GCL data parsing
[2026-04-17 02:35:31.114001] | Thread:20978 | [NetworkManager::fetchOperationGcl] | Stop operational GCL fetch
[2026-04-17 02:35:31.114098] | Thread:20978 | [CncServiceImpl::SetNodeSchedule] | Finished setting node schedule (with verification) for node: vstsn01
[2026-04-17 02:35:31.114184] | Thread:20980 | [NetworkManager::deployConfigToNode] | Start config deployment for node: vstsn01
[2026-04-17 02:35:31.114373] | Thread:20635 | [NetconfSession::editData] | Start edit-config with XML length: 3260
[2026-04-17 02:35:31.153096] | Thread:20635 | [NetconfSession::editData] | Finished edit-config with XML length: 3260
[2026-04-17 02:35:31.153130] | Thread:20635 | [NetconfSession::commit] | Start commit operation.
[2026-04-17 02:35:31.194035] | Thread:20635 | [NetconfSession::commit] | Finished commit operation.
[2026-04-17 02:35:31.194072] | Thread:20635 | [NetworkManager::deployConfigToNode] | Successfully deployed config for node: vstsn01
[2026-04-17 02:35:31.194121] | Thread:20980 | [CncServiceImpl::SetNodeSchedule] | Finished deploying config to node: vstsn01
[2026-04-17 02:35:31.194180] | Thread:20980 | [NetworkManager::fetchOperationGcl] | Start operational GCL fetch
[2026-04-17 02:35:31.194182] | Thread:20980 | [NetworkManager::fetchOperationGclForNode] | Start operational GCL fetch for node: vstsn01
[2026-04-17 02:35:31.194253] | Thread:20635 | [NetconfSession::getData] | Start data fetch with XPath: /ietf-interfaces:interfaces/interface/ieee802-dot1q-bridge:bridge-port/ieee802-dot1q-sched-bridge:gate-parameter-table
[2026-04-17 02:35:31.295155] | Thread:20635 | [NetconfSession::getData] | Got return for path: /ietf-interfaces:interfaces/interface/ieee802-dot1q-bridge:bridge-port/ieee802-dot1q-sched-bridge:gate-parameter-table
[2026-04-17 02:35:31.295263] | Thread:20635 | [GclParser::parseOperationalGclData] | Start operational GCL data parsing
[2026-04-17 02:35:31.295527] | Thread:20635 | [GclParser::parseOperationalGclData] | Finished operational GCL data parsing
[2026-04-17 02:35:31.295684] | Thread:20980 | [NetworkManager::fetchOperationGclForNode] | Start operational GCL fetch for node: vstsn02
[2026-04-17 02:35:31.295776] | Thread:20646 | [NetconfSession::getData] | Start data fetch with XPath: /ietf-interfaces:interfaces/interface/ieee802-dot1q-bridge:bridge-port/ieee802-dot1q-sched-bridge:gate-parameter-table
[2026-04-17 02:35:31.371387] | Thread:20646 | [NetconfSession::getData] | Got return for path: /ietf-interfaces:interfaces/interface/ieee802-dot1q-bridge:bridge-port/ieee802-dot1q-sched-bridge:gate-parameter-table
[2026-04-17 02:35:31.371561] | Thread:20646 | [GclParser::parseOperationalGclData] | Start operational GCL data parsing
[2026-04-17 02:35:31.371968] | Thread:20646 | [GclParser::parseOperationalGclData] | Finished operational GCL data parsing
[2026-04-17 02:35:31.372071] | Thread:20980 | [NetworkManager::fetchOperationGclForNode] | Start operational GCL fetch for node: vstsn03
[2026-04-17 02:35:31.372184] | Thread:20657 | [NetconfSession::getData] | Start data fetch with XPath: /ietf-interfaces:interfaces/interface/ieee802-dot1q-bridge:bridge-port/ieee802-dot1q-sched-bridge:gate-parameter-table
[2026-04-17 02:35:31.411489] | Thread:20657 | [NetconfSession::getData] | Got return for path: /ietf-interfaces:interfaces/interface/ieee802-dot1q-bridge:bridge-port/ieee802-dot1q-sched-bridge:gate-parameter-table
[2026-04-17 02:35:31.411672] | Thread:20657 | [GclParser::parseOperationalGclData] | Start operational GCL data parsing
[2026-04-17 02:35:31.411952] | Thread:20657 | [GclParser::parseOperationalGclData] | Finished operational GCL data parsing
[2026-04-17 02:35:31.412096] | Thread:20980 | [NetworkManager::fetchOperationGcl] | Stop operational GCL fetch
[2026-04-17 02:35:31.412200] | Thread:20980 | [CncServiceImpl::SetNodeSchedule] | Finished setting node schedule (with verification) for node: vstsn01
[2026-04-17 02:35:31.412269] | Thread:20982 | [NetworkManager::deployConfigToNode] | Start config deployment for node: vstsn01
[2026-04-17 02:35:31.412391] | Thread:20635 | [NetconfSession::editData] | Start edit-config with XML length: 3260
[2026-04-17 02:35:31.441287] | Thread:20635 | [NetconfSession::editData] | Finished edit-config with XML length: 3260
[2026-04-17 02:35:31.441311] | Thread:20635 | [NetconfSession::commit] | Start commit operation.
[2026-04-17 02:35:31.481683] | Thread:20635 | [NetconfSession::commit] | Finished commit operation.
[2026-04-17 02:35:31.481713] | Thread:20635 | [NetworkManager::deployConfigToNode] | Successfully deployed config for node: vstsn01
[2026-04-17 02:35:31.481758] | Thread:20982 | [CncServiceImpl::SetNodeSchedule] | Finished deploying config to node: vstsn01
[2026-04-17 02:35:31.481800] | Thread:20982 | [NetworkManager::fetchOperationGcl] | Start operational GCL fetch
[2026-04-17 02:35:31.481802] | Thread:20982 | [NetworkManager::fetchOperationGclForNode] | Start operational GCL fetch for node: vstsn01
[2026-04-17 02:35:31.481849] | Thread:20635 | [NetconfSession::getData] | Start data fetch with XPath: /ietf-interfaces:interfaces/interface/ieee802-dot1q-bridge:bridge-port/ieee802-dot1q-sched-bridge:gate-parameter-table
[2026-04-17 02:35:31.584627] | Thread:20635 | [NetconfSession::getData] | Got return for path: /ietf-interfaces:interfaces/interface/ieee802-dot1q-bridge:bridge-port/ieee802-dot1q-sched-bridge:gate-parameter-table
[2026-04-17 02:35:31.584784] | Thread:20635 | [GclParser::parseOperationalGclData] | Start operational GCL data parsing
[2026-04-17 02:35:31.585066] | Thread:20635 | [GclParser::parseOperationalGclData] | Finished operational GCL data parsing
[2026-04-17 02:35:31.585165] | Thread:20982 | [NetworkManager::fetchOperationGclForNode] | Start operational GCL fetch for node: vstsn02
[2026-04-17 02:35:31.585282] | Thread:20646 | [NetconfSession::getData] | Start data fetch with XPath: /ietf-interfaces:interfaces/interface/ieee802-dot1q-bridge:bridge-port/ieee802-dot1q-sched-bridge:gate-parameter-table
[2026-04-17 02:35:31.664886] | Thread:20646 | [NetconfSession::getData] | Got return for path: /ietf-interfaces:interfaces/interface/ieee802-dot1q-bridge:bridge-port/ieee802-dot1q-sched-bridge:gate-parameter-table
[2026-04-17 02:35:31.665087] | Thread:20646 | [GclParser::parseOperationalGclData] | Start operational GCL data parsing
[2026-04-17 02:35:31.665605] | Thread:20646 | [GclParser::parseOperationalGclData] | Finished operational GCL data parsing
[2026-04-17 02:35:31.665731] | Thread:20982 | [NetworkManager::fetchOperationGclForNode] | Start operational GCL fetch for node: vstsn03
[2026-04-17 02:35:31.665794] | Thread:20657 | [NetconfSession::getData] | Start data fetch with XPath: /ietf-interfaces:interfaces/interface/ieee802-dot1q-bridge:bridge-port/ieee802-dot1q-sched-bridge:gate-parameter-table
[2026-04-17 02:35:31.707144] | Thread:20657 | [NetconfSession::getData] | Got return for path: /ietf-interfaces:interfaces/interface/ieee802-dot1q-bridge:bridge-port/ieee802-dot1q-sched-bridge:gate-parameter-table
[2026-04-17 02:35:31.707267] | Thread:20657 | [GclParser::parseOperationalGclData] | Start operational GCL data parsing
[2026-04-17 02:35:31.707424] | Thread:20657 | [GclParser::parseOperationalGclData] | Finished operational GCL data parsing
[2026-04-17 02:35:31.707508] | Thread:20982 | [NetworkManager::fetchOperationGcl] | Stop operational GCL fetch
[2026-04-17 02:35:31.707548] | Thread:20982 | [CncServiceImpl::SetNodeSchedule] | Finished setting node schedule (with verification) for node: vstsn01
[2026-04-17 02:35:31.707610] | Thread:20983 | [NetworkManager::deployConfigToNode] | Start config deployment for node: vstsn01
[2026-04-17 02:35:31.707726] | Thread:20635 | [NetconfSession::editData] | Start edit-config with XML length: 3260
[2026-04-17 02:35:31.736908] | Thread:20635 | [NetconfSession::editData] | Finished edit-config with XML length: 3260
[2026-04-17 02:35:31.736938] | Thread:20635 | [NetconfSession::commit] | Start commit operation.
[2026-04-17 02:35:31.777985] | Thread:20635 | [NetconfSession::commit] | Finished commit operation.
[2026-04-17 02:35:31.778011] | Thread:20635 | [NetworkManager::deployConfigToNode] | Successfully deployed config for node: vstsn01
[2026-04-17 02:35:31.778086] | Thread:20983 | [CncServiceImpl::SetNodeSchedule] | Finished deploying config to node: vstsn01
[2026-04-17 02:35:31.778194] | Thread:20983 | [NetworkManager::fetchOperationGcl] | Start operational GCL fetch
[2026-04-17 02:35:31.778197] | Thread:20983 | [NetworkManager::fetchOperationGclForNode] | Start operational GCL fetch for node: vstsn01
[2026-04-17 02:35:31.778270] | Thread:20635 | [NetconfSession::getData] | Start data fetch with XPath: /ietf-interfaces:interfaces/interface/ieee802-dot1q-bridge:bridge-port/ieee802-dot1q-sched-bridge:gate-parameter-table
[2026-04-17 02:35:31.879726] | Thread:20635 | [NetconfSession::getData] | Got return for path: /ietf-interfaces:interfaces/interface/ieee802-dot1q-bridge:bridge-port/ieee802-dot1q-sched-bridge:gate-parameter-table
[2026-04-17 02:35:31.879845] | Thread:20635 | [GclParser::parseOperationalGclData] | Start operational GCL data parsing
[2026-04-17 02:35:31.880083] | Thread:20635 | [GclParser::parseOperationalGclData] | Finished operational GCL data parsing
[2026-04-17 02:35:31.880180] | Thread:20983 | [NetworkManager::fetchOperationGclForNode] | Start operational GCL fetch for node: vstsn02
[2026-04-17 02:35:31.880227] | Thread:20646 | [NetconfSession::getData] | Start data fetch with XPath: /ietf-interfaces:interfaces/interface/ieee802-dot1q-bridge:bridge-port/ieee802-dot1q-sched-bridge:gate-parameter-table
[2026-04-17 02:35:31.985304] | Thread:20646 | [NetconfSession::getData] | Got return for path: /ietf-interfaces:interfaces/interface/ieee802-dot1q-bridge:bridge-port/ieee802-dot1q-sched-bridge:gate-parameter-table
[2026-04-17 02:35:31.985452] | Thread:20646 | [GclParser::parseOperationalGclData] | Start operational GCL data parsing
[2026-04-17 02:35:31.985876] | Thread:20646 | [GclParser::parseOperationalGclData] | Finished operational GCL data parsing
[2026-04-17 02:35:31.985962] | Thread:20983 | [NetworkManager::fetchOperationGclForNode] | Start operational GCL fetch for node: vstsn03
[2026-04-17 02:35:31.986008] | Thread:20657 | [NetconfSession::getData] | Start data fetch with XPath: /ietf-interfaces:interfaces/interface/ieee802-dot1q-bridge:bridge-port/ieee802-dot1q-sched-bridge:gate-parameter-table
[2026-04-17 02:35:32.026984] | Thread:20657 | [NetconfSession::getData] | Got return for path: /ietf-interfaces:interfaces/interface/ieee802-dot1q-bridge:bridge-port/ieee802-dot1q-sched-bridge:gate-parameter-table
[2026-04-17 02:35:32.027136] | Thread:20657 | [GclParser::parseOperationalGclData] | Start operational GCL data parsing
[2026-04-17 02:35:32.027420] | Thread:20657 | [GclParser::parseOperationalGclData] | Finished operational GCL data parsing
[2026-04-17 02:35:32.027609] | Thread:20983 | [NetworkManager::fetchOperationGcl] | Stop operational GCL fetch
[2026-04-17 02:35:32.027696] | Thread:20983 | [CncServiceImpl::SetNodeSchedule] | Finished setting node schedule (with verification) for node: vstsn01
[2026-04-17 02:35:32.027789] | Thread:20986 | [NetworkManager::deployConfigToNode] | Start config deployment for node: vstsn01
[2026-04-17 02:35:32.027978] | Thread:20635 | [NetconfSession::editData] | Start edit-config with XML length: 3260
[2026-04-17 02:35:32.056399] | Thread:20635 | [NetconfSession::editData] | Finished edit-config with XML length: 3260
[2026-04-17 02:35:32.056422] | Thread:20635 | [NetconfSession::commit] | Start commit operation.
[2026-04-17 02:35:32.095837] | Thread:20635 | [NetconfSession::commit] | Finished commit operation.
[2026-04-17 02:35:32.095878] | Thread:20635 | [NetworkManager::deployConfigToNode] | Successfully deployed config for node: vstsn01
[2026-04-17 02:35:32.095955] | Thread:20986 | [CncServiceImpl::SetNodeSchedule] | Finished deploying config to node: vstsn01
[2026-04-17 02:35:32.096001] | Thread:20986 | [NetworkManager::fetchOperationGcl] | Start operational GCL fetch
[2026-04-17 02:35:32.096003] | Thread:20986 | [NetworkManager::fetchOperationGclForNode] | Start operational GCL fetch for node: vstsn01
[2026-04-17 02:35:32.096050] | Thread:20635 | [NetconfSession::getData] | Start data fetch with XPath: /ietf-interfaces:interfaces/interface/ieee802-dot1q-bridge:bridge-port/ieee802-dot1q-sched-bridge:gate-parameter-table
[2026-04-17 02:35:32.197758] | Thread:20635 | [NetconfSession::getData] | Got return for path: /ietf-interfaces:interfaces/interface/ieee802-dot1q-bridge:bridge-port/ieee802-dot1q-sched-bridge:gate-parameter-table
[2026-04-17 02:35:32.197867] | Thread:20635 | [GclParser::parseOperationalGclData] | Start operational GCL data parsing
[2026-04-17 02:35:32.198179] | Thread:20635 | [GclParser::parseOperationalGclData] | Finished operational GCL data parsing
[2026-04-17 02:35:32.198273] | Thread:20986 | [NetworkManager::fetchOperationGclForNode] | Start operational GCL fetch for node: vstsn02
[2026-04-17 02:35:32.198316] | Thread:20646 | [NetconfSession::getData] | Start data fetch with XPath: /ietf-interfaces:interfaces/interface/ieee802-dot1q-bridge:bridge-port/ieee802-dot1q-sched-bridge:gate-parameter-table
[2026-04-17 02:35:32.271714] | Thread:20646 | [NetconfSession::getData] | Got return for path: /ietf-interfaces:interfaces/interface/ieee802-dot1q-bridge:bridge-port/ieee802-dot1q-sched-bridge:gate-parameter-table
[2026-04-17 02:35:32.271897] | Thread:20646 | [GclParser::parseOperationalGclData] | Start operational GCL data parsing
[2026-04-17 02:35:32.272255] | Thread:20646 | [GclParser::parseOperationalGclData] | Finished operational GCL data parsing
[2026-04-17 02:35:32.272435] | Thread:20986 | [NetworkManager::fetchOperationGclForNode] | Start operational GCL fetch for node: vstsn03
[2026-04-17 02:35:32.272484] | Thread:20657 | [NetconfSession::getData] | Start data fetch with XPath: /ietf-interfaces:interfaces/interface/ieee802-dot1q-bridge:bridge-port/ieee802-dot1q-sched-bridge:gate-parameter-table
[2026-04-17 02:35:32.317630] | Thread:20657 | [NetconfSession::getData] | Got return for path: /ietf-interfaces:interfaces/interface/ieee802-dot1q-bridge:bridge-port/ieee802-dot1q-sched-bridge:gate-parameter-table
[2026-04-17 02:35:32.317795] | Thread:20657 | [GclParser::parseOperationalGclData] | Start operational GCL data parsing
[2026-04-17 02:35:32.318098] | Thread:20657 | [GclParser::parseOperationalGclData] | Finished operational GCL data parsing
[2026-04-17 02:35:32.318253] | Thread:20986 | [NetworkManager::fetchOperationGcl] | Stop operational GCL fetch
[2026-04-17 02:35:32.318309] | Thread:20986 | [CncServiceImpl::SetNodeSchedule] | Finished setting node schedule (with verification) for node: vstsn01
[2026-04-17 02:35:32.318360] | Thread:20988 | [NetworkManager::deployConfigToNode] | Start config deployment for node: vstsn01
[2026-04-17 02:35:32.318516] | Thread:20635 | [NetconfSession::editData] | Start edit-config with XML length: 3260
[2026-04-17 02:35:32.347276] | Thread:20635 | [NetconfSession::editData] | Finished edit-config with XML length: 3260
[2026-04-17 02:35:32.347297] | Thread:20635 | [NetconfSession::commit] | Start commit operation.
[2026-04-17 02:35:32.387439] | Thread:20635 | [NetconfSession::commit] | Finished commit operation.
[2026-04-17 02:35:32.387473] | Thread:20635 | [NetworkManager::deployConfigToNode] | Successfully deployed config for node: vstsn01
[2026-04-17 02:35:32.387576] | Thread:20988 | [CncServiceImpl::SetNodeSchedule] | Finished deploying config to node: vstsn01
[2026-04-17 02:35:32.387645] | Thread:20988 | [NetworkManager::fetchOperationGcl] | Start operational GCL fetch
[2026-04-17 02:35:32.387647] | Thread:20988 | [NetworkManager::fetchOperationGclForNode] | Start operational GCL fetch for node: vstsn01
[2026-04-17 02:35:32.387724] | Thread:20635 | [NetconfSession::getData] | Start data fetch with XPath: /ietf-interfaces:interfaces/interface/ieee802-dot1q-bridge:bridge-port/ieee802-dot1q-sched-bridge:gate-parameter-table
[2026-04-17 02:35:32.489987] | Thread:20635 | [NetconfSession::getData] | Got return for path: /ietf-interfaces:interfaces/interface/ieee802-dot1q-bridge:bridge-port/ieee802-dot1q-sched-bridge:gate-parameter-table
[2026-04-17 02:35:32.490129] | Thread:20635 | [GclParser::parseOperationalGclData] | Start operational GCL data parsing
[2026-04-17 02:35:32.490389] | Thread:20635 | [GclParser::parseOperationalGclData] | Finished operational GCL data parsing
[2026-04-17 02:35:32.490481] | Thread:20988 | [NetworkManager::fetchOperationGclForNode] | Start operational GCL fetch for node: vstsn02
[2026-04-17 02:35:32.490586] | Thread:20646 | [NetconfSession::getData] | Start data fetch with XPath: /ietf-interfaces:interfaces/interface/ieee802-dot1q-bridge:bridge-port/ieee802-dot1q-sched-bridge:gate-parameter-table
[2026-04-17 02:35:32.567576] | Thread:20646 | [NetconfSession::getData] | Got return for path: /ietf-interfaces:interfaces/interface/ieee802-dot1q-bridge:bridge-port/ieee802-dot1q-sched-bridge:gate-parameter-table
[2026-04-17 02:35:32.567899] | Thread:20646 | [GclParser::parseOperationalGclData] | Start operational GCL data parsing
[2026-04-17 02:35:32.568405] | Thread:20646 | [GclParser::parseOperationalGclData] | Finished operational GCL data parsing
[2026-04-17 02:35:32.568573] | Thread:20988 | [NetworkManager::fetchOperationGclForNode] | Start operational GCL fetch for node: vstsn03
[2026-04-17 02:35:32.568637] | Thread:20657 | [NetconfSession::getData] | Start data fetch with XPath: /ietf-interfaces:interfaces/interface/ieee802-dot1q-bridge:bridge-port/ieee802-dot1q-sched-bridge:gate-parameter-table
[2026-04-17 02:35:32.605508] | Thread:20657 | [NetconfSession::getData] | Got return for path: /ietf-interfaces:interfaces/interface/ieee802-dot1q-bridge:bridge-port/ieee802-dot1q-sched-bridge:gate-parameter-table
[2026-04-17 02:35:32.605644] | Thread:20657 | [GclParser::parseOperationalGclData] | Start operational GCL data parsing
[2026-04-17 02:35:32.605856] | Thread:20657 | [GclParser::parseOperationalGclData] | Finished operational GCL data parsing
[2026-04-17 02:35:32.605931] | Thread:20988 | [NetworkManager::fetchOperationGcl] | Stop operational GCL fetch
[2026-04-17 02:35:32.605974] | Thread:20988 | [CncServiceImpl::SetNodeSchedule] | Finished setting node schedule (with verification) for node: vstsn01
[2026-04-17 02:35:32.606042] | Thread:20857 | [NetworkManager::deployConfigToNode] | Start config deployment for node: vstsn01
[2026-04-17 02:35:32.606228] | Thread:20635 | [NetconfSession::editData] | Start edit-config with XML length: 3260
[2026-04-17 02:35:32.635441] | Thread:20635 | [NetconfSession::editData] | Finished edit-config with XML length: 3260
[2026-04-17 02:35:32.635467] | Thread:20635 | [NetconfSession::commit] | Start commit operation.
[2026-04-17 02:35:32.675964] | Thread:20635 | [NetconfSession::commit] | Finished commit operation.
[2026-04-17 02:35:32.675988] | Thread:20635 | [NetworkManager::deployConfigToNode] | Successfully deployed config for node: vstsn01
[2026-04-17 02:35:32.676179] | Thread:20857 | [CncServiceImpl::SetNodeSchedule] | Finished deploying config to node: vstsn01
[2026-04-17 02:35:32.676243] | Thread:20857 | [NetworkManager::fetchOperationGcl] | Start operational GCL fetch
[2026-04-17 02:35:32.676246] | Thread:20857 | [NetworkManager::fetchOperationGclForNode] | Start operational GCL fetch for node: vstsn01
[2026-04-17 02:35:32.676308] | Thread:20635 | [NetconfSession::getData] | Start data fetch with XPath: /ietf-interfaces:interfaces/interface/ieee802-dot1q-bridge:bridge-port/ieee802-dot1q-sched-bridge:gate-parameter-table
[2026-04-17 02:35:32.777479] | Thread:20635 | [NetconfSession::getData] | Got return for path: /ietf-interfaces:interfaces/interface/ieee802-dot1q-bridge:bridge-port/ieee802-dot1q-sched-bridge:gate-parameter-table
[2026-04-17 02:35:32.777585] | Thread:20635 | [GclParser::parseOperationalGclData] | Start operational GCL data parsing
[2026-04-17 02:35:32.778060] | Thread:20635 | [GclParser::parseOperationalGclData] | Finished operational GCL data parsing
[2026-04-17 02:35:32.778165] | Thread:20857 | [NetworkManager::fetchOperationGclForNode] | Start operational GCL fetch for node: vstsn02
[2026-04-17 02:35:32.778212] | Thread:20646 | [NetconfSession::getData] | Start data fetch with XPath: /ietf-interfaces:interfaces/interface/ieee802-dot1q-bridge:bridge-port/ieee802-dot1q-sched-bridge:gate-parameter-table
[2026-04-17 02:35:32.855169] | Thread:20646 | [NetconfSession::getData] | Got return for path: /ietf-interfaces:interfaces/interface/ieee802-dot1q-bridge:bridge-port/ieee802-dot1q-sched-bridge:gate-parameter-table
[2026-04-17 02:35:32.855370] | Thread:20646 | [GclParser::parseOperationalGclData] | Start operational GCL data parsing
[2026-04-17 02:35:32.855779] | Thread:20646 | [GclParser::parseOperationalGclData] | Finished operational GCL data parsing
[2026-04-17 02:35:32.855942] | Thread:20857 | [NetworkManager::fetchOperationGclForNode] | Start operational GCL fetch for node: vstsn03
[2026-04-17 02:35:32.856013] | Thread:20657 | [NetconfSession::getData] | Start data fetch with XPath: /ietf-interfaces:interfaces/interface/ieee802-dot1q-bridge:bridge-port/ieee802-dot1q-sched-bridge:gate-parameter-table
[2026-04-17 02:35:32.898101] | Thread:20657 | [NetconfSession::getData] | Got return for path: /ietf-interfaces:interfaces/interface/ieee802-dot1q-bridge:bridge-port/ieee802-dot1q-sched-bridge:gate-parameter-table
[2026-04-17 02:35:32.898267] | Thread:20657 | [GclParser::parseOperationalGclData] | Start operational GCL data parsing
[2026-04-17 02:35:32.898497] | Thread:20657 | [GclParser::parseOperationalGclData] | Finished operational GCL data parsing
[2026-04-17 02:35:32.898610] | Thread:20857 | [NetworkManager::fetchOperationGcl] | Stop operational GCL fetch
[2026-04-17 02:35:32.898662] | Thread:20857 | [CncServiceImpl::SetNodeSchedule] | Finished setting node schedule (with verification) for node: vstsn01
[2026-04-17 02:35:32.898710] | Thread:20989 | [NetworkManager::deployConfigToNode] | Start config deployment for node: vstsn01
[2026-04-17 02:35:32.898842] | Thread:20635 | [NetconfSession::editData] | Start edit-config with XML length: 3260
[2026-04-17 02:35:32.927556] | Thread:20635 | [NetconfSession::editData] | Finished edit-config with XML length: 3260
[2026-04-17 02:35:32.927585] | Thread:20635 | [NetconfSession::commit] | Start commit operation.
[2026-04-17 02:35:32.967797] | Thread:20635 | [NetconfSession::commit] | Finished commit operation.
[2026-04-17 02:35:32.967824] | Thread:20635 | [NetworkManager::deployConfigToNode] | Successfully deployed config for node: vstsn01
[2026-04-17 02:35:32.967876] | Thread:20989 | [CncServiceImpl::SetNodeSchedule] | Finished deploying config to node: vstsn01
[2026-04-17 02:35:32.967903] | Thread:20989 | [NetworkManager::fetchOperationGcl] | Start operational GCL fetch
[2026-04-17 02:35:32.967905] | Thread:20989 | [NetworkManager::fetchOperationGclForNode] | Start operational GCL fetch for node: vstsn01
[2026-04-17 02:35:32.967941] | Thread:20635 | [NetconfSession::getData] | Start data fetch with XPath: /ietf-interfaces:interfaces/interface/ieee802-dot1q-bridge:bridge-port/ieee802-dot1q-sched-bridge:gate-parameter-table
[2026-04-17 02:35:33.068154] | Thread:20635 | [NetconfSession::getData] | Got return for path: /ietf-interfaces:interfaces/interface/ieee802-dot1q-bridge:bridge-port/ieee802-dot1q-sched-bridge:gate-parameter-table
[2026-04-17 02:35:33.068273] | Thread:20635 | [GclParser::parseOperationalGclData] | Start operational GCL data parsing
[2026-04-17 02:35:33.068524] | Thread:20635 | [GclParser::parseOperationalGclData] | Finished operational GCL data parsing
[2026-04-17 02:35:33.068635] | Thread:20989 | [NetworkManager::fetchOperationGclForNode] | Start operational GCL fetch for node: vstsn02
[2026-04-17 02:35:33.068761] | Thread:20646 | [NetconfSession::getData] | Start data fetch with XPath: /ietf-interfaces:interfaces/interface/ieee802-dot1q-bridge:bridge-port/ieee802-dot1q-sched-bridge:gate-parameter-table
[2026-04-17 02:35:33.144550] | Thread:20646 | [NetconfSession::getData] | Got return for path: /ietf-interfaces:interfaces/interface/ieee802-dot1q-bridge:bridge-port/ieee802-dot1q-sched-bridge:gate-parameter-table
[2026-04-17 02:35:33.144697] | Thread:20646 | [GclParser::parseOperationalGclData] | Start operational GCL data parsing
[2026-04-17 02:35:33.145008] | Thread:20646 | [GclParser::parseOperationalGclData] | Finished operational GCL data parsing
[2026-04-17 02:35:33.145123] | Thread:20989 | [NetworkManager::fetchOperationGclForNode] | Start operational GCL fetch for node: vstsn03
[2026-04-17 02:35:33.145199] | Thread:20657 | [NetconfSession::getData] | Start data fetch with XPath: /ietf-interfaces:interfaces/interface/ieee802-dot1q-bridge:bridge-port/ieee802-dot1q-sched-bridge:gate-parameter-table
[2026-04-17 02:35:33.182423] | Thread:20657 | [NetconfSession::getData] | Got return for path: /ietf-interfaces:interfaces/interface/ieee802-dot1q-bridge:bridge-port/ieee802-dot1q-sched-bridge:gate-parameter-table
[2026-04-17 02:35:33.182589] | Thread:20657 | [GclParser::parseOperationalGclData] | Start operational GCL data parsing
[2026-04-17 02:35:33.182787] | Thread:20657 | [GclParser::parseOperationalGclData] | Finished operational GCL data parsing
[2026-04-17 02:35:33.182856] | Thread:20989 | [NetworkManager::fetchOperationGcl] | Stop operational GCL fetch
[2026-04-17 02:35:33.182898] | Thread:20989 | [CncServiceImpl::SetNodeSchedule] | Finished setting node schedule (with verification) for node: vstsn01
[2026-04-17 02:35:33.182995] | Thread:21001 | [NetworkManager::deployConfigToNode] | Start config deployment for node: vstsn01
[2026-04-17 02:35:33.183147] | Thread:20635 | [NetconfSession::editData] | Start edit-config with XML length: 3260
[2026-04-17 02:35:33.213409] | Thread:20635 | [NetconfSession::editData] | Finished edit-config with XML length: 3260
[2026-04-17 02:35:33.213472] | Thread:20635 | [NetconfSession::commit] | Start commit operation.
[2026-04-17 02:35:33.254624] | Thread:20635 | [NetconfSession::commit] | Finished commit operation.
[2026-04-17 02:35:33.254649] | Thread:20635 | [NetworkManager::deployConfigToNode] | Successfully deployed config for node: vstsn01
[2026-04-17 02:35:33.254820] | Thread:21001 | [CncServiceImpl::SetNodeSchedule] | Finished deploying config to node: vstsn01
[2026-04-17 02:35:33.254862] | Thread:21001 | [NetworkManager::fetchOperationGcl] | Start operational GCL fetch
[2026-04-17 02:35:33.254864] | Thread:21001 | [NetworkManager::fetchOperationGclForNode] | Start operational GCL fetch for node: vstsn01
[2026-04-17 02:35:33.254920] | Thread:20635 | [NetconfSession::getData] | Start data fetch with XPath: /ietf-interfaces:interfaces/interface/ieee802-dot1q-bridge:bridge-port/ieee802-dot1q-sched-bridge:gate-parameter-table
[2026-04-17 02:35:33.356666] | Thread:20635 | [NetconfSession::getData] | Got return for path: /ietf-interfaces:interfaces/interface/ieee802-dot1q-bridge:bridge-port/ieee802-dot1q-sched-bridge:gate-parameter-table
[2026-04-17 02:35:33.356775] | Thread:20635 | [GclParser::parseOperationalGclData] | Start operational GCL data parsing
[2026-04-17 02:35:33.357014] | Thread:20635 | [GclParser::parseOperationalGclData] | Finished operational GCL data parsing
[2026-04-17 02:35:33.357097] | Thread:21001 | [NetworkManager::fetchOperationGclForNode] | Start operational GCL fetch for node: vstsn02
[2026-04-17 02:35:33.357232] | Thread:20646 | [NetconfSession::getData] | Start data fetch with XPath: /ietf-interfaces:interfaces/interface/ieee802-dot1q-bridge:bridge-port/ieee802-dot1q-sched-bridge:gate-parameter-table
[2026-04-17 02:35:33.433587] | Thread:20646 | [NetconfSession::getData] | Got return for path: /ietf-interfaces:interfaces/interface/ieee802-dot1q-bridge:bridge-port/ieee802-dot1q-sched-bridge:gate-parameter-table
[2026-04-17 02:35:33.433749] | Thread:20646 | [GclParser::parseOperationalGclData] | Start operational GCL data parsing
[2026-04-17 02:35:33.434066] | Thread:20646 | [GclParser::parseOperationalGclData] | Finished operational GCL data parsing
[2026-04-17 02:35:33.434209] | Thread:21001 | [NetworkManager::fetchOperationGclForNode] | Start operational GCL fetch for node: vstsn03
[2026-04-17 02:35:33.434268] | Thread:20657 | [NetconfSession::getData] | Start data fetch with XPath: /ietf-interfaces:interfaces/interface/ieee802-dot1q-bridge:bridge-port/ieee802-dot1q-sched-bridge:gate-parameter-table
[2026-04-17 02:35:33.479245] | Thread:20657 | [NetconfSession::getData] | Got return for path: /ietf-interfaces:interfaces/interface/ieee802-dot1q-bridge:bridge-port/ieee802-dot1q-sched-bridge:gate-parameter-table
[2026-04-17 02:35:33.479367] | Thread:20657 | [GclParser::parseOperationalGclData] | Start operational GCL data parsing
[2026-04-17 02:35:33.479563] | Thread:20657 | [GclParser::parseOperationalGclData] | Finished operational GCL data parsing
[2026-04-17 02:35:33.479670] | Thread:21001 | [NetworkManager::fetchOperationGcl] | Stop operational GCL fetch
[2026-04-17 02:35:33.479713] | Thread:21001 | [CncServiceImpl::SetNodeSchedule] | Finished setting node schedule (with verification) for node: vstsn01
[2026-04-17 02:35:33.479790] | Thread:21002 | [NetworkManager::deployConfigToNode] | Start config deployment for node: vstsn01
[2026-04-17 02:35:33.479967] | Thread:20635 | [NetconfSession::editData] | Start edit-config with XML length: 3260
[2026-04-17 02:35:33.508771] | Thread:20635 | [NetconfSession::editData] | Finished edit-config with XML length: 3260
[2026-04-17 02:35:33.508793] | Thread:20635 | [NetconfSession::commit] | Start commit operation.
[2026-04-17 02:35:33.550347] | Thread:20635 | [NetconfSession::commit] | Finished commit operation.
[2026-04-17 02:35:33.550377] | Thread:20635 | [NetworkManager::deployConfigToNode] | Successfully deployed config for node: vstsn01
[2026-04-17 02:35:33.550509] | Thread:21002 | [CncServiceImpl::SetNodeSchedule] | Finished deploying config to node: vstsn01
[2026-04-17 02:35:33.550538] | Thread:21002 | [NetworkManager::fetchOperationGcl] | Start operational GCL fetch
[2026-04-17 02:35:33.550540] | Thread:21002 | [NetworkManager::fetchOperationGclForNode] | Start operational GCL fetch for node: vstsn01
[2026-04-17 02:35:33.550578] | Thread:20635 | [NetconfSession::getData] | Start data fetch with XPath: /ietf-interfaces:interfaces/interface/ieee802-dot1q-bridge:bridge-port/ieee802-dot1q-sched-bridge:gate-parameter-table
[2026-04-17 02:35:33.654961] | Thread:20635 | [NetconfSession::getData] | Got return for path: /ietf-interfaces:interfaces/interface/ieee802-dot1q-bridge:bridge-port/ieee802-dot1q-sched-bridge:gate-parameter-table
[2026-04-17 02:35:33.655069] | Thread:20635 | [GclParser::parseOperationalGclData] | Start operational GCL data parsing
[2026-04-17 02:35:33.655309] | Thread:20635 | [GclParser::parseOperationalGclData] | Finished operational GCL data parsing
[2026-04-17 02:35:33.655438] | Thread:21002 | [NetworkManager::fetchOperationGclForNode] | Start operational GCL fetch for node: vstsn02
[2026-04-17 02:35:33.655520] | Thread:20646 | [NetconfSession::getData] | Start data fetch with XPath: /ietf-interfaces:interfaces/interface/ieee802-dot1q-bridge:bridge-port/ieee802-dot1q-sched-bridge:gate-parameter-table
[2026-04-17 02:35:33.747507] | Thread:20646 | [NetconfSession::getData] | Got return for path: /ietf-interfaces:interfaces/interface/ieee802-dot1q-bridge:bridge-port/ieee802-dot1q-sched-bridge:gate-parameter-table
[2026-04-17 02:35:33.747694] | Thread:20646 | [GclParser::parseOperationalGclData] | Start operational GCL data parsing
[2026-04-17 02:35:33.748202] | Thread:20646 | [GclParser::parseOperationalGclData] | Finished operational GCL data parsing
[2026-04-17 02:35:33.748334] | Thread:21002 | [NetworkManager::fetchOperationGclForNode] | Start operational GCL fetch for node: vstsn03
[2026-04-17 02:35:33.748400] | Thread:20657 | [NetconfSession::getData] | Start data fetch with XPath: /ietf-interfaces:interfaces/interface/ieee802-dot1q-bridge:bridge-port/ieee802-dot1q-sched-bridge:gate-parameter-table
[2026-04-17 02:35:33.785922] | Thread:20657 | [NetconfSession::getData] | Got return for path: /ietf-interfaces:interfaces/interface/ieee802-dot1q-bridge:bridge-port/ieee802-dot1q-sched-bridge:gate-parameter-table
[2026-04-17 02:35:33.786060] | Thread:20657 | [GclParser::parseOperationalGclData] | Start operational GCL data parsing
[2026-04-17 02:35:33.786262] | Thread:20657 | [GclParser::parseOperationalGclData] | Finished operational GCL data parsing
[2026-04-17 02:35:33.786325] | Thread:21002 | [NetworkManager::fetchOperationGcl] | Stop operational GCL fetch
[2026-04-17 02:35:33.786362] | Thread:21002 | [CncServiceImpl::SetNodeSchedule] | Finished setting node schedule (with verification) for node: vstsn01
[2026-04-17 02:35:33.786406] | Thread:21003 | [NetworkManager::deployConfigToNode] | Start config deployment for node: vstsn01
[2026-04-17 02:35:33.786487] | Thread:20635 | [NetconfSession::editData] | Start edit-config with XML length: 3260
[2026-04-17 02:35:33.841107] | Thread:20635 | [NetconfSession::editData] | Finished edit-config with XML length: 3260
[2026-04-17 02:35:33.841128] | Thread:20635 | [NetconfSession::commit] | Start commit operation.
[2026-04-17 02:35:33.885241] | Thread:20635 | [NetconfSession::commit] | Finished commit operation.
[2026-04-17 02:35:33.885267] | Thread:20635 | [NetworkManager::deployConfigToNode] | Successfully deployed config for node: vstsn01
[2026-04-17 02:35:33.885342] | Thread:21003 | [CncServiceImpl::SetNodeSchedule] | Finished deploying config to node: vstsn01
[2026-04-17 02:35:33.885370] | Thread:21003 | [NetworkManager::fetchOperationGcl] | Start operational GCL fetch
[2026-04-17 02:35:33.885372] | Thread:21003 | [NetworkManager::fetchOperationGclForNode] | Start operational GCL fetch for node: vstsn01
[2026-04-17 02:35:33.885450] | Thread:20635 | [NetconfSession::getData] | Start data fetch with XPath: /ietf-interfaces:interfaces/interface/ieee802-dot1q-bridge:bridge-port/ieee802-dot1q-sched-bridge:gate-parameter-table
[2026-04-17 02:35:33.994365] | Thread:20635 | [NetconfSession::getData] | Got return for path: /ietf-interfaces:interfaces/interface/ieee802-dot1q-bridge:bridge-port/ieee802-dot1q-sched-bridge:gate-parameter-table
[2026-04-17 02:35:33.994464] | Thread:20635 | [GclParser::parseOperationalGclData] | Start operational GCL data parsing
[2026-04-17 02:35:33.994925] | Thread:20635 | [GclParser::parseOperationalGclData] | Finished operational GCL data parsing
[2026-04-17 02:35:33.995021] | Thread:21003 | [NetworkManager::fetchOperationGclForNode] | Start operational GCL fetch for node: vstsn02
[2026-04-17 02:35:33.995065] | Thread:20646 | [NetconfSession::getData] | Start data fetch with XPath: /ietf-interfaces:interfaces/interface/ieee802-dot1q-bridge:bridge-port/ieee802-dot1q-sched-bridge:gate-parameter-table
[2026-04-17 02:35:34.075518] | Thread:20646 | [NetconfSession::getData] | Got return for path: /ietf-interfaces:interfaces/interface/ieee802-dot1q-bridge:bridge-port/ieee802-dot1q-sched-bridge:gate-parameter-table
[2026-04-17 02:35:34.075684] | Thread:20646 | [GclParser::parseOperationalGclData] | Start operational GCL data parsing
[2026-04-17 02:35:34.076009] | Thread:20646 | [GclParser::parseOperationalGclData] | Finished operational GCL data parsing
[2026-04-17 02:35:34.076096] | Thread:21003 | [NetworkManager::fetchOperationGclForNode] | Start operational GCL fetch for node: vstsn03
[2026-04-17 02:35:34.076135] | Thread:20657 | [NetconfSession::getData] | Start data fetch with XPath: /ietf-interfaces:interfaces/interface/ieee802-dot1q-bridge:bridge-port/ieee802-dot1q-sched-bridge:gate-parameter-table
[2026-04-17 02:35:34.116022] | Thread:20657 | [NetconfSession::getData] | Got return for path: /ietf-interfaces:interfaces/interface/ieee802-dot1q-bridge:bridge-port/ieee802-dot1q-sched-bridge:gate-parameter-table
[2026-04-17 02:35:34.116233] | Thread:20657 | [GclParser::parseOperationalGclData] | Start operational GCL data parsing
[2026-04-17 02:35:34.116460] | Thread:20657 | [GclParser::parseOperationalGclData] | Finished operational GCL data parsing
[2026-04-17 02:35:34.116553] | Thread:21003 | [NetworkManager::fetchOperationGcl] | Stop operational GCL fetch
[2026-04-17 02:35:34.116615] | Thread:21003 | [CncServiceImpl::SetNodeSchedule] | Finished setting node schedule (with verification) for node: vstsn01
[2026-04-17 02:35:34.116703] | Thread:21005 | [NetworkManager::deployConfigToNode] | Start config deployment for node: vstsn01
[2026-04-17 02:35:34.116802] | Thread:20635 | [NetconfSession::editData] | Start edit-config with XML length: 3260
[2026-04-17 02:35:34.145496] | Thread:20635 | [NetconfSession::editData] | Finished edit-config with XML length: 3260
[2026-04-17 02:35:34.145535] | Thread:20635 | [NetconfSession::commit] | Start commit operation.
[2026-04-17 02:35:34.185841] | Thread:20635 | [NetconfSession::commit] | Finished commit operation.
[2026-04-17 02:35:34.185866] | Thread:20635 | [NetworkManager::deployConfigToNode] | Successfully deployed config for node: vstsn01
[2026-04-17 02:35:34.185914] | Thread:21005 | [CncServiceImpl::SetNodeSchedule] | Finished deploying config to node: vstsn01
[2026-04-17 02:35:34.185925] | Thread:21005 | [NetworkManager::fetchOperationGcl] | Start operational GCL fetch
[2026-04-17 02:35:34.185926] | Thread:21005 | [NetworkManager::fetchOperationGclForNode] | Start operational GCL fetch for node: vstsn01
[2026-04-17 02:35:34.186025] | Thread:20635 | [NetconfSession::getData] | Start data fetch with XPath: /ietf-interfaces:interfaces/interface/ieee802-dot1q-bridge:bridge-port/ieee802-dot1q-sched-bridge:gate-parameter-table
[2026-04-17 02:35:34.286602] | Thread:20635 | [NetconfSession::getData] | Got return for path: /ietf-interfaces:interfaces/interface/ieee802-dot1q-bridge:bridge-port/ieee802-dot1q-sched-bridge:gate-parameter-table
[2026-04-17 02:35:34.286770] | Thread:20635 | [GclParser::parseOperationalGclData] | Start operational GCL data parsing
[2026-04-17 02:35:34.287096] | Thread:20635 | [GclParser::parseOperationalGclData] | Finished operational GCL data parsing
[2026-04-17 02:35:34.287203] | Thread:21005 | [NetworkManager::fetchOperationGclForNode] | Start operational GCL fetch for node: vstsn02
[2026-04-17 02:35:34.287290] | Thread:20646 | [NetconfSession::getData] | Start data fetch with XPath: /ietf-interfaces:interfaces/interface/ieee802-dot1q-bridge:bridge-port/ieee802-dot1q-sched-bridge:gate-parameter-table
[2026-04-17 02:35:34.361207] | Thread:20646 | [NetconfSession::getData] | Got return for path: /ietf-interfaces:interfaces/interface/ieee802-dot1q-bridge:bridge-port/ieee802-dot1q-sched-bridge:gate-parameter-table
[2026-04-17 02:35:34.361342] | Thread:20646 | [GclParser::parseOperationalGclData] | Start operational GCL data parsing
[2026-04-17 02:35:34.361629] | Thread:20646 | [GclParser::parseOperationalGclData] | Finished operational GCL data parsing
[2026-04-17 02:35:34.361830] | Thread:21005 | [NetworkManager::fetchOperationGclForNode] | Start operational GCL fetch for node: vstsn03
[2026-04-17 02:35:34.361869] | Thread:20657 | [NetconfSession::getData] | Start data fetch with XPath: /ietf-interfaces:interfaces/interface/ieee802-dot1q-bridge:bridge-port/ieee802-dot1q-sched-bridge:gate-parameter-table
[2026-04-17 02:35:34.399506] | Thread:20657 | [NetconfSession::getData] | Got return for path: /ietf-interfaces:interfaces/interface/ieee802-dot1q-bridge:bridge-port/ieee802-dot1q-sched-bridge:gate-parameter-table
[2026-04-17 02:35:34.399777] | Thread:20657 | [GclParser::parseOperationalGclData] | Start operational GCL data parsing
[2026-04-17 02:35:34.399983] | Thread:20657 | [GclParser::parseOperationalGclData] | Finished operational GCL data parsing
[2026-04-17 02:35:34.400105] | Thread:21005 | [NetworkManager::fetchOperationGcl] | Stop operational GCL fetch
[2026-04-17 02:35:34.400165] | Thread:21005 | [CncServiceImpl::SetNodeSchedule] | Finished setting node schedule (with verification) for node: vstsn01
[2026-04-17 02:35:34.400191] | Thread:21007 | [NetworkManager::deployConfigToNode] | Start config deployment for node: vstsn01
[2026-04-17 02:35:34.400333] | Thread:20635 | [NetconfSession::editData] | Start edit-config with XML length: 3260
[2026-04-17 02:35:34.430032] | Thread:20635 | [NetconfSession::editData] | Finished edit-config with XML length: 3260
[2026-04-17 02:35:34.430054] | Thread:20635 | [NetconfSession::commit] | Start commit operation.
[2026-04-17 02:35:34.473232] | Thread:20635 | [NetconfSession::commit] | Finished commit operation.
[2026-04-17 02:35:34.473263] | Thread:20635 | [NetworkManager::deployConfigToNode] | Successfully deployed config for node: vstsn01
[2026-04-17 02:35:34.473413] | Thread:21007 | [CncServiceImpl::SetNodeSchedule] | Finished deploying config to node: vstsn01
[2026-04-17 02:35:34.473456] | Thread:21007 | [NetworkManager::fetchOperationGcl] | Start operational GCL fetch
[2026-04-17 02:35:34.473458] | Thread:21007 | [NetworkManager::fetchOperationGclForNode] | Start operational GCL fetch for node: vstsn01
[2026-04-17 02:35:34.473540] | Thread:20635 | [NetconfSession::getData] | Start data fetch with XPath: /ietf-interfaces:interfaces/interface/ieee802-dot1q-bridge:bridge-port/ieee802-dot1q-sched-bridge:gate-parameter-table
[2026-04-17 02:35:34.575255] | Thread:20635 | [NetconfSession::getData] | Got return for path: /ietf-interfaces:interfaces/interface/ieee802-dot1q-bridge:bridge-port/ieee802-dot1q-sched-bridge:gate-parameter-table
[2026-04-17 02:35:34.575387] | Thread:20635 | [GclParser::parseOperationalGclData] | Start operational GCL data parsing
[2026-04-17 02:35:34.575655] | Thread:20635 | [GclParser::parseOperationalGclData] | Finished operational GCL data parsing
[2026-04-17 02:35:34.575762] | Thread:21007 | [NetworkManager::fetchOperationGclForNode] | Start operational GCL fetch for node: vstsn02
[2026-04-17 02:35:34.575823] | Thread:20646 | [NetconfSession::getData] | Start data fetch with XPath: /ietf-interfaces:interfaces/interface/ieee802-dot1q-bridge:bridge-port/ieee802-dot1q-sched-bridge:gate-parameter-table
[2026-04-17 02:35:34.649337] | Thread:20646 | [NetconfSession::getData] | Got return for path: /ietf-interfaces:interfaces/interface/ieee802-dot1q-bridge:bridge-port/ieee802-dot1q-sched-bridge:gate-parameter-table
[2026-04-17 02:35:34.649488] | Thread:20646 | [GclParser::parseOperationalGclData] | Start operational GCL data parsing
[2026-04-17 02:35:34.649810] | Thread:20646 | [GclParser::parseOperationalGclData] | Finished operational GCL data parsing
[2026-04-17 02:35:34.650011] | Thread:21007 | [NetworkManager::fetchOperationGclForNode] | Start operational GCL fetch for node: vstsn03
[2026-04-17 02:35:34.650072] | Thread:20657 | [NetconfSession::getData] | Start data fetch with XPath: /ietf-interfaces:interfaces/interface/ieee802-dot1q-bridge:bridge-port/ieee802-dot1q-sched-bridge:gate-parameter-table
[2026-04-17 02:35:34.687227] | Thread:20657 | [NetconfSession::getData] | Got return for path: /ietf-interfaces:interfaces/interface/ieee802-dot1q-bridge:bridge-port/ieee802-dot1q-sched-bridge:gate-parameter-table
[2026-04-17 02:35:34.687376] | Thread:20657 | [GclParser::parseOperationalGclData] | Start operational GCL data parsing
[2026-04-17 02:35:34.687547] | Thread:20657 | [GclParser::parseOperationalGclData] | Finished operational GCL data parsing
[2026-04-17 02:35:34.687669] | Thread:21007 | [NetworkManager::fetchOperationGcl] | Stop operational GCL fetch
[2026-04-17 02:35:34.687711] | Thread:21007 | [CncServiceImpl::SetNodeSchedule] | Finished setting node schedule (with verification) for node: vstsn01
[2026-04-17 02:35:34.687874] | Thread:21009 | [NetworkManager::deployConfigToNode] | Start config deployment for node: vstsn01
[2026-04-17 02:35:34.687977] | Thread:20635 | [NetconfSession::editData] | Start edit-config with XML length: 3260
[2026-04-17 02:35:34.716530] | Thread:20635 | [NetconfSession::editData] | Finished edit-config with XML length: 3260
[2026-04-17 02:35:34.716556] | Thread:20635 | [NetconfSession::commit] | Start commit operation.
[2026-04-17 02:35:34.757936] | Thread:20635 | [NetconfSession::commit] | Finished commit operation.
[2026-04-17 02:35:34.757962] | Thread:20635 | [NetworkManager::deployConfigToNode] | Successfully deployed config for node: vstsn01
[2026-04-17 02:35:34.758018] | Thread:21009 | [CncServiceImpl::SetNodeSchedule] | Finished deploying config to node: vstsn01
[2026-04-17 02:35:34.758061] | Thread:21009 | [NetworkManager::fetchOperationGcl] | Start operational GCL fetch
[2026-04-17 02:35:34.758079] | Thread:21009 | [NetworkManager::fetchOperationGclForNode] | Start operational GCL fetch for node: vstsn01
[2026-04-17 02:35:34.758118] | Thread:20635 | [NetconfSession::getData] | Start data fetch with XPath: /ietf-interfaces:interfaces/interface/ieee802-dot1q-bridge:bridge-port/ieee802-dot1q-sched-bridge:gate-parameter-table
[2026-04-17 02:35:34.861949] | Thread:20635 | [NetconfSession::getData] | Got return for path: /ietf-interfaces:interfaces/interface/ieee802-dot1q-bridge:bridge-port/ieee802-dot1q-sched-bridge:gate-parameter-table
[2026-04-17 02:35:34.862118] | Thread:20635 | [GclParser::parseOperationalGclData] | Start operational GCL data parsing
[2026-04-17 02:35:34.862378] | Thread:20635 | [GclParser::parseOperationalGclData] | Finished operational GCL data parsing
[2026-04-17 02:35:34.862465] | Thread:21009 | [NetworkManager::fetchOperationGclForNode] | Start operational GCL fetch for node: vstsn02
[2026-04-17 02:35:34.862545] | Thread:20646 | [NetconfSession::getData] | Start data fetch with XPath: /ietf-interfaces:interfaces/interface/ieee802-dot1q-bridge:bridge-port/ieee802-dot1q-sched-bridge:gate-parameter-table
[2026-04-17 02:35:34.933656] | Thread:20646 | [NetconfSession::getData] | Got return for path: /ietf-interfaces:interfaces/interface/ieee802-dot1q-bridge:bridge-port/ieee802-dot1q-sched-bridge:gate-parameter-table
[2026-04-17 02:35:34.933850] | Thread:20646 | [GclParser::parseOperationalGclData] | Start operational GCL data parsing
[2026-04-17 02:35:34.934183] | Thread:20646 | [GclParser::parseOperationalGclData] | Finished operational GCL data parsing
[2026-04-17 02:35:34.934309] | Thread:21009 | [NetworkManager::fetchOperationGclForNode] | Start operational GCL fetch for node: vstsn03
[2026-04-17 02:35:34.934416] | Thread:20657 | [NetconfSession::getData] | Start data fetch with XPath: /ietf-interfaces:interfaces/interface/ieee802-dot1q-bridge:bridge-port/ieee802-dot1q-sched-bridge:gate-parameter-table
[2026-04-17 02:35:34.975286] | Thread:20657 | [NetconfSession::getData] | Got return for path: /ietf-interfaces:interfaces/interface/ieee802-dot1q-bridge:bridge-port/ieee802-dot1q-sched-bridge:gate-parameter-table
[2026-04-17 02:35:34.975418] | Thread:20657 | [GclParser::parseOperationalGclData] | Start operational GCL data parsing
[2026-04-17 02:35:34.975663] | Thread:20657 | [GclParser::parseOperationalGclData] | Finished operational GCL data parsing
[2026-04-17 02:35:34.975770] | Thread:21009 | [NetworkManager::fetchOperationGcl] | Stop operational GCL fetch
[2026-04-17 02:35:34.975833] | Thread:21009 | [CncServiceImpl::SetNodeSchedule] | Finished setting node schedule (with verification) for node: vstsn01
[2026-04-17 02:35:34.975886] | Thread:21011 | [NetworkManager::deployConfigToNode] | Start config deployment for node: vstsn01
[2026-04-17 02:35:34.976026] | Thread:20635 | [NetconfSession::editData] | Start edit-config with XML length: 3260
[2026-04-17 02:35:35.014146] | Thread:20635 | [NetconfSession::editData] | Finished edit-config with XML length: 3260
[2026-04-17 02:35:35.014176] | Thread:20635 | [NetconfSession::commit] | Start commit operation.
[2026-04-17 02:35:35.066520] | Thread:20635 | [NetconfSession::commit] | Finished commit operation.
[2026-04-17 02:35:35.066547] | Thread:20635 | [NetworkManager::deployConfigToNode] | Successfully deployed config for node: vstsn01
[2026-04-17 02:35:35.066584] | Thread:21011 | [CncServiceImpl::SetNodeSchedule] | Finished deploying config to node: vstsn01
[2026-04-17 02:35:35.066619] | Thread:21011 | [NetworkManager::fetchOperationGcl] | Start operational GCL fetch
[2026-04-17 02:35:35.066620] | Thread:21011 | [NetworkManager::fetchOperationGclForNode] | Start operational GCL fetch for node: vstsn01
[2026-04-17 02:35:35.066654] | Thread:20635 | [NetconfSession::getData] | Start data fetch with XPath: /ietf-interfaces:interfaces/interface/ieee802-dot1q-bridge:bridge-port/ieee802-dot1q-sched-bridge:gate-parameter-table
[2026-04-17 02:35:35.174216] | Thread:20635 | [NetconfSession::getData] | Got return for path: /ietf-interfaces:interfaces/interface/ieee802-dot1q-bridge:bridge-port/ieee802-dot1q-sched-bridge:gate-parameter-table
[2026-04-17 02:35:35.174327] | Thread:20635 | [GclParser::parseOperationalGclData] | Start operational GCL data parsing
[2026-04-17 02:35:35.174564] | Thread:20635 | [GclParser::parseOperationalGclData] | Finished operational GCL data parsing
[2026-04-17 02:35:35.174618] | Thread:21011 | [NetworkManager::fetchOperationGclForNode] | Start operational GCL fetch for node: vstsn02
[2026-04-17 02:35:35.174660] | Thread:20646 | [NetconfSession::getData] | Start data fetch with XPath: /ietf-interfaces:interfaces/interface/ieee802-dot1q-bridge:bridge-port/ieee802-dot1q-sched-bridge:gate-parameter-table
[2026-04-17 02:35:35.249733] | Thread:20646 | [NetconfSession::getData] | Got return for path: /ietf-interfaces:interfaces/interface/ieee802-dot1q-bridge:bridge-port/ieee802-dot1q-sched-bridge:gate-parameter-table
[2026-04-17 02:35:35.249888] | Thread:20646 | [GclParser::parseOperationalGclData] | Start operational GCL data parsing
[2026-04-17 02:35:35.250211] | Thread:20646 | [GclParser::parseOperationalGclData] | Finished operational GCL data parsing
[2026-04-17 02:35:35.250394] | Thread:21011 | [NetworkManager::fetchOperationGclForNode] | Start operational GCL fetch for node: vstsn03
[2026-04-17 02:35:35.250500] | Thread:20657 | [NetconfSession::getData] | Start data fetch with XPath: /ietf-interfaces:interfaces/interface/ieee802-dot1q-bridge:bridge-port/ieee802-dot1q-sched-bridge:gate-parameter-table
[2026-04-17 02:35:35.290461] | Thread:20657 | [NetconfSession::getData] | Got return for path: /ietf-interfaces:interfaces/interface/ieee802-dot1q-bridge:bridge-port/ieee802-dot1q-sched-bridge:gate-parameter-table
[2026-04-17 02:35:35.290582] | Thread:20657 | [GclParser::parseOperationalGclData] | Start operational GCL data parsing
[2026-04-17 02:35:35.290747] | Thread:20657 | [GclParser::parseOperationalGclData] | Finished operational GCL data parsing
[2026-04-17 02:35:35.290954] | Thread:21011 | [NetworkManager::fetchOperationGcl] | Stop operational GCL fetch
[2026-04-17 02:35:35.290995] | Thread:21011 | [CncServiceImpl::SetNodeSchedule] | Finished setting node schedule (with verification) for node: vstsn01
[2026-04-17 02:35:35.291053] | Thread:21013 | [NetworkManager::deployConfigToNode] | Start config deployment for node: vstsn01
[2026-04-17 02:35:35.291198] | Thread:20635 | [NetconfSession::editData] | Start edit-config with XML length: 3260
[2026-04-17 02:35:35.320241] | Thread:20635 | [NetconfSession::editData] | Finished edit-config with XML length: 3260
[2026-04-17 02:35:35.320316] | Thread:20635 | [NetconfSession::commit] | Start commit operation.
[2026-04-17 02:35:35.359833] | Thread:20635 | [NetconfSession::commit] | Finished commit operation.
[2026-04-17 02:35:35.359857] | Thread:20635 | [NetworkManager::deployConfigToNode] | Successfully deployed config for node: vstsn01
[2026-04-17 02:35:35.359948] | Thread:21013 | [CncServiceImpl::SetNodeSchedule] | Finished deploying config to node: vstsn01
[2026-04-17 02:35:35.359983] | Thread:21013 | [NetworkManager::fetchOperationGcl] | Start operational GCL fetch
[2026-04-17 02:35:35.359985] | Thread:21013 | [NetworkManager::fetchOperationGclForNode] | Start operational GCL fetch for node: vstsn01
[2026-04-17 02:35:35.360096] | Thread:20635 | [NetconfSession::getData] | Start data fetch with XPath: /ietf-interfaces:interfaces/interface/ieee802-dot1q-bridge:bridge-port/ieee802-dot1q-sched-bridge:gate-parameter-table
[2026-04-17 02:35:35.466389] | Thread:20635 | [NetconfSession::getData] | Got return for path: /ietf-interfaces:interfaces/interface/ieee802-dot1q-bridge:bridge-port/ieee802-dot1q-sched-bridge:gate-parameter-table
[2026-04-17 02:35:35.466494] | Thread:20635 | [GclParser::parseOperationalGclData] | Start operational GCL data parsing
[2026-04-17 02:35:35.466732] | Thread:20635 | [GclParser::parseOperationalGclData] | Finished operational GCL data parsing
[2026-04-17 02:35:35.466802] | Thread:21013 | [NetworkManager::fetchOperationGclForNode] | Start operational GCL fetch for node: vstsn02
[2026-04-17 02:35:35.466858] | Thread:20646 | [NetconfSession::getData] | Start data fetch with XPath: /ietf-interfaces:interfaces/interface/ieee802-dot1q-bridge:bridge-port/ieee802-dot1q-sched-bridge:gate-parameter-table
[2026-04-17 02:35:35.543222] | Thread:20646 | [NetconfSession::getData] | Got return for path: /ietf-interfaces:interfaces/interface/ieee802-dot1q-bridge:bridge-port/ieee802-dot1q-sched-bridge:gate-parameter-table
[2026-04-17 02:35:35.543372] | Thread:20646 | [GclParser::parseOperationalGclData] | Start operational GCL data parsing
[2026-04-17 02:35:35.543678] | Thread:20646 | [GclParser::parseOperationalGclData] | Finished operational GCL data parsing
[2026-04-17 02:35:35.543787] | Thread:21013 | [NetworkManager::fetchOperationGclForNode] | Start operational GCL fetch for node: vstsn03
[2026-04-17 02:35:35.543850] | Thread:20657 | [NetconfSession::getData] | Start data fetch with XPath: /ietf-interfaces:interfaces/interface/ieee802-dot1q-bridge:bridge-port/ieee802-dot1q-sched-bridge:gate-parameter-table
[2026-04-17 02:35:35.583197] | Thread:20657 | [NetconfSession::getData] | Got return for path: /ietf-interfaces:interfaces/interface/ieee802-dot1q-bridge:bridge-port/ieee802-dot1q-sched-bridge:gate-parameter-table
[2026-04-17 02:35:35.583295] | Thread:20657 | [GclParser::parseOperationalGclData] | Start operational GCL data parsing
[2026-04-17 02:35:35.583449] | Thread:20657 | [GclParser::parseOperationalGclData] | Finished operational GCL data parsing
[2026-04-17 02:35:35.583641] | Thread:21013 | [NetworkManager::fetchOperationGcl] | Stop operational GCL fetch
[2026-04-17 02:35:35.583720] | Thread:21013 | [CncServiceImpl::SetNodeSchedule] | Finished setting node schedule (with verification) for node: vstsn01
[2026-04-17 02:35:35.583787] | Thread:21015 | [NetworkManager::deployConfigToNode] | Start config deployment for node: vstsn01
[2026-04-17 02:35:35.583933] | Thread:20635 | [NetconfSession::editData] | Start edit-config with XML length: 3260
[2026-04-17 02:35:35.614454] | Thread:20635 | [NetconfSession::editData] | Finished edit-config with XML length: 3260
[2026-04-17 02:35:35.614481] | Thread:20635 | [NetconfSession::commit] | Start commit operation.
[2026-04-17 02:35:35.655697] | Thread:20635 | [NetconfSession::commit] | Finished commit operation.
[2026-04-17 02:35:35.655722] | Thread:20635 | [NetworkManager::deployConfigToNode] | Successfully deployed config for node: vstsn01
[2026-04-17 02:35:35.655769] | Thread:21015 | [CncServiceImpl::SetNodeSchedule] | Finished deploying config to node: vstsn01
[2026-04-17 02:35:35.655799] | Thread:21015 | [NetworkManager::fetchOperationGcl] | Start operational GCL fetch
[2026-04-17 02:35:35.655801] | Thread:21015 | [NetworkManager::fetchOperationGclForNode] | Start operational GCL fetch for node: vstsn01
[2026-04-17 02:35:35.655885] | Thread:20635 | [NetconfSession::getData] | Start data fetch with XPath: /ietf-interfaces:interfaces/interface/ieee802-dot1q-bridge:bridge-port/ieee802-dot1q-sched-bridge:gate-parameter-table
[2026-04-17 02:35:35.758485] | Thread:20635 | [NetconfSession::getData] | Got return for path: /ietf-interfaces:interfaces/interface/ieee802-dot1q-bridge:bridge-port/ieee802-dot1q-sched-bridge:gate-parameter-table
[2026-04-17 02:35:35.758676] | Thread:20635 | [GclParser::parseOperationalGclData] | Start operational GCL data parsing
[2026-04-17 02:35:35.758914] | Thread:20635 | [GclParser::parseOperationalGclData] | Finished operational GCL data parsing
[2026-04-17 02:35:35.759005] | Thread:21015 | [NetworkManager::fetchOperationGclForNode] | Start operational GCL fetch for node: vstsn02
[2026-04-17 02:35:35.759057] | Thread:20646 | [NetconfSession::getData] | Start data fetch with XPath: /ietf-interfaces:interfaces/interface/ieee802-dot1q-bridge:bridge-port/ieee802-dot1q-sched-bridge:gate-parameter-table
[2026-04-17 02:35:35.834677] | Thread:20646 | [NetconfSession::getData] | Got return for path: /ietf-interfaces:interfaces/interface/ieee802-dot1q-bridge:bridge-port/ieee802-dot1q-sched-bridge:gate-parameter-table
[2026-04-17 02:35:35.834827] | Thread:20646 | [GclParser::parseOperationalGclData] | Start operational GCL data parsing
[2026-04-17 02:35:35.835152] | Thread:20646 | [GclParser::parseOperationalGclData] | Finished operational GCL data parsing
[2026-04-17 02:35:35.835324] | Thread:21015 | [NetworkManager::fetchOperationGclForNode] | Start operational GCL fetch for node: vstsn03
[2026-04-17 02:35:35.835442] | Thread:20657 | [NetconfSession::getData] | Start data fetch with XPath: /ietf-interfaces:interfaces/interface/ieee802-dot1q-bridge:bridge-port/ieee802-dot1q-sched-bridge:gate-parameter-table
[2026-04-17 02:35:35.871583] | Thread:20657 | [NetconfSession::getData] | Got return for path: /ietf-interfaces:interfaces/interface/ieee802-dot1q-bridge:bridge-port/ieee802-dot1q-sched-bridge:gate-parameter-table
[2026-04-17 02:35:35.871676] | Thread:20657 | [GclParser::parseOperationalGclData] | Start operational GCL data parsing
[2026-04-17 02:35:35.871821] | Thread:20657 | [GclParser::parseOperationalGclData] | Finished operational GCL data parsing
[2026-04-17 02:35:35.871984] | Thread:21015 | [NetworkManager::fetchOperationGcl] | Stop operational GCL fetch
[2026-04-17 02:35:35.872020] | Thread:21015 | [CncServiceImpl::SetNodeSchedule] | Finished setting node schedule (with verification) for node: vstsn01
[2026-04-17 02:35:35.872079] | Thread:21017 | [NetworkManager::deployConfigToNode] | Start config deployment for node: vstsn01
[2026-04-17 02:35:35.872213] | Thread:20635 | [NetconfSession::editData] | Start edit-config with XML length: 3260
[2026-04-17 02:35:35.899575] | Thread:20635 | [NetconfSession::editData] | Finished edit-config with XML length: 3260
[2026-04-17 02:35:35.899599] | Thread:20635 | [NetconfSession::commit] | Start commit operation.
[2026-04-17 02:35:35.940002] | Thread:20635 | [NetconfSession::commit] | Finished commit operation.
[2026-04-17 02:35:35.940033] | Thread:20635 | [NetworkManager::deployConfigToNode] | Successfully deployed config for node: vstsn01
[2026-04-17 02:35:35.940085] | Thread:21017 | [CncServiceImpl::SetNodeSchedule] | Finished deploying config to node: vstsn01
[2026-04-17 02:35:35.940114] | Thread:21017 | [NetworkManager::fetchOperationGcl] | Start operational GCL fetch
[2026-04-17 02:35:35.940115] | Thread:21017 | [NetworkManager::fetchOperationGclForNode] | Start operational GCL fetch for node: vstsn01
[2026-04-17 02:35:35.940147] | Thread:20635 | [NetconfSession::getData] | Start data fetch with XPath: /ietf-interfaces:interfaces/interface/ieee802-dot1q-bridge:bridge-port/ieee802-dot1q-sched-bridge:gate-parameter-table
[2026-04-17 02:35:36.043276] | Thread:20635 | [NetconfSession::getData] | Got return for path: /ietf-interfaces:interfaces/interface/ieee802-dot1q-bridge:bridge-port/ieee802-dot1q-sched-bridge:gate-parameter-table
[2026-04-17 02:35:36.043401] | Thread:20635 | [GclParser::parseOperationalGclData] | Start operational GCL data parsing
[2026-04-17 02:35:36.043643] | Thread:20635 | [GclParser::parseOperationalGclData] | Finished operational GCL data parsing
[2026-04-17 02:35:36.043763] | Thread:21017 | [NetworkManager::fetchOperationGclForNode] | Start operational GCL fetch for node: vstsn02
[2026-04-17 02:35:36.043851] | Thread:20646 | [NetconfSession::getData] | Start data fetch with XPath: /ietf-interfaces:interfaces/interface/ieee802-dot1q-bridge:bridge-port/ieee802-dot1q-sched-bridge:gate-parameter-table
[2026-04-17 02:35:36.119569] | Thread:20646 | [NetconfSession::getData] | Got return for path: /ietf-interfaces:interfaces/interface/ieee802-dot1q-bridge:bridge-port/ieee802-dot1q-sched-bridge:gate-parameter-table
[2026-04-17 02:35:36.119709] | Thread:20646 | [GclParser::parseOperationalGclData] | Start operational GCL data parsing
[2026-04-17 02:35:36.120031] | Thread:20646 | [GclParser::parseOperationalGclData] | Finished operational GCL data parsing
[2026-04-17 02:35:36.120179] | Thread:21017 | [NetworkManager::fetchOperationGclForNode] | Start operational GCL fetch for node: vstsn03
[2026-04-17 02:35:36.120238] | Thread:20657 | [NetconfSession::getData] | Start data fetch with XPath: /ietf-interfaces:interfaces/interface/ieee802-dot1q-bridge:bridge-port/ieee802-dot1q-sched-bridge:gate-parameter-table
[2026-04-17 02:35:36.159942] | Thread:20657 | [NetconfSession::getData] | Got return for path: /ietf-interfaces:interfaces/interface/ieee802-dot1q-bridge:bridge-port/ieee802-dot1q-sched-bridge:gate-parameter-table
[2026-04-17 02:35:36.160075] | Thread:20657 | [GclParser::parseOperationalGclData] | Start operational GCL data parsing
[2026-04-17 02:35:36.160295] | Thread:20657 | [GclParser::parseOperationalGclData] | Finished operational GCL data parsing
[2026-04-17 02:35:36.160413] | Thread:21017 | [NetworkManager::fetchOperationGcl] | Stop operational GCL fetch
[2026-04-17 02:35:36.160460] | Thread:21017 | [CncServiceImpl::SetNodeSchedule] | Finished setting node schedule (with verification) for node: vstsn01
[2026-04-17 02:35:36.160542] | Thread:21019 | [NetworkManager::deployConfigToNode] | Start config deployment for node: vstsn01
[2026-04-17 02:35:36.160708] | Thread:20635 | [NetconfSession::editData] | Start edit-config with XML length: 3260
[2026-04-17 02:35:36.190397] | Thread:20635 | [NetconfSession::editData] | Finished edit-config with XML length: 3260
[2026-04-17 02:35:36.190422] | Thread:20635 | [NetconfSession::commit] | Start commit operation.
[2026-04-17 02:35:36.229644] | Thread:20635 | [NetconfSession::commit] | Finished commit operation.
[2026-04-17 02:35:36.229669] | Thread:20635 | [NetworkManager::deployConfigToNode] | Successfully deployed config for node: vstsn01
[2026-04-17 02:35:36.229846] | Thread:21019 | [CncServiceImpl::SetNodeSchedule] | Finished deploying config to node: vstsn01
[2026-04-17 02:35:36.229892] | Thread:21019 | [NetworkManager::fetchOperationGcl] | Start operational GCL fetch
[2026-04-17 02:35:36.229894] | Thread:21019 | [NetworkManager::fetchOperationGclForNode] | Start operational GCL fetch for node: vstsn01
[2026-04-17 02:35:36.229930] | Thread:20635 | [NetconfSession::getData] | Start data fetch with XPath: /ietf-interfaces:interfaces/interface/ieee802-dot1q-bridge:bridge-port/ieee802-dot1q-sched-bridge:gate-parameter-table
[2026-04-17 02:35:36.330398] | Thread:20635 | [NetconfSession::getData] | Got return for path: /ietf-interfaces:interfaces/interface/ieee802-dot1q-bridge:bridge-port/ieee802-dot1q-sched-bridge:gate-parameter-table
[2026-04-17 02:35:36.330597] | Thread:20635 | [GclParser::parseOperationalGclData] | Start operational GCL data parsing
[2026-04-17 02:35:36.330952] | Thread:20635 | [GclParser::parseOperationalGclData] | Finished operational GCL data parsing
[2026-04-17 02:35:36.331040] | Thread:21019 | [NetworkManager::fetchOperationGclForNode] | Start operational GCL fetch for node: vstsn02
[2026-04-17 02:35:36.331099] | Thread:20646 | [NetconfSession::getData] | Start data fetch with XPath: /ietf-interfaces:interfaces/interface/ieee802-dot1q-bridge:bridge-port/ieee802-dot1q-sched-bridge:gate-parameter-table
[2026-04-17 02:35:36.407648] | Thread:20646 | [NetconfSession::getData] | Got return for path: /ietf-interfaces:interfaces/interface/ieee802-dot1q-bridge:bridge-port/ieee802-dot1q-sched-bridge:gate-parameter-table
[2026-04-17 02:35:36.407799] | Thread:20646 | [GclParser::parseOperationalGclData] | Start operational GCL data parsing
[2026-04-17 02:35:36.408104] | Thread:20646 | [GclParser::parseOperationalGclData] | Finished operational GCL data parsing
[2026-04-17 02:35:36.408254] | Thread:21019 | [NetworkManager::fetchOperationGclForNode] | Start operational GCL fetch for node: vstsn03
[2026-04-17 02:35:36.408317] | Thread:20657 | [NetconfSession::getData] | Start data fetch with XPath: /ietf-interfaces:interfaces/interface/ieee802-dot1q-bridge:bridge-port/ieee802-dot1q-sched-bridge:gate-parameter-table
[2026-04-17 02:35:36.444118] | Thread:20657 | [NetconfSession::getData] | Got return for path: /ietf-interfaces:interfaces/interface/ieee802-dot1q-bridge:bridge-port/ieee802-dot1q-sched-bridge:gate-parameter-table
[2026-04-17 02:35:36.444234] | Thread:20657 | [GclParser::parseOperationalGclData] | Start operational GCL data parsing
[2026-04-17 02:35:36.444416] | Thread:20657 | [GclParser::parseOperationalGclData] | Finished operational GCL data parsing
[2026-04-17 02:35:36.444487] | Thread:21019 | [NetworkManager::fetchOperationGcl] | Stop operational GCL fetch
[2026-04-17 02:35:36.444524] | Thread:21019 | [CncServiceImpl::SetNodeSchedule] | Finished setting node schedule (with verification) for node: vstsn01
[2026-04-17 02:35:36.444640] | Thread:21021 | [NetworkManager::deployConfigToNode] | Start config deployment for node: vstsn01
[2026-04-17 02:35:36.444736] | Thread:20635 | [NetconfSession::editData] | Start edit-config with XML length: 3260
[2026-04-17 02:35:36.473298] | Thread:20635 | [NetconfSession::editData] | Finished edit-config with XML length: 3260
[2026-04-17 02:35:36.473338] | Thread:20635 | [NetconfSession::commit] | Start commit operation.
[2026-04-17 02:35:36.514083] | Thread:20635 | [NetconfSession::commit] | Finished commit operation.
[2026-04-17 02:35:36.514111] | Thread:20635 | [NetworkManager::deployConfigToNode] | Successfully deployed config for node: vstsn01
[2026-04-17 02:35:36.514201] | Thread:21021 | [CncServiceImpl::SetNodeSchedule] | Finished deploying config to node: vstsn01
[2026-04-17 02:35:36.514273] | Thread:21021 | [NetworkManager::fetchOperationGcl] | Start operational GCL fetch
[2026-04-17 02:35:36.514278] | Thread:21021 | [NetworkManager::fetchOperationGclForNode] | Start operational GCL fetch for node: vstsn01
[2026-04-17 02:35:36.514334] | Thread:20635 | [NetconfSession::getData] | Start data fetch with XPath: /ietf-interfaces:interfaces/interface/ieee802-dot1q-bridge:bridge-port/ieee802-dot1q-sched-bridge:gate-parameter-table
[2026-04-17 02:35:36.618929] | Thread:20635 | [NetconfSession::getData] | Got return for path: /ietf-interfaces:interfaces/interface/ieee802-dot1q-bridge:bridge-port/ieee802-dot1q-sched-bridge:gate-parameter-table
[2026-04-17 02:35:36.619091] | Thread:20635 | [GclParser::parseOperationalGclData] | Start operational GCL data parsing
[2026-04-17 02:35:36.619473] | Thread:20635 | [GclParser::parseOperationalGclData] | Finished operational GCL data parsing
[2026-04-17 02:35:36.619572] | Thread:21021 | [NetworkManager::fetchOperationGclForNode] | Start operational GCL fetch for node: vstsn02
[2026-04-17 02:35:36.619880] | Thread:20646 | [NetconfSession::getData] | Start data fetch with XPath: /ietf-interfaces:interfaces/interface/ieee802-dot1q-bridge:bridge-port/ieee802-dot1q-sched-bridge:gate-parameter-table
[2026-04-17 02:35:36.695875] | Thread:20646 | [NetconfSession::getData] | Got return for path: /ietf-interfaces:interfaces/interface/ieee802-dot1q-bridge:bridge-port/ieee802-dot1q-sched-bridge:gate-parameter-table
[2026-04-17 02:35:36.696168] | Thread:20646 | [GclParser::parseOperationalGclData] | Start operational GCL data parsing
[2026-04-17 02:35:36.696687] | Thread:20646 | [GclParser::parseOperationalGclData] | Finished operational GCL data parsing
[2026-04-17 02:35:36.696872] | Thread:21021 | [NetworkManager::fetchOperationGclForNode] | Start operational GCL fetch for node: vstsn03
[2026-04-17 02:35:36.696987] | Thread:20657 | [NetconfSession::getData] | Start data fetch with XPath: /ietf-interfaces:interfaces/interface/ieee802-dot1q-bridge:bridge-port/ieee802-dot1q-sched-bridge:gate-parameter-table
[2026-04-17 02:35:36.735933] | Thread:20657 | [NetconfSession::getData] | Got return for path: /ietf-interfaces:interfaces/interface/ieee802-dot1q-bridge:bridge-port/ieee802-dot1q-sched-bridge:gate-parameter-table
[2026-04-17 02:35:36.736077] | Thread:20657 | [GclParser::parseOperationalGclData] | Start operational GCL data parsing
[2026-04-17 02:35:36.736261] | Thread:20657 | [GclParser::parseOperationalGclData] | Finished operational GCL data parsing
[2026-04-17 02:35:36.736344] | Thread:21021 | [NetworkManager::fetchOperationGcl] | Stop operational GCL fetch
[2026-04-17 02:35:36.736426] | Thread:21021 | [CncServiceImpl::SetNodeSchedule] | Finished setting node schedule (with verification) for node: vstsn01
[2026-04-17 02:35:36.736477] | Thread:21023 | [NetworkManager::deployConfigToNode] | Start config deployment for node: vstsn01
[2026-04-17 02:35:36.736582] | Thread:20635 | [NetconfSession::editData] | Start edit-config with XML length: 3260
[2026-04-17 02:35:36.766333] | Thread:20635 | [NetconfSession::editData] | Finished edit-config with XML length: 3260
[2026-04-17 02:35:36.766389] | Thread:20635 | [NetconfSession::commit] | Start commit operation.
[2026-04-17 02:35:36.807683] | Thread:20635 | [NetconfSession::commit] | Finished commit operation.
[2026-04-17 02:35:36.807711] | Thread:20635 | [NetworkManager::deployConfigToNode] | Successfully deployed config for node: vstsn01
[2026-04-17 02:35:36.807761] | Thread:21023 | [CncServiceImpl::SetNodeSchedule] | Finished deploying config to node: vstsn01
[2026-04-17 02:35:36.807789] | Thread:21023 | [NetworkManager::fetchOperationGcl] | Start operational GCL fetch
[2026-04-17 02:35:36.807790] | Thread:21023 | [NetworkManager::fetchOperationGclForNode] | Start operational GCL fetch for node: vstsn01
[2026-04-17 02:35:36.807823] | Thread:20635 | [NetconfSession::getData] | Start data fetch with XPath: /ietf-interfaces:interfaces/interface/ieee802-dot1q-bridge:bridge-port/ieee802-dot1q-sched-bridge:gate-parameter-table
[2026-04-17 02:35:36.911291] | Thread:20635 | [NetconfSession::getData] | Got return for path: /ietf-interfaces:interfaces/interface/ieee802-dot1q-bridge:bridge-port/ieee802-dot1q-sched-bridge:gate-parameter-table
[2026-04-17 02:35:36.911481] | Thread:20635 | [GclParser::parseOperationalGclData] | Start operational GCL data parsing
[2026-04-17 02:35:36.911946] | Thread:20635 | [GclParser::parseOperationalGclData] | Finished operational GCL data parsing
[2026-04-17 02:35:36.912050] | Thread:21023 | [NetworkManager::fetchOperationGclForNode] | Start operational GCL fetch for node: vstsn02
[2026-04-17 02:35:36.912113] | Thread:20646 | [NetconfSession::getData] | Start data fetch with XPath: /ietf-interfaces:interfaces/interface/ieee802-dot1q-bridge:bridge-port/ieee802-dot1q-sched-bridge:gate-parameter-table
[2026-04-17 02:35:36.988413] | Thread:20646 | [NetconfSession::getData] | Got return for path: /ietf-interfaces:interfaces/interface/ieee802-dot1q-bridge:bridge-port/ieee802-dot1q-sched-bridge:gate-parameter-table
[2026-04-17 02:35:36.988564] | Thread:20646 | [GclParser::parseOperationalGclData] | Start operational GCL data parsing
[2026-04-17 02:35:36.988886] | Thread:20646 | [GclParser::parseOperationalGclData] | Finished operational GCL data parsing
[2026-04-17 02:35:36.988963] | Thread:21023 | [NetworkManager::fetchOperationGclForNode] | Start operational GCL fetch for node: vstsn03
[2026-04-17 02:35:36.988996] | Thread:20657 | [NetconfSession::getData] | Start data fetch with XPath: /ietf-interfaces:interfaces/interface/ieee802-dot1q-bridge:bridge-port/ieee802-dot1q-sched-bridge:gate-parameter-table
[2026-04-17 02:35:37.024797] | Thread:20657 | [NetconfSession::getData] | Got return for path: /ietf-interfaces:interfaces/interface/ieee802-dot1q-bridge:bridge-port/ieee802-dot1q-sched-bridge:gate-parameter-table
[2026-04-17 02:35:37.025064] | Thread:20657 | [GclParser::parseOperationalGclData] | Start operational GCL data parsing
[2026-04-17 02:35:37.025472] | Thread:20657 | [GclParser::parseOperationalGclData] | Finished operational GCL data parsing
[2026-04-17 02:35:37.025618] | Thread:21023 | [NetworkManager::fetchOperationGcl] | Stop operational GCL fetch
[2026-04-17 02:35:37.025698] | Thread:21023 | [CncServiceImpl::SetNodeSchedule] | Finished setting node schedule (with verification) for node: vstsn01
[2026-04-17 02:35:37.025875] | Thread:21024 | [NetworkManager::deployConfigToNode] | Start config deployment for node: vstsn01
[2026-04-17 02:35:37.026153] | Thread:20635 | [NetconfSession::editData] | Start edit-config with XML length: 3260
[2026-04-17 02:35:37.055707] | Thread:20635 | [NetconfSession::editData] | Finished edit-config with XML length: 3260
[2026-04-17 02:35:37.055730] | Thread:20635 | [NetconfSession::commit] | Start commit operation.
[2026-04-17 02:35:37.097188] | Thread:20635 | [NetconfSession::commit] | Finished commit operation.
[2026-04-17 02:35:37.097253] | Thread:20635 | [NetworkManager::deployConfigToNode] | Successfully deployed config for node: vstsn01
[2026-04-17 02:35:37.097371] | Thread:21024 | [CncServiceImpl::SetNodeSchedule] | Finished deploying config to node: vstsn01
[2026-04-17 02:35:37.097407] | Thread:21024 | [NetworkManager::fetchOperationGcl] | Start operational GCL fetch
[2026-04-17 02:35:37.097461] | Thread:21024 | [NetworkManager::fetchOperationGclForNode] | Start operational GCL fetch for node: vstsn01
[2026-04-17 02:35:37.097546] | Thread:20635 | [NetconfSession::getData] | Start data fetch with XPath: /ietf-interfaces:interfaces/interface/ieee802-dot1q-bridge:bridge-port/ieee802-dot1q-sched-bridge:gate-parameter-table
[2026-04-17 02:35:37.207859] | Thread:20635 | [NetconfSession::getData] | Got return for path: /ietf-interfaces:interfaces/interface/ieee802-dot1q-bridge:bridge-port/ieee802-dot1q-sched-bridge:gate-parameter-table
[2026-04-17 02:35:37.207987] | Thread:20635 | [GclParser::parseOperationalGclData] | Start operational GCL data parsing
[2026-04-17 02:35:37.208210] | Thread:20635 | [GclParser::parseOperationalGclData] | Finished operational GCL data parsing
[2026-04-17 02:35:37.208314] | Thread:21024 | [NetworkManager::fetchOperationGclForNode] | Start operational GCL fetch for node: vstsn02
[2026-04-17 02:35:37.208423] | Thread:20646 | [NetconfSession::getData] | Start data fetch with XPath: /ietf-interfaces:interfaces/interface/ieee802-dot1q-bridge:bridge-port/ieee802-dot1q-sched-bridge:gate-parameter-table
[2026-04-17 02:35:37.286396] | Thread:20646 | [NetconfSession::getData] | Got return for path: /ietf-interfaces:interfaces/interface/ieee802-dot1q-bridge:bridge-port/ieee802-dot1q-sched-bridge:gate-parameter-table
[2026-04-17 02:35:37.286526] | Thread:20646 | [GclParser::parseOperationalGclData] | Start operational GCL data parsing
[2026-04-17 02:35:37.286807] | Thread:20646 | [GclParser::parseOperationalGclData] | Finished operational GCL data parsing
[2026-04-17 02:35:37.286993] | Thread:21024 | [NetworkManager::fetchOperationGclForNode] | Start operational GCL fetch for node: vstsn03
[2026-04-17 02:35:37.287094] | Thread:20657 | [NetconfSession::getData] | Start data fetch with XPath: /ietf-interfaces:interfaces/interface/ieee802-dot1q-bridge:bridge-port/ieee802-dot1q-sched-bridge:gate-parameter-table
[2026-04-17 02:35:37.324658] | Thread:20657 | [NetconfSession::getData] | Got return for path: /ietf-interfaces:interfaces/interface/ieee802-dot1q-bridge:bridge-port/ieee802-dot1q-sched-bridge:gate-parameter-table
[2026-04-17 02:35:37.324939] | Thread:20657 | [GclParser::parseOperationalGclData] | Start operational GCL data parsing
[2026-04-17 02:35:37.325353] | Thread:20657 | [GclParser::parseOperationalGclData] | Finished operational GCL data parsing
[2026-04-17 02:35:37.325595] | Thread:21024 | [NetworkManager::fetchOperationGcl] | Stop operational GCL fetch
[2026-04-17 02:35:37.325687] | Thread:21024 | [CncServiceImpl::SetNodeSchedule] | Finished setting node schedule (with verification) for node: vstsn01
[2026-04-17 02:35:37.325809] | Thread:20862 | [NetworkManager::deployConfigToNode] | Start config deployment for node: vstsn01
[2026-04-17 02:35:37.326178] | Thread:20635 | [NetconfSession::editData] | Start edit-config with XML length: 3260
[2026-04-17 02:35:37.356125] | Thread:20635 | [NetconfSession::editData] | Finished edit-config with XML length: 3260
[2026-04-17 02:35:37.356171] | Thread:20635 | [NetconfSession::commit] | Start commit operation.
[2026-04-17 02:35:37.399994] | Thread:20635 | [NetconfSession::commit] | Finished commit operation.
[2026-04-17 02:35:37.400067] | Thread:20635 | [NetworkManager::deployConfigToNode] | Successfully deployed config for node: vstsn01
[2026-04-17 02:35:37.400188] | Thread:20862 | [CncServiceImpl::SetNodeSchedule] | Finished deploying config to node: vstsn01
[2026-04-17 02:35:37.400387] | Thread:20862 | [NetworkManager::fetchOperationGcl] | Start operational GCL fetch
[2026-04-17 02:35:37.400392] | Thread:20862 | [NetworkManager::fetchOperationGclForNode] | Start operational GCL fetch for node: vstsn01
[2026-04-17 02:35:37.400509] | Thread:20635 | [NetconfSession::getData] | Start data fetch with XPath: /ietf-interfaces:interfaces/interface/ieee802-dot1q-bridge:bridge-port/ieee802-dot1q-sched-bridge:gate-parameter-table
[2026-04-17 02:35:37.510620] | Thread:20635 | [NetconfSession::getData] | Got return for path: /ietf-interfaces:interfaces/interface/ieee802-dot1q-bridge:bridge-port/ieee802-dot1q-sched-bridge:gate-parameter-table
[2026-04-17 02:35:37.510855] | Thread:20635 | [GclParser::parseOperationalGclData] | Start operational GCL data parsing
[2026-04-17 02:35:37.511286] | Thread:20635 | [GclParser::parseOperationalGclData] | Finished operational GCL data parsing
[2026-04-17 02:35:37.511514] | Thread:20862 | [NetworkManager::fetchOperationGclForNode] | Start operational GCL fetch for node: vstsn02
[2026-04-17 02:35:37.511654] | Thread:20646 | [NetconfSession::getData] | Start data fetch with XPath: /ietf-interfaces:interfaces/interface/ieee802-dot1q-bridge:bridge-port/ieee802-dot1q-sched-bridge:gate-parameter-table
[2026-04-17 02:35:37.595133] | Thread:20646 | [NetconfSession::getData] | Got return for path: /ietf-interfaces:interfaces/interface/ieee802-dot1q-bridge:bridge-port/ieee802-dot1q-sched-bridge:gate-parameter-table
[2026-04-17 02:35:37.595395] | Thread:20646 | [GclParser::parseOperationalGclData] | Start operational GCL data parsing
[2026-04-17 02:35:37.596010] | Thread:20646 | [GclParser::parseOperationalGclData] | Finished operational GCL data parsing
[2026-04-17 02:35:37.596130] | Thread:20862 | [NetworkManager::fetchOperationGclForNode] | Start operational GCL fetch for node: vstsn03
[2026-04-17 02:35:37.596194] | Thread:20657 | [NetconfSession::getData] | Start data fetch with XPath: /ietf-interfaces:interfaces/interface/ieee802-dot1q-bridge:bridge-port/ieee802-dot1q-sched-bridge:gate-parameter-table
[2026-04-17 02:35:37.637937] | Thread:20657 | [NetconfSession::getData] | Got return for path: /ietf-interfaces:interfaces/interface/ieee802-dot1q-bridge:bridge-port/ieee802-dot1q-sched-bridge:gate-parameter-table
[2026-04-17 02:35:37.638046] | Thread:20657 | [GclParser::parseOperationalGclData] | Start operational GCL data parsing
[2026-04-17 02:35:37.638228] | Thread:20657 | [GclParser::parseOperationalGclData] | Finished operational GCL data parsing
[2026-04-17 02:35:37.638333] | Thread:20862 | [NetworkManager::fetchOperationGcl] | Stop operational GCL fetch
[2026-04-17 02:35:37.638388] | Thread:20862 | [CncServiceImpl::SetNodeSchedule] | Finished setting node schedule (with verification) for node: vstsn01
[2026-04-17 02:35:37.638487] | Thread:21027 | [NetworkManager::deployConfigToNode] | Start config deployment for node: vstsn01
[2026-04-17 02:35:37.638611] | Thread:20635 | [NetconfSession::editData] | Start edit-config with XML length: 3260
[2026-04-17 02:35:37.672576] | Thread:20635 | [NetconfSession::editData] | Finished edit-config with XML length: 3260
[2026-04-17 02:35:37.672602] | Thread:20635 | [NetconfSession::commit] | Start commit operation.
[2026-04-17 02:35:37.714964] | Thread:20635 | [NetconfSession::commit] | Finished commit operation.
[2026-04-17 02:35:37.714989] | Thread:20635 | [NetworkManager::deployConfigToNode] | Successfully deployed config for node: vstsn01
[2026-04-17 02:35:37.715031] | Thread:21027 | [CncServiceImpl::SetNodeSchedule] | Finished deploying config to node: vstsn01
[2026-04-17 02:35:37.715071] | Thread:21027 | [NetworkManager::fetchOperationGcl] | Start operational GCL fetch
[2026-04-17 02:35:37.715073] | Thread:21027 | [NetworkManager::fetchOperationGclForNode] | Start operational GCL fetch for node: vstsn01
[2026-04-17 02:35:37.715116] | Thread:20635 | [NetconfSession::getData] | Start data fetch with XPath: /ietf-interfaces:interfaces/interface/ieee802-dot1q-bridge:bridge-port/ieee802-dot1q-sched-bridge:gate-parameter-table
[2026-04-17 02:35:37.816179] | Thread:20635 | [NetconfSession::getData] | Got return for path: /ietf-interfaces:interfaces/interface/ieee802-dot1q-bridge:bridge-port/ieee802-dot1q-sched-bridge:gate-parameter-table
[2026-04-17 02:35:37.816320] | Thread:20635 | [GclParser::parseOperationalGclData] | Start operational GCL data parsing
[2026-04-17 02:35:37.816584] | Thread:20635 | [GclParser::parseOperationalGclData] | Finished operational GCL data parsing
[2026-04-17 02:35:37.816677] | Thread:21027 | [NetworkManager::fetchOperationGclForNode] | Start operational GCL fetch for node: vstsn02
[2026-04-17 02:35:37.816782] | Thread:20646 | [NetconfSession::getData] | Start data fetch with XPath: /ietf-interfaces:interfaces/interface/ieee802-dot1q-bridge:bridge-port/ieee802-dot1q-sched-bridge:gate-parameter-table
[2026-04-17 02:35:37.891755] | Thread:20646 | [NetconfSession::getData] | Got return for path: /ietf-interfaces:interfaces/interface/ieee802-dot1q-bridge:bridge-port/ieee802-dot1q-sched-bridge:gate-parameter-table
[2026-04-17 02:35:37.891944] | Thread:20646 | [GclParser::parseOperationalGclData] | Start operational GCL data parsing
[2026-04-17 02:35:37.892262] | Thread:20646 | [GclParser::parseOperationalGclData] | Finished operational GCL data parsing
[2026-04-17 02:35:37.892399] | Thread:21027 | [NetworkManager::fetchOperationGclForNode] | Start operational GCL fetch for node: vstsn03
[2026-04-17 02:35:37.892477] | Thread:20657 | [NetconfSession::getData] | Start data fetch with XPath: /ietf-interfaces:interfaces/interface/ieee802-dot1q-bridge:bridge-port/ieee802-dot1q-sched-bridge:gate-parameter-table
[2026-04-17 02:35:37.932595] | Thread:20657 | [NetconfSession::getData] | Got return for path: /ietf-interfaces:interfaces/interface/ieee802-dot1q-bridge:bridge-port/ieee802-dot1q-sched-bridge:gate-parameter-table
[2026-04-17 02:35:37.932772] | Thread:20657 | [GclParser::parseOperationalGclData] | Start operational GCL data parsing
[2026-04-17 02:35:37.933062] | Thread:20657 | [GclParser::parseOperationalGclData] | Finished operational GCL data parsing
[2026-04-17 02:35:37.933209] | Thread:21027 | [NetworkManager::fetchOperationGcl] | Stop operational GCL fetch
[2026-04-17 02:35:37.933252] | Thread:21027 | [CncServiceImpl::SetNodeSchedule] | Finished setting node schedule (with verification) for node: vstsn01
[2026-04-17 02:35:37.933320] | Thread:21028 | [NetworkManager::deployConfigToNode] | Start config deployment for node: vstsn01
[2026-04-17 02:35:37.933467] | Thread:20635 | [NetconfSession::editData] | Start edit-config with XML length: 3260
[2026-04-17 02:35:37.963470] | Thread:20635 | [NetconfSession::editData] | Finished edit-config with XML length: 3260
[2026-04-17 02:35:37.963510] | Thread:20635 | [NetconfSession::commit] | Start commit operation.
[2026-04-17 02:35:38.010704] | Thread:20635 | [NetconfSession::commit] | Finished commit operation.
[2026-04-17 02:35:38.010731] | Thread:20635 | [NetworkManager::deployConfigToNode] | Successfully deployed config for node: vstsn01
[2026-04-17 02:35:38.010777] | Thread:21028 | [CncServiceImpl::SetNodeSchedule] | Finished deploying config to node: vstsn01
[2026-04-17 02:35:38.010798] | Thread:21028 | [NetworkManager::fetchOperationGcl] | Start operational GCL fetch
[2026-04-17 02:35:38.010800] | Thread:21028 | [NetworkManager::fetchOperationGclForNode] | Start operational GCL fetch for node: vstsn01
[2026-04-17 02:35:38.010848] | Thread:20635 | [NetconfSession::getData] | Start data fetch with XPath: /ietf-interfaces:interfaces/interface/ieee802-dot1q-bridge:bridge-port/ieee802-dot1q-sched-bridge:gate-parameter-table
[2026-04-17 02:35:38.163243] | Thread:20635 | [NetconfSession::getData] | Got return for path: /ietf-interfaces:interfaces/interface/ieee802-dot1q-bridge:bridge-port/ieee802-dot1q-sched-bridge:gate-parameter-table
[2026-04-17 02:35:38.163395] | Thread:20635 | [GclParser::parseOperationalGclData] | Start operational GCL data parsing
[2026-04-17 02:35:38.163742] | Thread:20635 | [GclParser::parseOperationalGclData] | Finished operational GCL data parsing
[2026-04-17 02:35:38.163905] | Thread:21028 | [NetworkManager::fetchOperationGclForNode] | Start operational GCL fetch for node: vstsn02
[2026-04-17 02:35:38.164004] | Thread:20646 | [NetconfSession::getData] | Start data fetch with XPath: /ietf-interfaces:interfaces/interface/ieee802-dot1q-bridge:bridge-port/ieee802-dot1q-sched-bridge:gate-parameter-table
[2026-04-17 02:35:38.251647] | Thread:20646 | [NetconfSession::getData] | Got return for path: /ietf-interfaces:interfaces/interface/ieee802-dot1q-bridge:bridge-port/ieee802-dot1q-sched-bridge:gate-parameter-table
[2026-04-17 02:35:38.251868] | Thread:20646 | [GclParser::parseOperationalGclData] | Start operational GCL data parsing
[2026-04-17 02:35:38.252319] | Thread:20646 | [GclParser::parseOperationalGclData] | Finished operational GCL data parsing
[2026-04-17 02:35:38.252410] | Thread:21028 | [NetworkManager::fetchOperationGclForNode] | Start operational GCL fetch for node: vstsn03
[2026-04-17 02:35:38.252470] | Thread:20657 | [NetconfSession::getData] | Start data fetch with XPath: /ietf-interfaces:interfaces/interface/ieee802-dot1q-bridge:bridge-port/ieee802-dot1q-sched-bridge:gate-parameter-table
[2026-04-17 02:35:38.289987] | Thread:20657 | [NetconfSession::getData] | Got return for path: /ietf-interfaces:interfaces/interface/ieee802-dot1q-bridge:bridge-port/ieee802-dot1q-sched-bridge:gate-parameter-table
[2026-04-17 02:35:38.290136] | Thread:20657 | [GclParser::parseOperationalGclData] | Start operational GCL data parsing
[2026-04-17 02:35:38.290337] | Thread:20657 | [GclParser::parseOperationalGclData] | Finished operational GCL data parsing
[2026-04-17 02:35:38.290406] | Thread:21028 | [NetworkManager::fetchOperationGcl] | Stop operational GCL fetch
[2026-04-17 02:35:38.290445] | Thread:21028 | [CncServiceImpl::SetNodeSchedule] | Finished setting node schedule (with verification) for node: vstsn01
[2026-04-17 02:35:38.290493] | Thread:21029 | [NetworkManager::deployConfigToNode] | Start config deployment for node: vstsn01
[2026-04-17 02:35:38.290595] | Thread:20635 | [NetconfSession::editData] | Start edit-config with XML length: 3260
[2026-04-17 02:35:38.318160] | Thread:20635 | [NetconfSession::editData] | Finished edit-config with XML length: 3260
[2026-04-17 02:35:38.318188] | Thread:20635 | [NetconfSession::commit] | Start commit operation.
[2026-04-17 02:35:38.359929] | Thread:20635 | [NetconfSession::commit] | Finished commit operation.
[2026-04-17 02:35:38.359963] | Thread:20635 | [NetworkManager::deployConfigToNode] | Successfully deployed config for node: vstsn01
[2026-04-17 02:35:38.360020] | Thread:21029 | [CncServiceImpl::SetNodeSchedule] | Finished deploying config to node: vstsn01
[2026-04-17 02:35:38.360048] | Thread:21029 | [NetworkManager::fetchOperationGcl] | Start operational GCL fetch
[2026-04-17 02:35:38.360050] | Thread:21029 | [NetworkManager::fetchOperationGclForNode] | Start operational GCL fetch for node: vstsn01
[2026-04-17 02:35:38.360123] | Thread:20635 | [NetconfSession::getData] | Start data fetch with XPath: /ietf-interfaces:interfaces/interface/ieee802-dot1q-bridge:bridge-port/ieee802-dot1q-sched-bridge:gate-parameter-table
[2026-04-17 02:35:38.489286] | Thread:20635 | [NetconfSession::getData] | Got return for path: /ietf-interfaces:interfaces/interface/ieee802-dot1q-bridge:bridge-port/ieee802-dot1q-sched-bridge:gate-parameter-table
[2026-04-17 02:35:38.489468] | Thread:20635 | [GclParser::parseOperationalGclData] | Start operational GCL data parsing
[2026-04-17 02:35:38.489866] | Thread:20635 | [GclParser::parseOperationalGclData] | Finished operational GCL data parsing
[2026-04-17 02:35:38.489966] | Thread:21029 | [NetworkManager::fetchOperationGclForNode] | Start operational GCL fetch for node: vstsn02
[2026-04-17 02:35:38.490029] | Thread:20646 | [NetconfSession::getData] | Start data fetch with XPath: /ietf-interfaces:interfaces/interface/ieee802-dot1q-bridge:bridge-port/ieee802-dot1q-sched-bridge:gate-parameter-table
[2026-04-17 02:35:38.572251] | Thread:20646 | [NetconfSession::getData] | Got return for path: /ietf-interfaces:interfaces/interface/ieee802-dot1q-bridge:bridge-port/ieee802-dot1q-sched-bridge:gate-parameter-table
[2026-04-17 02:35:38.572528] | Thread:20646 | [GclParser::parseOperationalGclData] | Start operational GCL data parsing
[2026-04-17 02:35:38.572852] | Thread:20646 | [GclParser::parseOperationalGclData] | Finished operational GCL data parsing
[2026-04-17 02:35:38.572942] | Thread:21029 | [NetworkManager::fetchOperationGclForNode] | Start operational GCL fetch for node: vstsn03
[2026-04-17 02:35:38.573016] | Thread:20657 | [NetconfSession::getData] | Start data fetch with XPath: /ietf-interfaces:interfaces/interface/ieee802-dot1q-bridge:bridge-port/ieee802-dot1q-sched-bridge:gate-parameter-table
[2026-04-17 02:35:38.619377] | Thread:20657 | [NetconfSession::getData] | Got return for path: /ietf-interfaces:interfaces/interface/ieee802-dot1q-bridge:bridge-port/ieee802-dot1q-sched-bridge:gate-parameter-table
[2026-04-17 02:35:38.619512] | Thread:20657 | [GclParser::parseOperationalGclData] | Start operational GCL data parsing
[2026-04-17 02:35:38.619940] | Thread:20657 | [GclParser::parseOperationalGclData] | Finished operational GCL data parsing
[2026-04-17 02:35:38.620019] | Thread:21029 | [NetworkManager::fetchOperationGcl] | Stop operational GCL fetch
[2026-04-17 02:35:38.620080] | Thread:21029 | [CncServiceImpl::SetNodeSchedule] | Finished setting node schedule (with verification) for node: vstsn01
[2026-04-17 02:35:38.620138] | Thread:21031 | [NetworkManager::deployConfigToNode] | Start config deployment for node: vstsn01
[2026-04-17 02:35:38.620413] | Thread:20635 | [NetconfSession::editData] | Start edit-config with XML length: 3260
[2026-04-17 02:35:38.653807] | Thread:20635 | [NetconfSession::editData] | Finished edit-config with XML length: 3260
[2026-04-17 02:35:38.653838] | Thread:20635 | [NetconfSession::commit] | Start commit operation.
[2026-04-17 02:35:38.697922] | Thread:20635 | [NetconfSession::commit] | Finished commit operation.
[2026-04-17 02:35:38.697958] | Thread:20635 | [NetworkManager::deployConfigToNode] | Successfully deployed config for node: vstsn01
[2026-04-17 02:35:38.698017] | Thread:21031 | [CncServiceImpl::SetNodeSchedule] | Finished deploying config to node: vstsn01
[2026-04-17 02:35:38.698052] | Thread:21031 | [NetworkManager::fetchOperationGcl] | Start operational GCL fetch
[2026-04-17 02:35:38.698053] | Thread:21031 | [NetworkManager::fetchOperationGclForNode] | Start operational GCL fetch for node: vstsn01
[2026-04-17 02:35:38.698088] | Thread:20635 | [NetconfSession::getData] | Start data fetch with XPath: /ietf-interfaces:interfaces/interface/ieee802-dot1q-bridge:bridge-port/ieee802-dot1q-sched-bridge:gate-parameter-table
[2026-04-17 02:35:38.804201] | Thread:20635 | [NetconfSession::getData] | Got return for path: /ietf-interfaces:interfaces/interface/ieee802-dot1q-bridge:bridge-port/ieee802-dot1q-sched-bridge:gate-parameter-table
[2026-04-17 02:35:38.804377] | Thread:20635 | [GclParser::parseOperationalGclData] | Start operational GCL data parsing
[2026-04-17 02:35:38.804788] | Thread:20635 | [GclParser::parseOperationalGclData] | Finished operational GCL data parsing
[2026-04-17 02:35:38.804875] | Thread:21031 | [NetworkManager::fetchOperationGclForNode] | Start operational GCL fetch for node: vstsn02
[2026-04-17 02:35:38.804943] | Thread:20646 | [NetconfSession::getData] | Start data fetch with XPath: /ietf-interfaces:interfaces/interface/ieee802-dot1q-bridge:bridge-port/ieee802-dot1q-sched-bridge:gate-parameter-table
[2026-04-17 02:35:38.886755] | Thread:20646 | [NetconfSession::getData] | Got return for path: /ietf-interfaces:interfaces/interface/ieee802-dot1q-bridge:bridge-port/ieee802-dot1q-sched-bridge:gate-parameter-table
[2026-04-17 02:35:38.886981] | Thread:20646 | [GclParser::parseOperationalGclData] | Start operational GCL data parsing
[2026-04-17 02:35:38.887463] | Thread:20646 | [GclParser::parseOperationalGclData] | Finished operational GCL data parsing
[2026-04-17 02:35:38.887597] | Thread:21031 | [NetworkManager::fetchOperationGclForNode] | Start operational GCL fetch for node: vstsn03
[2026-04-17 02:35:38.887661] | Thread:20657 | [NetconfSession::getData] | Start data fetch with XPath: /ietf-interfaces:interfaces/interface/ieee802-dot1q-bridge:bridge-port/ieee802-dot1q-sched-bridge:gate-parameter-table
[2026-04-17 02:35:38.925979] | Thread:20657 | [NetconfSession::getData] | Got return for path: /ietf-interfaces:interfaces/interface/ieee802-dot1q-bridge:bridge-port/ieee802-dot1q-sched-bridge:gate-parameter-table
[2026-04-17 02:35:38.926083] | Thread:20657 | [GclParser::parseOperationalGclData] | Start operational GCL data parsing
[2026-04-17 02:35:38.926246] | Thread:20657 | [GclParser::parseOperationalGclData] | Finished operational GCL data parsing
[2026-04-17 02:35:38.926355] | Thread:21031 | [NetworkManager::fetchOperationGcl] | Stop operational GCL fetch
[2026-04-17 02:35:38.926403] | Thread:21031 | [CncServiceImpl::SetNodeSchedule] | Finished setting node schedule (with verification) for node: vstsn01
[2026-04-17 02:35:38.926502] | Thread:21033 | [NetworkManager::deployConfigToNode] | Start config deployment for node: vstsn01
[2026-04-17 02:35:38.926602] | Thread:20635 | [NetconfSession::editData] | Start edit-config with XML length: 3260
[2026-04-17 02:35:38.955337] | Thread:20635 | [NetconfSession::editData] | Finished edit-config with XML length: 3260
[2026-04-17 02:35:38.955361] | Thread:20635 | [NetconfSession::commit] | Start commit operation.
[2026-04-17 02:35:38.995862] | Thread:20635 | [NetconfSession::commit] | Finished commit operation.
[2026-04-17 02:35:38.995889] | Thread:20635 | [NetworkManager::deployConfigToNode] | Successfully deployed config for node: vstsn01
[2026-04-17 02:35:38.995950] | Thread:21033 | [CncServiceImpl::SetNodeSchedule] | Finished deploying config to node: vstsn01
[2026-04-17 02:35:38.995976] | Thread:21033 | [NetworkManager::fetchOperationGcl] | Start operational GCL fetch
[2026-04-17 02:35:38.995978] | Thread:21033 | [NetworkManager::fetchOperationGclForNode] | Start operational GCL fetch for node: vstsn01
[2026-04-17 02:35:38.996009] | Thread:20635 | [NetconfSession::getData] | Start data fetch with XPath: /ietf-interfaces:interfaces/interface/ieee802-dot1q-bridge:bridge-port/ieee802-dot1q-sched-bridge:gate-parameter-table
[2026-04-17 02:35:39.096790] | Thread:20635 | [NetconfSession::getData] | Got return for path: /ietf-interfaces:interfaces/interface/ieee802-dot1q-bridge:bridge-port/ieee802-dot1q-sched-bridge:gate-parameter-table
[2026-04-17 02:35:39.096897] | Thread:20635 | [GclParser::parseOperationalGclData] | Start operational GCL data parsing
[2026-04-17 02:35:39.097123] | Thread:20635 | [GclParser::parseOperationalGclData] | Finished operational GCL data parsing
[2026-04-17 02:35:39.097241] | Thread:21033 | [NetworkManager::fetchOperationGclForNode] | Start operational GCL fetch for node: vstsn02
[2026-04-17 02:35:39.097314] | Thread:20646 | [NetconfSession::getData] | Start data fetch with XPath: /ietf-interfaces:interfaces/interface/ieee802-dot1q-bridge:bridge-port/ieee802-dot1q-sched-bridge:gate-parameter-table
[2026-04-17 02:35:39.175578] | Thread:20646 | [NetconfSession::getData] | Got return for path: /ietf-interfaces:interfaces/interface/ieee802-dot1q-bridge:bridge-port/ieee802-dot1q-sched-bridge:gate-parameter-table
[2026-04-17 02:35:39.175734] | Thread:20646 | [GclParser::parseOperationalGclData] | Start operational GCL data parsing
[2026-04-17 02:35:39.176024] | Thread:20646 | [GclParser::parseOperationalGclData] | Finished operational GCL data parsing
[2026-04-17 02:35:39.176157] | Thread:21033 | [NetworkManager::fetchOperationGclForNode] | Start operational GCL fetch for node: vstsn03
[2026-04-17 02:35:39.176262] | Thread:20657 | [NetconfSession::getData] | Start data fetch with XPath: /ietf-interfaces:interfaces/interface/ieee802-dot1q-bridge:bridge-port/ieee802-dot1q-sched-bridge:gate-parameter-table
[2026-04-17 02:35:39.212818] | Thread:20657 | [NetconfSession::getData] | Got return for path: /ietf-interfaces:interfaces/interface/ieee802-dot1q-bridge:bridge-port/ieee802-dot1q-sched-bridge:gate-parameter-table
[2026-04-17 02:35:39.212940] | Thread:20657 | [GclParser::parseOperationalGclData] | Start operational GCL data parsing
[2026-04-17 02:35:39.213092] | Thread:20657 | [GclParser::parseOperationalGclData] | Finished operational GCL data parsing
[2026-04-17 02:35:39.213274] | Thread:21033 | [NetworkManager::fetchOperationGcl] | Stop operational GCL fetch
[2026-04-17 02:35:39.213364] | Thread:21033 | [CncServiceImpl::SetNodeSchedule] | Finished setting node schedule (with verification) for node: vstsn01
[2026-04-17 02:35:39.213405] | Thread:21035 | [NetworkManager::deployConfigToNode] | Start config deployment for node: vstsn01
[2026-04-17 02:35:39.213505] | Thread:20635 | [NetconfSession::editData] | Start edit-config with XML length: 3260
[2026-04-17 02:35:39.242434] | Thread:20635 | [NetconfSession::editData] | Finished edit-config with XML length: 3260
[2026-04-17 02:35:39.242466] | Thread:20635 | [NetconfSession::commit] | Start commit operation.
[2026-04-17 02:35:39.281373] | Thread:20635 | [NetconfSession::commit] | Finished commit operation.
[2026-04-17 02:35:39.281405] | Thread:20635 | [NetworkManager::deployConfigToNode] | Successfully deployed config for node: vstsn01
[2026-04-17 02:35:39.281506] | Thread:21035 | [CncServiceImpl::SetNodeSchedule] | Finished deploying config to node: vstsn01
[2026-04-17 02:35:39.281619] | Thread:21035 | [NetworkManager::fetchOperationGcl] | Start operational GCL fetch
[2026-04-17 02:35:39.281654] | Thread:21035 | [NetworkManager::fetchOperationGclForNode] | Start operational GCL fetch for node: vstsn01
[2026-04-17 02:35:39.281707] | Thread:20635 | [NetconfSession::getData] | Start data fetch with XPath: /ietf-interfaces:interfaces/interface/ieee802-dot1q-bridge:bridge-port/ieee802-dot1q-sched-bridge:gate-parameter-table
[2026-04-17 02:35:39.382561] | Thread:20635 | [NetconfSession::getData] | Got return for path: /ietf-interfaces:interfaces/interface/ieee802-dot1q-bridge:bridge-port/ieee802-dot1q-sched-bridge:gate-parameter-table
[2026-04-17 02:35:39.382687] | Thread:20635 | [GclParser::parseOperationalGclData] | Start operational GCL data parsing
[2026-04-17 02:35:39.382967] | Thread:20635 | [GclParser::parseOperationalGclData] | Finished operational GCL data parsing
[2026-04-17 02:35:39.383033] | Thread:21035 | [NetworkManager::fetchOperationGclForNode] | Start operational GCL fetch for node: vstsn02
[2026-04-17 02:35:39.383097] | Thread:20646 | [NetconfSession::getData] | Start data fetch with XPath: /ietf-interfaces:interfaces/interface/ieee802-dot1q-bridge:bridge-port/ieee802-dot1q-sched-bridge:gate-parameter-table
[2026-04-17 02:35:39.459477] | Thread:20646 | [NetconfSession::getData] | Got return for path: /ietf-interfaces:interfaces/interface/ieee802-dot1q-bridge:bridge-port/ieee802-dot1q-sched-bridge:gate-parameter-table
[2026-04-17 02:35:39.459629] | Thread:20646 | [GclParser::parseOperationalGclData] | Start operational GCL data parsing
[2026-04-17 02:35:39.460111] | Thread:20646 | [GclParser::parseOperationalGclData] | Finished operational GCL data parsing
[2026-04-17 02:35:39.460299] | Thread:21035 | [NetworkManager::fetchOperationGclForNode] | Start operational GCL fetch for node: vstsn03
[2026-04-17 02:35:39.460338] | Thread:20657 | [NetconfSession::getData] | Start data fetch with XPath: /ietf-interfaces:interfaces/interface/ieee802-dot1q-bridge:bridge-port/ieee802-dot1q-sched-bridge:gate-parameter-table
[2026-04-17 02:35:39.500285] | Thread:20657 | [NetconfSession::getData] | Got return for path: /ietf-interfaces:interfaces/interface/ieee802-dot1q-bridge:bridge-port/ieee802-dot1q-sched-bridge:gate-parameter-table
[2026-04-17 02:35:39.500382] | Thread:20657 | [GclParser::parseOperationalGclData] | Start operational GCL data parsing
[2026-04-17 02:35:39.500519] | Thread:20657 | [GclParser::parseOperationalGclData] | Finished operational GCL data parsing
[2026-04-17 02:35:39.500681] | Thread:21035 | [NetworkManager::fetchOperationGcl] | Stop operational GCL fetch
[2026-04-17 02:35:39.500718] | Thread:21035 | [CncServiceImpl::SetNodeSchedule] | Finished setting node schedule (with verification) for node: vstsn01
[2026-04-17 02:35:39.500780] | Thread:21037 | [NetworkManager::deployConfigToNode] | Start config deployment for node: vstsn01
[2026-04-17 02:35:39.500886] | Thread:20635 | [NetconfSession::editData] | Start edit-config with XML length: 3260
[2026-04-17 02:35:39.529537] | Thread:20635 | [NetconfSession::editData] | Finished edit-config with XML length: 3260
[2026-04-17 02:35:39.529560] | Thread:20635 | [NetconfSession::commit] | Start commit operation.
[2026-04-17 02:35:39.574517] | Thread:20635 | [NetconfSession::commit] | Finished commit operation.
[2026-04-17 02:35:39.574541] | Thread:20635 | [NetworkManager::deployConfigToNode] | Successfully deployed config for node: vstsn01
[2026-04-17 02:35:39.574607] | Thread:21037 | [CncServiceImpl::SetNodeSchedule] | Finished deploying config to node: vstsn01
[2026-04-17 02:35:39.574641] | Thread:21037 | [NetworkManager::fetchOperationGcl] | Start operational GCL fetch
[2026-04-17 02:35:39.574643] | Thread:21037 | [NetworkManager::fetchOperationGclForNode] | Start operational GCL fetch for node: vstsn01
[2026-04-17 02:35:39.574709] | Thread:20635 | [NetconfSession::getData] | Start data fetch with XPath: /ietf-interfaces:interfaces/interface/ieee802-dot1q-bridge:bridge-port/ieee802-dot1q-sched-bridge:gate-parameter-table
[2026-04-17 02:35:39.692677] | Thread:20635 | [NetconfSession::getData] | Got return for path: /ietf-interfaces:interfaces/interface/ieee802-dot1q-bridge:bridge-port/ieee802-dot1q-sched-bridge:gate-parameter-table
[2026-04-17 02:35:39.692786] | Thread:20635 | [GclParser::parseOperationalGclData] | Start operational GCL data parsing
[2026-04-17 02:35:39.693025] | Thread:20635 | [GclParser::parseOperationalGclData] | Finished operational GCL data parsing
[2026-04-17 02:35:39.693106] | Thread:21037 | [NetworkManager::fetchOperationGclForNode] | Start operational GCL fetch for node: vstsn02
[2026-04-17 02:35:39.693211] | Thread:20646 | [NetconfSession::getData] | Start data fetch with XPath: /ietf-interfaces:interfaces/interface/ieee802-dot1q-bridge:bridge-port/ieee802-dot1q-sched-bridge:gate-parameter-table
[2026-04-17 02:35:39.770126] | Thread:20646 | [NetconfSession::getData] | Got return for path: /ietf-interfaces:interfaces/interface/ieee802-dot1q-bridge:bridge-port/ieee802-dot1q-sched-bridge:gate-parameter-table
[2026-04-17 02:35:39.770295] | Thread:20646 | [GclParser::parseOperationalGclData] | Start operational GCL data parsing
[2026-04-17 02:35:39.770632] | Thread:20646 | [GclParser::parseOperationalGclData] | Finished operational GCL data parsing
[2026-04-17 02:35:39.770776] | Thread:21037 | [NetworkManager::fetchOperationGclForNode] | Start operational GCL fetch for node: vstsn03
[2026-04-17 02:35:39.770834] | Thread:20657 | [NetconfSession::getData] | Start data fetch with XPath: /ietf-interfaces:interfaces/interface/ieee802-dot1q-bridge:bridge-port/ieee802-dot1q-sched-bridge:gate-parameter-table
[2026-04-17 02:35:39.809768] | Thread:20657 | [NetconfSession::getData] | Got return for path: /ietf-interfaces:interfaces/interface/ieee802-dot1q-bridge:bridge-port/ieee802-dot1q-sched-bridge:gate-parameter-table
[2026-04-17 02:35:39.809874] | Thread:20657 | [GclParser::parseOperationalGclData] | Start operational GCL data parsing
[2026-04-17 02:35:39.810067] | Thread:20657 | [GclParser::parseOperationalGclData] | Finished operational GCL data parsing
[2026-04-17 02:35:39.810143] | Thread:21037 | [NetworkManager::fetchOperationGcl] | Stop operational GCL fetch
[2026-04-17 02:35:39.810185] | Thread:21037 | [CncServiceImpl::SetNodeSchedule] | Finished setting node schedule (with verification) for node: vstsn01
[2026-04-17 02:35:39.810286] | Thread:20867 | [NetworkManager::deployConfigToNode] | Start config deployment for node: vstsn01
[2026-04-17 02:35:39.810512] | Thread:20635 | [NetconfSession::editData] | Start edit-config with XML length: 3260
[2026-04-17 02:35:39.838655] | Thread:20635 | [NetconfSession::editData] | Finished edit-config with XML length: 3260
[2026-04-17 02:35:39.838680] | Thread:20635 | [NetconfSession::commit] | Start commit operation.
[2026-04-17 02:35:39.880032] | Thread:20635 | [NetconfSession::commit] | Finished commit operation.
[2026-04-17 02:35:39.880059] | Thread:20635 | [NetworkManager::deployConfigToNode] | Successfully deployed config for node: vstsn01
[2026-04-17 02:35:39.880110] | Thread:20867 | [CncServiceImpl::SetNodeSchedule] | Finished deploying config to node: vstsn01
[2026-04-17 02:35:39.880153] | Thread:20867 | [NetworkManager::fetchOperationGcl] | Start operational GCL fetch
[2026-04-17 02:35:39.880155] | Thread:20867 | [NetworkManager::fetchOperationGclForNode] | Start operational GCL fetch for node: vstsn01
[2026-04-17 02:35:39.880210] | Thread:20635 | [NetconfSession::getData] | Start data fetch with XPath: /ietf-interfaces:interfaces/interface/ieee802-dot1q-bridge:bridge-port/ieee802-dot1q-sched-bridge:gate-parameter-table
[2026-04-17 02:35:39.981722] | Thread:20635 | [NetconfSession::getData] | Got return for path: /ietf-interfaces:interfaces/interface/ieee802-dot1q-bridge:bridge-port/ieee802-dot1q-sched-bridge:gate-parameter-table
[2026-04-17 02:35:39.981969] | Thread:20635 | [GclParser::parseOperationalGclData] | Start operational GCL data parsing
[2026-04-17 02:35:39.982396] | Thread:20635 | [GclParser::parseOperationalGclData] | Finished operational GCL data parsing
[2026-04-17 02:35:39.982519] | Thread:20867 | [NetworkManager::fetchOperationGclForNode] | Start operational GCL fetch for node: vstsn02
[2026-04-17 02:35:39.982594] | Thread:20646 | [NetconfSession::getData] | Start data fetch with XPath: /ietf-interfaces:interfaces/interface/ieee802-dot1q-bridge:bridge-port/ieee802-dot1q-sched-bridge:gate-parameter-table
[2026-04-17 02:35:40.062021] | Thread:20646 | [NetconfSession::getData] | Got return for path: /ietf-interfaces:interfaces/interface/ieee802-dot1q-bridge:bridge-port/ieee802-dot1q-sched-bridge:gate-parameter-table
[2026-04-17 02:35:40.062171] | Thread:20646 | [GclParser::parseOperationalGclData] | Start operational GCL data parsing
[2026-04-17 02:35:40.062511] | Thread:20646 | [GclParser::parseOperationalGclData] | Finished operational GCL data parsing
[2026-04-17 02:35:40.062585] | Thread:20867 | [NetworkManager::fetchOperationGclForNode] | Start operational GCL fetch for node: vstsn03
[2026-04-17 02:35:40.062643] | Thread:20657 | [NetconfSession::getData] | Start data fetch with XPath: /ietf-interfaces:interfaces/interface/ieee802-dot1q-bridge:bridge-port/ieee802-dot1q-sched-bridge:gate-parameter-table
[2026-04-17 02:35:40.105768] | Thread:20657 | [NetconfSession::getData] | Got return for path: /ietf-interfaces:interfaces/interface/ieee802-dot1q-bridge:bridge-port/ieee802-dot1q-sched-bridge:gate-parameter-table
[2026-04-17 02:35:40.105871] | Thread:20657 | [GclParser::parseOperationalGclData] | Start operational GCL data parsing
[2026-04-17 02:35:40.106034] | Thread:20657 | [GclParser::parseOperationalGclData] | Finished operational GCL data parsing
[2026-04-17 02:35:40.106130] | Thread:20867 | [NetworkManager::fetchOperationGcl] | Stop operational GCL fetch
[2026-04-17 02:35:40.106205] | Thread:20867 | [CncServiceImpl::SetNodeSchedule] | Finished setting node schedule (with verification) for node: vstsn01
[2026-04-17 02:35:40.106254] | Thread:21039 | [NetworkManager::deployConfigToNode] | Start config deployment for node: vstsn01
[2026-04-17 02:35:40.106355] | Thread:20635 | [NetconfSession::editData] | Start edit-config with XML length: 3260
[2026-04-17 02:35:40.136845] | Thread:20635 | [NetconfSession::editData] | Finished edit-config with XML length: 3260
[2026-04-17 02:35:40.136869] | Thread:20635 | [NetconfSession::commit] | Start commit operation.
[2026-04-17 02:35:40.182322] | Thread:20635 | [NetconfSession::commit] | Finished commit operation.
[2026-04-17 02:35:40.182360] | Thread:20635 | [NetworkManager::deployConfigToNode] | Successfully deployed config for node: vstsn01
[2026-04-17 02:35:40.182420] | Thread:21039 | [CncServiceImpl::SetNodeSchedule] | Finished deploying config to node: vstsn01
[2026-04-17 02:35:40.182486] | Thread:21039 | [NetworkManager::fetchOperationGcl] | Start operational GCL fetch
[2026-04-17 02:35:40.182488] | Thread:21039 | [NetworkManager::fetchOperationGclForNode] | Start operational GCL fetch for node: vstsn01
[2026-04-17 02:35:40.182539] | Thread:20635 | [NetconfSession::getData] | Start data fetch with XPath: /ietf-interfaces:interfaces/interface/ieee802-dot1q-bridge:bridge-port/ieee802-dot1q-sched-bridge:gate-parameter-table
[2026-04-17 02:35:40.283659] | Thread:20635 | [NetconfSession::getData] | Got return for path: /ietf-interfaces:interfaces/interface/ieee802-dot1q-bridge:bridge-port/ieee802-dot1q-sched-bridge:gate-parameter-table
[2026-04-17 02:35:40.283776] | Thread:20635 | [GclParser::parseOperationalGclData] | Start operational GCL data parsing
[2026-04-17 02:35:40.284014] | Thread:20635 | [GclParser::parseOperationalGclData] | Finished operational GCL data parsing
[2026-04-17 02:35:40.284078] | Thread:21039 | [NetworkManager::fetchOperationGclForNode] | Start operational GCL fetch for node: vstsn02
[2026-04-17 02:35:40.284177] | Thread:20646 | [NetconfSession::getData] | Start data fetch with XPath: /ietf-interfaces:interfaces/interface/ieee802-dot1q-bridge:bridge-port/ieee802-dot1q-sched-bridge:gate-parameter-table
[2026-04-17 02:35:40.364256] | Thread:20646 | [NetconfSession::getData] | Got return for path: /ietf-interfaces:interfaces/interface/ieee802-dot1q-bridge:bridge-port/ieee802-dot1q-sched-bridge:gate-parameter-table
[2026-04-17 02:35:40.364529] | Thread:20646 | [GclParser::parseOperationalGclData] | Start operational GCL data parsing
[2026-04-17 02:35:40.365179] | Thread:20646 | [GclParser::parseOperationalGclData] | Finished operational GCL data parsing
[2026-04-17 02:35:40.365319] | Thread:21039 | [NetworkManager::fetchOperationGclForNode] | Start operational GCL fetch for node: vstsn03
[2026-04-17 02:35:40.365373] | Thread:20657 | [NetconfSession::getData] | Start data fetch with XPath: /ietf-interfaces:interfaces/interface/ieee802-dot1q-bridge:bridge-port/ieee802-dot1q-sched-bridge:gate-parameter-table
[2026-04-17 02:35:40.402865] | Thread:20657 | [NetconfSession::getData] | Got return for path: /ietf-interfaces:interfaces/interface/ieee802-dot1q-bridge:bridge-port/ieee802-dot1q-sched-bridge:gate-parameter-table
[2026-04-17 02:35:40.402987] | Thread:20657 | [GclParser::parseOperationalGclData] | Start operational GCL data parsing
[2026-04-17 02:35:40.403174] | Thread:20657 | [GclParser::parseOperationalGclData] | Finished operational GCL data parsing
[2026-04-17 02:35:40.403261] | Thread:21039 | [NetworkManager::fetchOperationGcl] | Stop operational GCL fetch
[2026-04-17 02:35:40.403298] | Thread:21039 | [CncServiceImpl::SetNodeSchedule] | Finished setting node schedule (with verification) for node: vstsn01
[2026-04-17 02:35:40.403342] | Thread:21042 | [NetworkManager::deployConfigToNode] | Start config deployment for node: vstsn01
[2026-04-17 02:35:40.403436] | Thread:20635 | [NetconfSession::editData] | Start edit-config with XML length: 3260
[2026-04-17 02:35:40.433016] | Thread:20635 | [NetconfSession::editData] | Finished edit-config with XML length: 3260
[2026-04-17 02:35:40.433040] | Thread:20635 | [NetconfSession::commit] | Start commit operation.
[2026-04-17 02:35:40.474189] | Thread:20635 | [NetconfSession::commit] | Finished commit operation.
[2026-04-17 02:35:40.474213] | Thread:20635 | [NetworkManager::deployConfigToNode] | Successfully deployed config for node: vstsn01
[2026-04-17 02:35:40.474262] | Thread:21042 | [CncServiceImpl::SetNodeSchedule] | Finished deploying config to node: vstsn01
[2026-04-17 02:35:40.474347] | Thread:21042 | [NetworkManager::fetchOperationGcl] | Start operational GCL fetch
[2026-04-17 02:35:40.474350] | Thread:21042 | [NetworkManager::fetchOperationGclForNode] | Start operational GCL fetch for node: vstsn01
[2026-04-17 02:35:40.474428] | Thread:20635 | [NetconfSession::getData] | Start data fetch with XPath: /ietf-interfaces:interfaces/interface/ieee802-dot1q-bridge:bridge-port/ieee802-dot1q-sched-bridge:gate-parameter-table
[2026-04-17 02:35:40.588611] | Thread:20635 | [NetconfSession::getData] | Got return for path: /ietf-interfaces:interfaces/interface/ieee802-dot1q-bridge:bridge-port/ieee802-dot1q-sched-bridge:gate-parameter-table
[2026-04-17 02:35:40.588736] | Thread:20635 | [GclParser::parseOperationalGclData] | Start operational GCL data parsing
[2026-04-17 02:35:40.588949] | Thread:20635 | [GclParser::parseOperationalGclData] | Finished operational GCL data parsing
[2026-04-17 02:35:40.589075] | Thread:21042 | [NetworkManager::fetchOperationGclForNode] | Start operational GCL fetch for node: vstsn02
[2026-04-17 02:35:40.589157] | Thread:20646 | [NetconfSession::getData] | Start data fetch with XPath: /ietf-interfaces:interfaces/interface/ieee802-dot1q-bridge:bridge-port/ieee802-dot1q-sched-bridge:gate-parameter-table
[2026-04-17 02:35:40.667358] | Thread:20646 | [NetconfSession::getData] | Got return for path: /ietf-interfaces:interfaces/interface/ieee802-dot1q-bridge:bridge-port/ieee802-dot1q-sched-bridge:gate-parameter-table
[2026-04-17 02:35:40.667508] | Thread:20646 | [GclParser::parseOperationalGclData] | Start operational GCL data parsing
[2026-04-17 02:35:40.667888] | Thread:20646 | [GclParser::parseOperationalGclData] | Finished operational GCL data parsing
[2026-04-17 02:35:40.668020] | Thread:21042 | [NetworkManager::fetchOperationGclForNode] | Start operational GCL fetch for node: vstsn03
[2026-04-17 02:35:40.668102] | Thread:20657 | [NetconfSession::getData] | Start data fetch with XPath: /ietf-interfaces:interfaces/interface/ieee802-dot1q-bridge:bridge-port/ieee802-dot1q-sched-bridge:gate-parameter-table
[2026-04-17 02:35:40.712947] | Thread:20657 | [NetconfSession::getData] | Got return for path: /ietf-interfaces:interfaces/interface/ieee802-dot1q-bridge:bridge-port/ieee802-dot1q-sched-bridge:gate-parameter-table
[2026-04-17 02:35:40.713088] | Thread:20657 | [GclParser::parseOperationalGclData] | Start operational GCL data parsing
[2026-04-17 02:35:40.713240] | Thread:20657 | [GclParser::parseOperationalGclData] | Finished operational GCL data parsing
[2026-04-17 02:35:40.713334] | Thread:21042 | [NetworkManager::fetchOperationGcl] | Stop operational GCL fetch
[2026-04-17 02:35:40.713382] | Thread:21042 | [CncServiceImpl::SetNodeSchedule] | Finished setting node schedule (with verification) for node: vstsn01
[2026-04-17 02:35:40.713458] | Thread:21043 | [NetworkManager::deployConfigToNode] | Start config deployment for node: vstsn01
[2026-04-17 02:35:40.713616] | Thread:20635 | [NetconfSession::editData] | Start edit-config with XML length: 3260
[2026-04-17 02:35:40.744661] | Thread:20635 | [NetconfSession::editData] | Finished edit-config with XML length: 3260
[2026-04-17 02:35:40.744692] | Thread:20635 | [NetconfSession::commit] | Start commit operation.
[2026-04-17 02:35:40.788126] | Thread:20635 | [NetconfSession::commit] | Finished commit operation.
[2026-04-17 02:35:40.788152] | Thread:20635 | [NetworkManager::deployConfigToNode] | Successfully deployed config for node: vstsn01
[2026-04-17 02:35:40.788226] | Thread:21043 | [CncServiceImpl::SetNodeSchedule] | Finished deploying config to node: vstsn01
[2026-04-17 02:35:40.788235] | Thread:21043 | [NetworkManager::fetchOperationGcl] | Start operational GCL fetch
[2026-04-17 02:35:40.788236] | Thread:21043 | [NetworkManager::fetchOperationGclForNode] | Start operational GCL fetch for node: vstsn01
[2026-04-17 02:35:40.788343] | Thread:20635 | [NetconfSession::getData] | Start data fetch with XPath: /ietf-interfaces:interfaces/interface/ieee802-dot1q-bridge:bridge-port/ieee802-dot1q-sched-bridge:gate-parameter-table
[2026-04-17 02:35:40.935474] | Thread:20635 | [NetconfSession::getData] | Got return for path: /ietf-interfaces:interfaces/interface/ieee802-dot1q-bridge:bridge-port/ieee802-dot1q-sched-bridge:gate-parameter-table
[2026-04-17 02:35:40.935639] | Thread:20635 | [GclParser::parseOperationalGclData] | Start operational GCL data parsing
[2026-04-17 02:35:40.935906] | Thread:20635 | [GclParser::parseOperationalGclData] | Finished operational GCL data parsing
[2026-04-17 02:35:40.936017] | Thread:21043 | [NetworkManager::fetchOperationGclForNode] | Start operational GCL fetch for node: vstsn02
[2026-04-17 02:35:40.936088] | Thread:20646 | [NetconfSession::getData] | Start data fetch with XPath: /ietf-interfaces:interfaces/interface/ieee802-dot1q-bridge:bridge-port/ieee802-dot1q-sched-bridge:gate-parameter-table
[2026-04-17 02:35:41.013858] | Thread:20646 | [NetconfSession::getData] | Got return for path: /ietf-interfaces:interfaces/interface/ieee802-dot1q-bridge:bridge-port/ieee802-dot1q-sched-bridge:gate-parameter-table
[2026-04-17 02:35:41.014106] | Thread:20646 | [GclParser::parseOperationalGclData] | Start operational GCL data parsing
[2026-04-17 02:35:41.014616] | Thread:20646 | [GclParser::parseOperationalGclData] | Finished operational GCL data parsing
[2026-04-17 02:35:41.014747] | Thread:21043 | [NetworkManager::fetchOperationGclForNode] | Start operational GCL fetch for node: vstsn03
[2026-04-17 02:35:41.014809] | Thread:20657 | [NetconfSession::getData] | Start data fetch with XPath: /ietf-interfaces:interfaces/interface/ieee802-dot1q-bridge:bridge-port/ieee802-dot1q-sched-bridge:gate-parameter-table
[2026-04-17 02:35:41.056975] | Thread:20657 | [NetconfSession::getData] | Got return for path: /ietf-interfaces:interfaces/interface/ieee802-dot1q-bridge:bridge-port/ieee802-dot1q-sched-bridge:gate-parameter-table
[2026-04-17 02:35:41.057082] | Thread:20657 | [GclParser::parseOperationalGclData] | Start operational GCL data parsing
[2026-04-17 02:35:41.057251] | Thread:20657 | [GclParser::parseOperationalGclData] | Finished operational GCL data parsing
[2026-04-17 02:35:41.057444] | Thread:21043 | [NetworkManager::fetchOperationGcl] | Stop operational GCL fetch
[2026-04-17 02:35:41.057494] | Thread:21043 | [CncServiceImpl::SetNodeSchedule] | Finished setting node schedule (with verification) for node: vstsn01
[2026-04-17 02:35:41.057580] | Thread:21044 | [NetworkManager::deployConfigToNode] | Start config deployment for node: vstsn01
[2026-04-17 02:35:41.057722] | Thread:20635 | [NetconfSession::editData] | Start edit-config with XML length: 3260
[2026-04-17 02:35:41.086431] | Thread:20635 | [NetconfSession::editData] | Finished edit-config with XML length: 3260
[2026-04-17 02:35:41.086455] | Thread:20635 | [NetconfSession::commit] | Start commit operation.
[2026-04-17 02:35:41.129179] | Thread:20635 | [NetconfSession::commit] | Finished commit operation.
[2026-04-17 02:35:41.129204] | Thread:20635 | [NetworkManager::deployConfigToNode] | Successfully deployed config for node: vstsn01
[2026-04-17 02:35:41.129262] | Thread:21044 | [CncServiceImpl::SetNodeSchedule] | Finished deploying config to node: vstsn01
[2026-04-17 02:35:41.129273] | Thread:21044 | [NetworkManager::fetchOperationGcl] | Start operational GCL fetch
[2026-04-17 02:35:41.129274] | Thread:21044 | [NetworkManager::fetchOperationGclForNode] | Start operational GCL fetch for node: vstsn01
[2026-04-17 02:35:41.129315] | Thread:20635 | [NetconfSession::getData] | Start data fetch with XPath: /ietf-interfaces:interfaces/interface/ieee802-dot1q-bridge:bridge-port/ieee802-dot1q-sched-bridge:gate-parameter-table
[2026-04-17 02:35:41.240281] | Thread:20635 | [NetconfSession::getData] | Got return for path: /ietf-interfaces:interfaces/interface/ieee802-dot1q-bridge:bridge-port/ieee802-dot1q-sched-bridge:gate-parameter-table
[2026-04-17 02:35:41.240404] | Thread:20635 | [GclParser::parseOperationalGclData] | Start operational GCL data parsing
[2026-04-17 02:35:41.240664] | Thread:20635 | [GclParser::parseOperationalGclData] | Finished operational GCL data parsing
[2026-04-17 02:35:41.240749] | Thread:21044 | [NetworkManager::fetchOperationGclForNode] | Start operational GCL fetch for node: vstsn02
[2026-04-17 02:35:41.240782] | Thread:20646 | [NetconfSession::getData] | Start data fetch with XPath: /ietf-interfaces:interfaces/interface/ieee802-dot1q-bridge:bridge-port/ieee802-dot1q-sched-bridge:gate-parameter-table
[2026-04-17 02:35:41.316400] | Thread:20646 | [NetconfSession::getData] | Got return for path: /ietf-interfaces:interfaces/interface/ieee802-dot1q-bridge:bridge-port/ieee802-dot1q-sched-bridge:gate-parameter-table
[2026-04-17 02:35:41.316569] | Thread:20646 | [GclParser::parseOperationalGclData] | Start operational GCL data parsing
[2026-04-17 02:35:41.316880] | Thread:20646 | [GclParser::parseOperationalGclData] | Finished operational GCL data parsing
[2026-04-17 02:35:41.316962] | Thread:21044 | [NetworkManager::fetchOperationGclForNode] | Start operational GCL fetch for node: vstsn03
[2026-04-17 02:35:41.317001] | Thread:20657 | [NetconfSession::getData] | Start data fetch with XPath: /ietf-interfaces:interfaces/interface/ieee802-dot1q-bridge:bridge-port/ieee802-dot1q-sched-bridge:gate-parameter-table
[2026-04-17 02:35:41.356849] | Thread:20657 | [NetconfSession::getData] | Got return for path: /ietf-interfaces:interfaces/interface/ieee802-dot1q-bridge:bridge-port/ieee802-dot1q-sched-bridge:gate-parameter-table
[2026-04-17 02:35:41.356956] | Thread:20657 | [GclParser::parseOperationalGclData] | Start operational GCL data parsing
[2026-04-17 02:35:41.357150] | Thread:20657 | [GclParser::parseOperationalGclData] | Finished operational GCL data parsing
[2026-04-17 02:35:41.357204] | Thread:21044 | [NetworkManager::fetchOperationGcl] | Stop operational GCL fetch
[2026-04-17 02:35:41.357239] | Thread:21044 | [CncServiceImpl::SetNodeSchedule] | Finished setting node schedule (with verification) for node: vstsn01
[2026-04-17 02:35:41.357327] | Thread:21046 | [NetworkManager::deployConfigToNode] | Start config deployment for node: vstsn01
[2026-04-17 02:35:41.357471] | Thread:20635 | [NetconfSession::editData] | Start edit-config with XML length: 3260
[2026-04-17 02:35:41.386970] | Thread:20635 | [NetconfSession::editData] | Finished edit-config with XML length: 3260
[2026-04-17 02:35:41.386991] | Thread:20635 | [NetconfSession::commit] | Start commit operation.
[2026-04-17 02:35:41.429108] | Thread:20635 | [NetconfSession::commit] | Finished commit operation.
[2026-04-17 02:35:41.429140] | Thread:20635 | [NetworkManager::deployConfigToNode] | Successfully deployed config for node: vstsn01
[2026-04-17 02:35:41.429322] | Thread:21046 | [CncServiceImpl::SetNodeSchedule] | Finished deploying config to node: vstsn01
[2026-04-17 02:35:41.429377] | Thread:21046 | [NetworkManager::fetchOperationGcl] | Start operational GCL fetch
[2026-04-17 02:35:41.429380] | Thread:21046 | [NetworkManager::fetchOperationGclForNode] | Start operational GCL fetch for node: vstsn01
[2026-04-17 02:35:41.429444] | Thread:20635 | [NetconfSession::getData] | Start data fetch with XPath: /ietf-interfaces:interfaces/interface/ieee802-dot1q-bridge:bridge-port/ieee802-dot1q-sched-bridge:gate-parameter-table
[2026-04-17 02:35:41.538031] | Thread:20635 | [NetconfSession::getData] | Got return for path: /ietf-interfaces:interfaces/interface/ieee802-dot1q-bridge:bridge-port/ieee802-dot1q-sched-bridge:gate-parameter-table
[2026-04-17 02:35:41.538140] | Thread:20635 | [GclParser::parseOperationalGclData] | Start operational GCL data parsing
[2026-04-17 02:35:41.538398] | Thread:20635 | [GclParser::parseOperationalGclData] | Finished operational GCL data parsing
[2026-04-17 02:35:41.538484] | Thread:21046 | [NetworkManager::fetchOperationGclForNode] | Start operational GCL fetch for node: vstsn02
[2026-04-17 02:35:41.538514] | Thread:20646 | [NetconfSession::getData] | Start data fetch with XPath: /ietf-interfaces:interfaces/interface/ieee802-dot1q-bridge:bridge-port/ieee802-dot1q-sched-bridge:gate-parameter-table
[2026-04-17 02:35:41.615821] | Thread:20646 | [NetconfSession::getData] | Got return for path: /ietf-interfaces:interfaces/interface/ieee802-dot1q-bridge:bridge-port/ieee802-dot1q-sched-bridge:gate-parameter-table
[2026-04-17 02:35:41.616089] | Thread:20646 | [GclParser::parseOperationalGclData] | Start operational GCL data parsing
[2026-04-17 02:35:41.616476] | Thread:20646 | [GclParser::parseOperationalGclData] | Finished operational GCL data parsing
[2026-04-17 02:35:41.616645] | Thread:21046 | [NetworkManager::fetchOperationGclForNode] | Start operational GCL fetch for node: vstsn03
[2026-04-17 02:35:41.616752] | Thread:20657 | [NetconfSession::getData] | Start data fetch with XPath: /ietf-interfaces:interfaces/interface/ieee802-dot1q-bridge:bridge-port/ieee802-dot1q-sched-bridge:gate-parameter-table
[2026-04-17 02:35:41.655511] | Thread:20657 | [NetconfSession::getData] | Got return for path: /ietf-interfaces:interfaces/interface/ieee802-dot1q-bridge:bridge-port/ieee802-dot1q-sched-bridge:gate-parameter-table
[2026-04-17 02:35:41.655630] | Thread:20657 | [GclParser::parseOperationalGclData] | Start operational GCL data parsing
[2026-04-17 02:35:41.655807] | Thread:20657 | [GclParser::parseOperationalGclData] | Finished operational GCL data parsing
[2026-04-17 02:35:41.655871] | Thread:21046 | [NetworkManager::fetchOperationGcl] | Stop operational GCL fetch
[2026-04-17 02:35:41.655904] | Thread:21046 | [CncServiceImpl::SetNodeSchedule] | Finished setting node schedule (with verification) for node: vstsn01
[2026-04-17 02:35:41.655958] | Thread:21049 | [NetworkManager::deployConfigToNode] | Start config deployment for node: vstsn01
[2026-04-17 02:35:41.656063] | Thread:20635 | [NetconfSession::editData] | Start edit-config with XML length: 3260
[2026-04-17 02:35:41.685552] | Thread:20635 | [NetconfSession::editData] | Finished edit-config with XML length: 3260
[2026-04-17 02:35:41.685576] | Thread:20635 | [NetconfSession::commit] | Start commit operation.
[2026-04-17 02:35:41.725704] | Thread:20635 | [NetconfSession::commit] | Finished commit operation.
[2026-04-17 02:35:41.725732] | Thread:20635 | [NetworkManager::deployConfigToNode] | Successfully deployed config for node: vstsn01
[2026-04-17 02:35:41.725836] | Thread:21049 | [CncServiceImpl::SetNodeSchedule] | Finished deploying config to node: vstsn01
[2026-04-17 02:35:41.725911] | Thread:21049 | [NetworkManager::fetchOperationGcl] | Start operational GCL fetch
[2026-04-17 02:35:41.725915] | Thread:21049 | [NetworkManager::fetchOperationGclForNode] | Start operational GCL fetch for node: vstsn01
[2026-04-17 02:35:41.725971] | Thread:20635 | [NetconfSession::getData] | Start data fetch with XPath: /ietf-interfaces:interfaces/interface/ieee802-dot1q-bridge:bridge-port/ieee802-dot1q-sched-bridge:gate-parameter-table
[2026-04-17 02:35:41.829356] | Thread:20635 | [NetconfSession::getData] | Got return for path: /ietf-interfaces:interfaces/interface/ieee802-dot1q-bridge:bridge-port/ieee802-dot1q-sched-bridge:gate-parameter-table
[2026-04-17 02:35:41.829475] | Thread:20635 | [GclParser::parseOperationalGclData] | Start operational GCL data parsing
[2026-04-17 02:35:41.829722] | Thread:20635 | [GclParser::parseOperationalGclData] | Finished operational GCL data parsing
[2026-04-17 02:35:41.829779] | Thread:21049 | [NetworkManager::fetchOperationGclForNode] | Start operational GCL fetch for node: vstsn02
[2026-04-17 02:35:41.829817] | Thread:20646 | [NetconfSession::getData] | Start data fetch with XPath: /ietf-interfaces:interfaces/interface/ieee802-dot1q-bridge:bridge-port/ieee802-dot1q-sched-bridge:gate-parameter-table
[2026-04-17 02:35:41.931172] | Thread:20646 | [NetconfSession::getData] | Got return for path: /ietf-interfaces:interfaces/interface/ieee802-dot1q-bridge:bridge-port/ieee802-dot1q-sched-bridge:gate-parameter-table
[2026-04-17 02:35:41.931461] | Thread:20646 | [GclParser::parseOperationalGclData] | Start operational GCL data parsing
[2026-04-17 02:35:41.931946] | Thread:20646 | [GclParser::parseOperationalGclData] | Finished operational GCL data parsing
[2026-04-17 02:35:41.932044] | Thread:21049 | [NetworkManager::fetchOperationGclForNode] | Start operational GCL fetch for node: vstsn03
[2026-04-17 02:35:41.932100] | Thread:20657 | [NetconfSession::getData] | Start data fetch with XPath: /ietf-interfaces:interfaces/interface/ieee802-dot1q-bridge:bridge-port/ieee802-dot1q-sched-bridge:gate-parameter-table
[2026-04-17 02:35:41.973027] | Thread:20657 | [NetconfSession::getData] | Got return for path: /ietf-interfaces:interfaces/interface/ieee802-dot1q-bridge:bridge-port/ieee802-dot1q-sched-bridge:gate-parameter-table
[2026-04-17 02:35:41.973133] | Thread:20657 | [GclParser::parseOperationalGclData] | Start operational GCL data parsing
[2026-04-17 02:35:41.973282] | Thread:20657 | [GclParser::parseOperationalGclData] | Finished operational GCL data parsing
[2026-04-17 02:35:41.973354] | Thread:21049 | [NetworkManager::fetchOperationGcl] | Stop operational GCL fetch
[2026-04-17 02:35:41.973392] | Thread:21049 | [CncServiceImpl::SetNodeSchedule] | Finished setting node schedule (with verification) for node: vstsn01
[2026-04-17 02:35:41.973456] | Thread:21050 | [NetworkManager::deployConfigToNode] | Start config deployment for node: vstsn01
[2026-04-17 02:35:41.973579] | Thread:20635 | [NetconfSession::editData] | Start edit-config with XML length: 3260
[2026-04-17 02:35:42.001217] | Thread:20635 | [NetconfSession::editData] | Finished edit-config with XML length: 3260
[2026-04-17 02:35:42.001249] | Thread:20635 | [NetconfSession::commit] | Start commit operation.
[2026-04-17 02:35:42.042982] | Thread:20635 | [NetconfSession::commit] | Finished commit operation.
[2026-04-17 02:35:42.043026] | Thread:20635 | [NetworkManager::deployConfigToNode] | Successfully deployed config for node: vstsn01
[2026-04-17 02:35:42.043133] | Thread:21050 | [CncServiceImpl::SetNodeSchedule] | Finished deploying config to node: vstsn01
[2026-04-17 02:35:42.043202] | Thread:21050 | [NetworkManager::fetchOperationGcl] | Start operational GCL fetch
[2026-04-17 02:35:42.043206] | Thread:21050 | [NetworkManager::fetchOperationGclForNode] | Start operational GCL fetch for node: vstsn01
[2026-04-17 02:35:42.043398] | Thread:20635 | [NetconfSession::getData] | Start data fetch with XPath: /ietf-interfaces:interfaces/interface/ieee802-dot1q-bridge:bridge-port/ieee802-dot1q-sched-bridge:gate-parameter-table
[2026-04-17 02:35:42.143954] | Thread:20635 | [NetconfSession::getData] | Got return for path: /ietf-interfaces:interfaces/interface/ieee802-dot1q-bridge:bridge-port/ieee802-dot1q-sched-bridge:gate-parameter-table
[2026-04-17 02:35:42.144062] | Thread:20635 | [GclParser::parseOperationalGclData] | Start operational GCL data parsing
[2026-04-17 02:35:42.144297] | Thread:20635 | [GclParser::parseOperationalGclData] | Finished operational GCL data parsing
[2026-04-17 02:35:42.144395] | Thread:21050 | [NetworkManager::fetchOperationGclForNode] | Start operational GCL fetch for node: vstsn02
[2026-04-17 02:35:42.144494] | Thread:20646 | [NetconfSession::getData] | Start data fetch with XPath: /ietf-interfaces:interfaces/interface/ieee802-dot1q-bridge:bridge-port/ieee802-dot1q-sched-bridge:gate-parameter-table
[2026-04-17 02:35:42.227888] | Thread:20646 | [NetconfSession::getData] | Got return for path: /ietf-interfaces:interfaces/interface/ieee802-dot1q-bridge:bridge-port/ieee802-dot1q-sched-bridge:gate-parameter-table
[2026-04-17 02:35:42.228050] | Thread:20646 | [GclParser::parseOperationalGclData] | Start operational GCL data parsing
[2026-04-17 02:35:42.228349] | Thread:20646 | [GclParser::parseOperationalGclData] | Finished operational GCL data parsing
[2026-04-17 02:35:42.228526] | Thread:21050 | [NetworkManager::fetchOperationGclForNode] | Start operational GCL fetch for node: vstsn03
[2026-04-17 02:35:42.228625] | Thread:20657 | [NetconfSession::getData] | Start data fetch with XPath: /ietf-interfaces:interfaces/interface/ieee802-dot1q-bridge:bridge-port/ieee802-dot1q-sched-bridge:gate-parameter-table
[2026-04-17 02:35:42.267088] | Thread:20657 | [NetconfSession::getData] | Got return for path: /ietf-interfaces:interfaces/interface/ieee802-dot1q-bridge:bridge-port/ieee802-dot1q-sched-bridge:gate-parameter-table
[2026-04-17 02:35:42.267375] | Thread:20657 | [GclParser::parseOperationalGclData] | Start operational GCL data parsing
[2026-04-17 02:35:42.267880] | Thread:20657 | [GclParser::parseOperationalGclData] | Finished operational GCL data parsing
[2026-04-17 02:35:42.268129] | Thread:21050 | [NetworkManager::fetchOperationGcl] | Stop operational GCL fetch
[2026-04-17 02:35:42.268167] | Thread:21050 | [CncServiceImpl::SetNodeSchedule] | Finished setting node schedule (with verification) for node: vstsn01
[2026-04-17 02:35:42.268303] | Thread:20811 | [NetworkManager::deployConfigToNode] | Start config deployment for node: vstsn01
[2026-04-17 02:35:42.268541] | Thread:20635 | [NetconfSession::editData] | Start edit-config with XML length: 3260
[2026-04-17 02:35:42.300169] | Thread:20635 | [NetconfSession::editData] | Finished edit-config with XML length: 3260
[2026-04-17 02:35:42.300241] | Thread:20635 | [NetconfSession::commit] | Start commit operation.
[2026-04-17 02:35:42.341394] | Thread:20635 | [NetconfSession::commit] | Finished commit operation.
[2026-04-17 02:35:42.341447] | Thread:20635 | [NetworkManager::deployConfigToNode] | Successfully deployed config for node: vstsn01
[2026-04-17 02:35:42.341579] | Thread:20811 | [CncServiceImpl::SetNodeSchedule] | Finished deploying config to node: vstsn01
[2026-04-17 02:35:42.341635] | Thread:20811 | [NetworkManager::fetchOperationGcl] | Start operational GCL fetch
[2026-04-17 02:35:42.341675] | Thread:20811 | [NetworkManager::fetchOperationGclForNode] | Start operational GCL fetch for node: vstsn01
[2026-04-17 02:35:42.341764] | Thread:20635 | [NetconfSession::getData] | Start data fetch with XPath: /ietf-interfaces:interfaces/interface/ieee802-dot1q-bridge:bridge-port/ieee802-dot1q-sched-bridge:gate-parameter-table
[2026-04-17 02:35:42.447396] | Thread:20635 | [NetconfSession::getData] | Got return for path: /ietf-interfaces:interfaces/interface/ieee802-dot1q-bridge:bridge-port/ieee802-dot1q-sched-bridge:gate-parameter-table
[2026-04-17 02:35:42.447560] | Thread:20635 | [GclParser::parseOperationalGclData] | Start operational GCL data parsing
[2026-04-17 02:35:42.447872] | Thread:20635 | [GclParser::parseOperationalGclData] | Finished operational GCL data parsing
[2026-04-17 02:35:42.447946] | Thread:20811 | [NetworkManager::fetchOperationGclForNode] | Start operational GCL fetch for node: vstsn02
[2026-04-17 02:35:42.448035] | Thread:20646 | [NetconfSession::getData] | Start data fetch with XPath: /ietf-interfaces:interfaces/interface/ieee802-dot1q-bridge:bridge-port/ieee802-dot1q-sched-bridge:gate-parameter-table
[2026-04-17 02:35:42.526443] | Thread:20646 | [NetconfSession::getData] | Got return for path: /ietf-interfaces:interfaces/interface/ieee802-dot1q-bridge:bridge-port/ieee802-dot1q-sched-bridge:gate-parameter-table
[2026-04-17 02:35:42.526590] | Thread:20646 | [GclParser::parseOperationalGclData] | Start operational GCL data parsing
[2026-04-17 02:35:42.526885] | Thread:20646 | [GclParser::parseOperationalGclData] | Finished operational GCL data parsing
[2026-04-17 02:35:42.527084] | Thread:20811 | [NetworkManager::fetchOperationGclForNode] | Start operational GCL fetch for node: vstsn03
[2026-04-17 02:35:42.527149] | Thread:20657 | [NetconfSession::getData] | Start data fetch with XPath: /ietf-interfaces:interfaces/interface/ieee802-dot1q-bridge:bridge-port/ieee802-dot1q-sched-bridge:gate-parameter-table
[2026-04-17 02:35:42.569168] | Thread:20657 | [NetconfSession::getData] | Got return for path: /ietf-interfaces:interfaces/interface/ieee802-dot1q-bridge:bridge-port/ieee802-dot1q-sched-bridge:gate-parameter-table
[2026-04-17 02:35:42.569295] | Thread:20657 | [GclParser::parseOperationalGclData] | Start operational GCL data parsing
[2026-04-17 02:35:42.569469] | Thread:20657 | [GclParser::parseOperationalGclData] | Finished operational GCL data parsing
[2026-04-17 02:35:42.569574] | Thread:20811 | [NetworkManager::fetchOperationGcl] | Stop operational GCL fetch
[2026-04-17 02:35:42.569617] | Thread:20811 | [CncServiceImpl::SetNodeSchedule] | Finished setting node schedule (with verification) for node: vstsn01
[2026-04-17 02:35:42.569670] | Thread:21062 | [NetworkManager::deployConfigToNode] | Start config deployment for node: vstsn01
[2026-04-17 02:35:42.569806] | Thread:20635 | [NetconfSession::editData] | Start edit-config with XML length: 3260
[2026-04-17 02:35:42.599338] | Thread:20635 | [NetconfSession::editData] | Finished edit-config with XML length: 3260
[2026-04-17 02:35:42.599365] | Thread:20635 | [NetconfSession::commit] | Start commit operation.
[2026-04-17 02:35:42.641403] | Thread:20635 | [NetconfSession::commit] | Finished commit operation.
[2026-04-17 02:35:42.641432] | Thread:20635 | [NetworkManager::deployConfigToNode] | Successfully deployed config for node: vstsn01
[2026-04-17 02:35:42.641471] | Thread:21062 | [CncServiceImpl::SetNodeSchedule] | Finished deploying config to node: vstsn01
[2026-04-17 02:35:42.641508] | Thread:21062 | [NetworkManager::fetchOperationGcl] | Start operational GCL fetch
[2026-04-17 02:35:42.641510] | Thread:21062 | [NetworkManager::fetchOperationGclForNode] | Start operational GCL fetch for node: vstsn01
[2026-04-17 02:35:42.641540] | Thread:20635 | [NetconfSession::getData] | Start data fetch with XPath: /ietf-interfaces:interfaces/interface/ieee802-dot1q-bridge:bridge-port/ieee802-dot1q-sched-bridge:gate-parameter-table
[2026-04-17 02:35:42.745031] | Thread:20635 | [NetconfSession::getData] | Got return for path: /ietf-interfaces:interfaces/interface/ieee802-dot1q-bridge:bridge-port/ieee802-dot1q-sched-bridge:gate-parameter-table
[2026-04-17 02:35:42.745205] | Thread:20635 | [GclParser::parseOperationalGclData] | Start operational GCL data parsing
[2026-04-17 02:35:42.745473] | Thread:20635 | [GclParser::parseOperationalGclData] | Finished operational GCL data parsing
[2026-04-17 02:35:42.745545] | Thread:21062 | [NetworkManager::fetchOperationGclForNode] | Start operational GCL fetch for node: vstsn02
[2026-04-17 02:35:42.745597] | Thread:20646 | [NetconfSession::getData] | Start data fetch with XPath: /ietf-interfaces:interfaces/interface/ieee802-dot1q-bridge:bridge-port/ieee802-dot1q-sched-bridge:gate-parameter-table
[2026-04-17 02:35:42.822366] | Thread:20646 | [NetconfSession::getData] | Got return for path: /ietf-interfaces:interfaces/interface/ieee802-dot1q-bridge:bridge-port/ieee802-dot1q-sched-bridge:gate-parameter-table
[2026-04-17 02:35:42.822529] | Thread:20646 | [GclParser::parseOperationalGclData] | Start operational GCL data parsing
[2026-04-17 02:35:42.822874] | Thread:20646 | [GclParser::parseOperationalGclData] | Finished operational GCL data parsing
[2026-04-17 02:35:42.823000] | Thread:21062 | [NetworkManager::fetchOperationGclForNode] | Start operational GCL fetch for node: vstsn03
[2026-04-17 02:35:42.823088] | Thread:20657 | [NetconfSession::getData] | Start data fetch with XPath: /ietf-interfaces:interfaces/interface/ieee802-dot1q-bridge:bridge-port/ieee802-dot1q-sched-bridge:gate-parameter-table
[2026-04-17 02:35:42.861746] | Thread:20657 | [NetconfSession::getData] | Got return for path: /ietf-interfaces:interfaces/interface/ieee802-dot1q-bridge:bridge-port/ieee802-dot1q-sched-bridge:gate-parameter-table
[2026-04-17 02:35:42.861912] | Thread:20657 | [GclParser::parseOperationalGclData] | Start operational GCL data parsing
[2026-04-17 02:35:42.862078] | Thread:20657 | [GclParser::parseOperationalGclData] | Finished operational GCL data parsing
[2026-04-17 02:35:42.862207] | Thread:21062 | [NetworkManager::fetchOperationGcl] | Stop operational GCL fetch
[2026-04-17 02:35:42.862291] | Thread:21062 | [CncServiceImpl::SetNodeSchedule] | Finished setting node schedule (with verification) for node: vstsn01
[2026-04-17 02:35:42.862365] | Thread:21063 | [NetworkManager::deployConfigToNode] | Start config deployment for node: vstsn01
[2026-04-17 02:35:42.862488] | Thread:20635 | [NetconfSession::editData] | Start edit-config with XML length: 3260
[2026-04-17 02:35:42.896223] | Thread:20635 | [NetconfSession::editData] | Finished edit-config with XML length: 3260
[2026-04-17 02:35:42.896259] | Thread:20635 | [NetconfSession::commit] | Start commit operation.
[2026-04-17 02:35:42.957015] | Thread:20635 | [NetconfSession::commit] | Finished commit operation.
[2026-04-17 02:35:42.957040] | Thread:20635 | [NetworkManager::deployConfigToNode] | Successfully deployed config for node: vstsn01
[2026-04-17 02:35:42.957173] | Thread:21063 | [CncServiceImpl::SetNodeSchedule] | Finished deploying config to node: vstsn01
[2026-04-17 02:35:42.957288] | Thread:21063 | [NetworkManager::fetchOperationGcl] | Start operational GCL fetch
[2026-04-17 02:35:42.957317] | Thread:21063 | [NetworkManager::fetchOperationGclForNode] | Start operational GCL fetch for node: vstsn01
[2026-04-17 02:35:42.957355] | Thread:20635 | [NetconfSession::getData] | Start data fetch with XPath: /ietf-interfaces:interfaces/interface/ieee802-dot1q-bridge:bridge-port/ieee802-dot1q-sched-bridge:gate-parameter-table
[2026-04-17 02:35:43.064263] | Thread:20635 | [NetconfSession::getData] | Got return for path: /ietf-interfaces:interfaces/interface/ieee802-dot1q-bridge:bridge-port/ieee802-dot1q-sched-bridge:gate-parameter-table
[2026-04-17 02:35:43.064413] | Thread:20635 | [GclParser::parseOperationalGclData] | Start operational GCL data parsing
[2026-04-17 02:35:43.064673] | Thread:20635 | [GclParser::parseOperationalGclData] | Finished operational GCL data parsing
[2026-04-17 02:35:43.064744] | Thread:21063 | [NetworkManager::fetchOperationGclForNode] | Start operational GCL fetch for node: vstsn02
[2026-04-17 02:35:43.064803] | Thread:20646 | [NetconfSession::getData] | Start data fetch with XPath: /ietf-interfaces:interfaces/interface/ieee802-dot1q-bridge:bridge-port/ieee802-dot1q-sched-bridge:gate-parameter-table
[2026-04-17 02:35:43.147272] | Thread:20646 | [NetconfSession::getData] | Got return for path: /ietf-interfaces:interfaces/interface/ieee802-dot1q-bridge:bridge-port/ieee802-dot1q-sched-bridge:gate-parameter-table
[2026-04-17 02:35:43.147452] | Thread:20646 | [GclParser::parseOperationalGclData] | Start operational GCL data parsing
[2026-04-17 02:35:43.147833] | Thread:20646 | [GclParser::parseOperationalGclData] | Finished operational GCL data parsing
[2026-04-17 02:35:43.147941] | Thread:21063 | [NetworkManager::fetchOperationGclForNode] | Start operational GCL fetch for node: vstsn03
[2026-04-17 02:35:43.148003] | Thread:20657 | [NetconfSession::getData] | Start data fetch with XPath: /ietf-interfaces:interfaces/interface/ieee802-dot1q-bridge:bridge-port/ieee802-dot1q-sched-bridge:gate-parameter-table
[2026-04-17 02:35:43.190838] | Thread:20657 | [NetconfSession::getData] | Got return for path: /ietf-interfaces:interfaces/interface/ieee802-dot1q-bridge:bridge-port/ieee802-dot1q-sched-bridge:gate-parameter-table
[2026-04-17 02:35:43.191115] | Thread:20657 | [GclParser::parseOperationalGclData] | Start operational GCL data parsing
[2026-04-17 02:35:43.191609] | Thread:20657 | [GclParser::parseOperationalGclData] | Finished operational GCL data parsing
[2026-04-17 02:35:43.191816] | Thread:21063 | [NetworkManager::fetchOperationGcl] | Stop operational GCL fetch
[2026-04-17 02:35:43.191907] | Thread:21063 | [CncServiceImpl::SetNodeSchedule] | Finished setting node schedule (with verification) for node: vstsn01
[2026-04-17 02:35:43.192055] | Thread:21064 | [NetworkManager::deployConfigToNode] | Start config deployment for node: vstsn01
[2026-04-17 02:35:43.192393] | Thread:20635 | [NetconfSession::editData] | Start edit-config with XML length: 3260
[2026-04-17 02:35:43.238076] | Thread:20635 | [NetconfSession::editData] | Finished edit-config with XML length: 3260
[2026-04-17 02:35:43.238109] | Thread:20635 | [NetconfSession::commit] | Start commit operation.
[2026-04-17 02:35:43.295618] | Thread:20635 | [NetconfSession::commit] | Finished commit operation.
[2026-04-17 02:35:43.295642] | Thread:20635 | [NetworkManager::deployConfigToNode] | Successfully deployed config for node: vstsn01
[2026-04-17 02:35:43.295697] | Thread:21064 | [CncServiceImpl::SetNodeSchedule] | Finished deploying config to node: vstsn01
[2026-04-17 02:35:43.295742] | Thread:21064 | [NetworkManager::fetchOperationGcl] | Start operational GCL fetch
[2026-04-17 02:35:43.295744] | Thread:21064 | [NetworkManager::fetchOperationGclForNode] | Start operational GCL fetch for node: vstsn01
[2026-04-17 02:35:43.295792] | Thread:20635 | [NetconfSession::getData] | Start data fetch with XPath: /ietf-interfaces:interfaces/interface/ieee802-dot1q-bridge:bridge-port/ieee802-dot1q-sched-bridge:gate-parameter-table
[2026-04-17 02:35:43.399002] | Thread:20635 | [NetconfSession::getData] | Got return for path: /ietf-interfaces:interfaces/interface/ieee802-dot1q-bridge:bridge-port/ieee802-dot1q-sched-bridge:gate-parameter-table
[2026-04-17 02:35:43.399227] | Thread:20635 | [GclParser::parseOperationalGclData] | Start operational GCL data parsing
[2026-04-17 02:35:43.399975] | Thread:20635 | [GclParser::parseOperationalGclData] | Finished operational GCL data parsing
[2026-04-17 02:35:43.400185] | Thread:21064 | [NetworkManager::fetchOperationGclForNode] | Start operational GCL fetch for node: vstsn02
[2026-04-17 02:35:43.400286] | Thread:20646 | [NetconfSession::getData] | Start data fetch with XPath: /ietf-interfaces:interfaces/interface/ieee802-dot1q-bridge:bridge-port/ieee802-dot1q-sched-bridge:gate-parameter-table
[2026-04-17 02:35:43.481766] | Thread:20646 | [NetconfSession::getData] | Got return for path: /ietf-interfaces:interfaces/interface/ieee802-dot1q-bridge:bridge-port/ieee802-dot1q-sched-bridge:gate-parameter-table
[2026-04-17 02:35:43.481966] | Thread:20646 | [GclParser::parseOperationalGclData] | Start operational GCL data parsing
[2026-04-17 02:35:43.482308] | Thread:20646 | [GclParser::parseOperationalGclData] | Finished operational GCL data parsing
[2026-04-17 02:35:43.482408] | Thread:21064 | [NetworkManager::fetchOperationGclForNode] | Start operational GCL fetch for node: vstsn03
[2026-04-17 02:35:43.482482] | Thread:20657 | [NetconfSession::getData] | Start data fetch with XPath: /ietf-interfaces:interfaces/interface/ieee802-dot1q-bridge:bridge-port/ieee802-dot1q-sched-bridge:gate-parameter-table
[2026-04-17 02:35:43.524160] | Thread:20657 | [NetconfSession::getData] | Got return for path: /ietf-interfaces:interfaces/interface/ieee802-dot1q-bridge:bridge-port/ieee802-dot1q-sched-bridge:gate-parameter-table
[2026-04-17 02:35:43.524266] | Thread:20657 | [GclParser::parseOperationalGclData] | Start operational GCL data parsing
[2026-04-17 02:35:43.524433] | Thread:20657 | [GclParser::parseOperationalGclData] | Finished operational GCL data parsing
[2026-04-17 02:35:43.524603] | Thread:21064 | [NetworkManager::fetchOperationGcl] | Stop operational GCL fetch
[2026-04-17 02:35:43.524649] | Thread:21064 | [CncServiceImpl::SetNodeSchedule] | Finished setting node schedule (with verification) for node: vstsn01
[2026-04-17 02:35:43.524733] | Thread:21066 | [NetworkManager::deployConfigToNode] | Start config deployment for node: vstsn01
[2026-04-17 02:35:43.524846] | Thread:20635 | [NetconfSession::editData] | Start edit-config with XML length: 3260
[2026-04-17 02:35:43.567434] | Thread:20635 | [NetconfSession::editData] | Finished edit-config with XML length: 3260
[2026-04-17 02:35:43.567482] | Thread:20635 | [NetconfSession::commit] | Start commit operation.
[2026-04-17 02:35:43.607923] | Thread:20635 | [NetconfSession::commit] | Finished commit operation.
[2026-04-17 02:35:43.607947] | Thread:20635 | [NetworkManager::deployConfigToNode] | Successfully deployed config for node: vstsn01
[2026-04-17 02:35:43.608121] | Thread:21066 | [CncServiceImpl::SetNodeSchedule] | Finished deploying config to node: vstsn01
[2026-04-17 02:35:43.608224] | Thread:21066 | [NetworkManager::fetchOperationGcl] | Start operational GCL fetch
[2026-04-17 02:35:43.608229] | Thread:21066 | [NetworkManager::fetchOperationGclForNode] | Start operational GCL fetch for node: vstsn01
[2026-04-17 02:35:43.608350] | Thread:20635 | [NetconfSession::getData] | Start data fetch with XPath: /ietf-interfaces:interfaces/interface/ieee802-dot1q-bridge:bridge-port/ieee802-dot1q-sched-bridge:gate-parameter-table
[2026-04-17 02:35:43.712688] | Thread:20635 | [NetconfSession::getData] | Got return for path: /ietf-interfaces:interfaces/interface/ieee802-dot1q-bridge:bridge-port/ieee802-dot1q-sched-bridge:gate-parameter-table
[2026-04-17 02:35:43.712810] | Thread:20635 | [GclParser::parseOperationalGclData] | Start operational GCL data parsing
[2026-04-17 02:35:43.713122] | Thread:20635 | [GclParser::parseOperationalGclData] | Finished operational GCL data parsing
[2026-04-17 02:35:43.713270] | Thread:21066 | [NetworkManager::fetchOperationGclForNode] | Start operational GCL fetch for node: vstsn02
[2026-04-17 02:35:43.713509] | Thread:20646 | [NetconfSession::getData] | Start data fetch with XPath: /ietf-interfaces:interfaces/interface/ieee802-dot1q-bridge:bridge-port/ieee802-dot1q-sched-bridge:gate-parameter-table
[2026-04-17 02:35:43.794418] | Thread:20646 | [NetconfSession::getData] | Got return for path: /ietf-interfaces:interfaces/interface/ieee802-dot1q-bridge:bridge-port/ieee802-dot1q-sched-bridge:gate-parameter-table
[2026-04-17 02:35:43.794576] | Thread:20646 | [GclParser::parseOperationalGclData] | Start operational GCL data parsing
[2026-04-17 02:35:43.794905] | Thread:20646 | [GclParser::parseOperationalGclData] | Finished operational GCL data parsing
[2026-04-17 02:35:43.794988] | Thread:21066 | [NetworkManager::fetchOperationGclForNode] | Start operational GCL fetch for node: vstsn03
[2026-04-17 02:35:43.795038] | Thread:20657 | [NetconfSession::getData] | Start data fetch with XPath: /ietf-interfaces:interfaces/interface/ieee802-dot1q-bridge:bridge-port/ieee802-dot1q-sched-bridge:gate-parameter-table
[2026-04-17 02:35:43.837519] | Thread:20657 | [NetconfSession::getData] | Got return for path: /ietf-interfaces:interfaces/interface/ieee802-dot1q-bridge:bridge-port/ieee802-dot1q-sched-bridge:gate-parameter-table
[2026-04-17 02:35:43.837627] | Thread:20657 | [GclParser::parseOperationalGclData] | Start operational GCL data parsing
[2026-04-17 02:35:43.837874] | Thread:20657 | [GclParser::parseOperationalGclData] | Finished operational GCL data parsing
[2026-04-17 02:35:43.837980] | Thread:21066 | [NetworkManager::fetchOperationGcl] | Stop operational GCL fetch
[2026-04-17 02:35:43.838030] | Thread:21066 | [CncServiceImpl::SetNodeSchedule] | Finished setting node schedule (with verification) for node: vstsn01
[2026-04-17 02:35:43.838087] | Thread:21068 | [NetworkManager::deployConfigToNode] | Start config deployment for node: vstsn01
[2026-04-17 02:35:43.838236] | Thread:20635 | [NetconfSession::editData] | Start edit-config with XML length: 3260
[2026-04-17 02:35:43.868523] | Thread:20635 | [NetconfSession::editData] | Finished edit-config with XML length: 3260
[2026-04-17 02:35:43.868550] | Thread:20635 | [NetconfSession::commit] | Start commit operation.
[2026-04-17 02:35:43.912324] | Thread:20635 | [NetconfSession::commit] | Finished commit operation.
[2026-04-17 02:35:43.912346] | Thread:20635 | [NetworkManager::deployConfigToNode] | Successfully deployed config for node: vstsn01
[2026-04-17 02:35:43.912414] | Thread:21068 | [CncServiceImpl::SetNodeSchedule] | Finished deploying config to node: vstsn01
[2026-04-17 02:35:43.912439] | Thread:21068 | [NetworkManager::fetchOperationGcl] | Start operational GCL fetch
[2026-04-17 02:35:43.912441] | Thread:21068 | [NetworkManager::fetchOperationGclForNode] | Start operational GCL fetch for node: vstsn01
[2026-04-17 02:35:43.912507] | Thread:20635 | [NetconfSession::getData] | Start data fetch with XPath: /ietf-interfaces:interfaces/interface/ieee802-dot1q-bridge:bridge-port/ieee802-dot1q-sched-bridge:gate-parameter-table
[2026-04-17 02:35:44.037407] | Thread:20635 | [NetconfSession::getData] | Got return for path: /ietf-interfaces:interfaces/interface/ieee802-dot1q-bridge:bridge-port/ieee802-dot1q-sched-bridge:gate-parameter-table
[2026-04-17 02:35:44.037507] | Thread:20635 | [GclParser::parseOperationalGclData] | Start operational GCL data parsing
[2026-04-17 02:35:44.037731] | Thread:20635 | [GclParser::parseOperationalGclData] | Finished operational GCL data parsing
[2026-04-17 02:35:44.037861] | Thread:21068 | [NetworkManager::fetchOperationGclForNode] | Start operational GCL fetch for node: vstsn02
[2026-04-17 02:35:44.037931] | Thread:20646 | [NetconfSession::getData] | Start data fetch with XPath: /ietf-interfaces:interfaces/interface/ieee802-dot1q-bridge:bridge-port/ieee802-dot1q-sched-bridge:gate-parameter-table
[2026-04-17 02:35:44.129390] | Thread:20646 | [NetconfSession::getData] | Got return for path: /ietf-interfaces:interfaces/interface/ieee802-dot1q-bridge:bridge-port/ieee802-dot1q-sched-bridge:gate-parameter-table
[2026-04-17 02:35:44.129536] | Thread:20646 | [GclParser::parseOperationalGclData] | Start operational GCL data parsing
[2026-04-17 02:35:44.130252] | Thread:20646 | [GclParser::parseOperationalGclData] | Finished operational GCL data parsing
[2026-04-17 02:35:44.130411] | Thread:21068 | [NetworkManager::fetchOperationGclForNode] | Start operational GCL fetch for node: vstsn03
[2026-04-17 02:35:44.130472] | Thread:20657 | [NetconfSession::getData] | Start data fetch with XPath: /ietf-interfaces:interfaces/interface/ieee802-dot1q-bridge:bridge-port/ieee802-dot1q-sched-bridge:gate-parameter-table
[2026-04-17 02:35:44.167498] | Thread:20657 | [NetconfSession::getData] | Got return for path: /ietf-interfaces:interfaces/interface/ieee802-dot1q-bridge:bridge-port/ieee802-dot1q-sched-bridge:gate-parameter-table
[2026-04-17 02:35:44.167647] | Thread:20657 | [GclParser::parseOperationalGclData] | Start operational GCL data parsing
[2026-04-17 02:35:44.167965] | Thread:20657 | [GclParser::parseOperationalGclData] | Finished operational GCL data parsing
[2026-04-17 02:35:44.168081] | Thread:21068 | [NetworkManager::fetchOperationGcl] | Stop operational GCL fetch
[2026-04-17 02:35:44.168142] | Thread:21068 | [CncServiceImpl::SetNodeSchedule] | Finished setting node schedule (with verification) for node: vstsn01
[2026-04-17 02:35:44.168294] | Thread:21070 | [NetworkManager::deployConfigToNode] | Start config deployment for node: vstsn01
[2026-04-17 02:35:44.168425] | Thread:20635 | [NetconfSession::editData] | Start edit-config with XML length: 3260
[2026-04-17 02:35:44.243898] | Thread:20635 | [NetconfSession::editData] | Finished edit-config with XML length: 3260
[2026-04-17 02:35:44.243925] | Thread:20635 | [NetconfSession::commit] | Start commit operation.
[2026-04-17 02:35:44.288872] | Thread:20635 | [NetconfSession::commit] | Finished commit operation.
[2026-04-17 02:35:44.288903] | Thread:20635 | [NetworkManager::deployConfigToNode] | Successfully deployed config for node: vstsn01
[2026-04-17 02:35:44.288945] | Thread:21070 | [CncServiceImpl::SetNodeSchedule] | Finished deploying config to node: vstsn01
[2026-04-17 02:35:44.288967] | Thread:21070 | [NetworkManager::fetchOperationGcl] | Start operational GCL fetch
[2026-04-17 02:35:44.288969] | Thread:21070 | [NetworkManager::fetchOperationGclForNode] | Start operational GCL fetch for node: vstsn01
[2026-04-17 02:35:44.289009] | Thread:20635 | [NetconfSession::getData] | Start data fetch with XPath: /ietf-interfaces:interfaces/interface/ieee802-dot1q-bridge:bridge-port/ieee802-dot1q-sched-bridge:gate-parameter-table
[2026-04-17 02:35:44.404560] | Thread:20635 | [NetconfSession::getData] | Got return for path: /ietf-interfaces:interfaces/interface/ieee802-dot1q-bridge:bridge-port/ieee802-dot1q-sched-bridge:gate-parameter-table
[2026-04-17 02:35:44.404677] | Thread:20635 | [GclParser::parseOperationalGclData] | Start operational GCL data parsing
[2026-04-17 02:35:44.404884] | Thread:20635 | [GclParser::parseOperationalGclData] | Finished operational GCL data parsing
[2026-04-17 02:35:44.405002] | Thread:21070 | [NetworkManager::fetchOperationGclForNode] | Start operational GCL fetch for node: vstsn02
[2026-04-17 02:35:44.405065] | Thread:20646 | [NetconfSession::getData] | Start data fetch with XPath: /ietf-interfaces:interfaces/interface/ieee802-dot1q-bridge:bridge-port/ieee802-dot1q-sched-bridge:gate-parameter-table
[2026-04-17 02:35:44.483522] | Thread:20646 | [NetconfSession::getData] | Got return for path: /ietf-interfaces:interfaces/interface/ieee802-dot1q-bridge:bridge-port/ieee802-dot1q-sched-bridge:gate-parameter-table
[2026-04-17 02:35:44.483649] | Thread:20646 | [GclParser::parseOperationalGclData] | Start operational GCL data parsing
[2026-04-17 02:35:44.483960] | Thread:20646 | [GclParser::parseOperationalGclData] | Finished operational GCL data parsing
[2026-04-17 02:35:44.484108] | Thread:21070 | [NetworkManager::fetchOperationGclForNode] | Start operational GCL fetch for node: vstsn03
[2026-04-17 02:35:44.484195] | Thread:20657 | [NetconfSession::getData] | Start data fetch with XPath: /ietf-interfaces:interfaces/interface/ieee802-dot1q-bridge:bridge-port/ieee802-dot1q-sched-bridge:gate-parameter-table
[2026-04-17 02:35:44.527003] | Thread:20657 | [NetconfSession::getData] | Got return for path: /ietf-interfaces:interfaces/interface/ieee802-dot1q-bridge:bridge-port/ieee802-dot1q-sched-bridge:gate-parameter-table
[2026-04-17 02:35:44.527214] | Thread:20657 | [GclParser::parseOperationalGclData] | Start operational GCL data parsing
[2026-04-17 02:35:44.527586] | Thread:20657 | [GclParser::parseOperationalGclData] | Finished operational GCL data parsing
[2026-04-17 02:35:44.527789] | Thread:21070 | [NetworkManager::fetchOperationGcl] | Stop operational GCL fetch
[2026-04-17 02:35:44.527868] | Thread:21070 | [CncServiceImpl::SetNodeSchedule] | Finished setting node schedule (with verification) for node: vstsn01
[2026-04-17 02:35:44.528016] | Thread:21072 | [NetworkManager::deployConfigToNode] | Start config deployment for node: vstsn01
[2026-04-17 02:35:44.528251] | Thread:20635 | [NetconfSession::editData] | Start edit-config with XML length: 3260
[2026-04-17 02:35:44.567340] | Thread:20635 | [NetconfSession::editData] | Finished edit-config with XML length: 3260
[2026-04-17 02:35:44.567368] | Thread:20635 | [NetconfSession::commit] | Start commit operation.
[2026-04-17 02:35:44.617836] | Thread:20635 | [NetconfSession::commit] | Finished commit operation.
[2026-04-17 02:35:44.617862] | Thread:20635 | [NetworkManager::deployConfigToNode] | Successfully deployed config for node: vstsn01
[2026-04-17 02:35:44.617928] | Thread:21072 | [CncServiceImpl::SetNodeSchedule] | Finished deploying config to node: vstsn01
[2026-04-17 02:35:44.617968] | Thread:21072 | [NetworkManager::fetchOperationGcl] | Start operational GCL fetch
[2026-04-17 02:35:44.617970] | Thread:21072 | [NetworkManager::fetchOperationGclForNode] | Start operational GCL fetch for node: vstsn01
[2026-04-17 02:35:44.618044] | Thread:20635 | [NetconfSession::getData] | Start data fetch with XPath: /ietf-interfaces:interfaces/interface/ieee802-dot1q-bridge:bridge-port/ieee802-dot1q-sched-bridge:gate-parameter-table
[2026-04-17 02:35:44.717707] | Thread:20635 | [NetconfSession::getData] | Got return for path: /ietf-interfaces:interfaces/interface/ieee802-dot1q-bridge:bridge-port/ieee802-dot1q-sched-bridge:gate-parameter-table
[2026-04-17 02:35:44.717917] | Thread:20635 | [GclParser::parseOperationalGclData] | Start operational GCL data parsing
[2026-04-17 02:35:44.718319] | Thread:20635 | [GclParser::parseOperationalGclData] | Finished operational GCL data parsing
[2026-04-17 02:35:44.718472] | Thread:21072 | [NetworkManager::fetchOperationGclForNode] | Start operational GCL fetch for node: vstsn02
[2026-04-17 02:35:44.718579] | Thread:20646 | [NetconfSession::getData] | Start data fetch with XPath: /ietf-interfaces:interfaces/interface/ieee802-dot1q-bridge:bridge-port/ieee802-dot1q-sched-bridge:gate-parameter-table
[2026-04-17 02:35:44.830951] | Thread:20646 | [NetconfSession::getData] | Got return for path: /ietf-interfaces:interfaces/interface/ieee802-dot1q-bridge:bridge-port/ieee802-dot1q-sched-bridge:gate-parameter-table
[2026-04-17 02:35:44.831304] | Thread:20646 | [GclParser::parseOperationalGclData] | Start operational GCL data parsing
[2026-04-17 02:35:44.831854] | Thread:20646 | [GclParser::parseOperationalGclData] | Finished operational GCL data parsing
[2026-04-17 02:35:44.832040] | Thread:21072 | [NetworkManager::fetchOperationGclForNode] | Start operational GCL fetch for node: vstsn03
[2026-04-17 02:35:44.832136] | Thread:20657 | [NetconfSession::getData] | Start data fetch with XPath: /ietf-interfaces:interfaces/interface/ieee802-dot1q-bridge:bridge-port/ieee802-dot1q-sched-bridge:gate-parameter-table
[2026-04-17 02:35:44.898759] | Thread:20657 | [NetconfSession::getData] | Got return for path: /ietf-interfaces:interfaces/interface/ieee802-dot1q-bridge:bridge-port/ieee802-dot1q-sched-bridge:gate-parameter-table
[2026-04-17 02:35:44.898956] | Thread:20657 | [GclParser::parseOperationalGclData] | Start operational GCL data parsing
[2026-04-17 02:35:44.899149] | Thread:20657 | [GclParser::parseOperationalGclData] | Finished operational GCL data parsing
[2026-04-17 02:35:44.899264] | Thread:21072 | [NetworkManager::fetchOperationGcl] | Stop operational GCL fetch
[2026-04-17 02:35:44.899307] | Thread:21072 | [CncServiceImpl::SetNodeSchedule] | Finished setting node schedule (with verification) for node: vstsn01
[2026-04-17 02:35:44.899418] | Thread:21074 | [NetworkManager::deployConfigToNode] | Start config deployment for node: vstsn01
[2026-04-17 02:35:44.899576] | Thread:20635 | [NetconfSession::editData] | Start edit-config with XML length: 3260
[2026-04-17 02:35:44.945326] | Thread:20635 | [NetconfSession::editData] | Finished edit-config with XML length: 3260
[2026-04-17 02:35:44.945355] | Thread:20635 | [NetconfSession::commit] | Start commit operation.
[2026-04-17 02:35:44.986816] | Thread:20635 | [NetconfSession::commit] | Finished commit operation.
[2026-04-17 02:35:44.986839] | Thread:20635 | [NetworkManager::deployConfigToNode] | Successfully deployed config for node: vstsn01
[2026-04-17 02:35:44.986923] | Thread:21074 | [CncServiceImpl::SetNodeSchedule] | Finished deploying config to node: vstsn01
[2026-04-17 02:35:44.986968] | Thread:21074 | [NetworkManager::fetchOperationGcl] | Start operational GCL fetch
[2026-04-17 02:35:44.986971] | Thread:21074 | [NetworkManager::fetchOperationGclForNode] | Start operational GCL fetch for node: vstsn01
[2026-04-17 02:35:44.987041] | Thread:20635 | [NetconfSession::getData] | Start data fetch with XPath: /ietf-interfaces:interfaces/interface/ieee802-dot1q-bridge:bridge-port/ieee802-dot1q-sched-bridge:gate-parameter-table
[2026-04-17 02:35:45.095603] | Thread:20635 | [NetconfSession::getData] | Got return for path: /ietf-interfaces:interfaces/interface/ieee802-dot1q-bridge:bridge-port/ieee802-dot1q-sched-bridge:gate-parameter-table
[2026-04-17 02:35:45.095711] | Thread:20635 | [GclParser::parseOperationalGclData] | Start operational GCL data parsing
[2026-04-17 02:35:45.095950] | Thread:20635 | [GclParser::parseOperationalGclData] | Finished operational GCL data parsing
[2026-04-17 02:35:45.096014] | Thread:21074 | [NetworkManager::fetchOperationGclForNode] | Start operational GCL fetch for node: vstsn02
[2026-04-17 02:35:45.096056] | Thread:20646 | [NetconfSession::getData] | Start data fetch with XPath: /ietf-interfaces:interfaces/interface/ieee802-dot1q-bridge:bridge-port/ieee802-dot1q-sched-bridge:gate-parameter-table
[2026-04-17 02:35:45.208845] | Thread:20646 | [NetconfSession::getData] | Got return for path: /ietf-interfaces:interfaces/interface/ieee802-dot1q-bridge:bridge-port/ieee802-dot1q-sched-bridge:gate-parameter-table
[2026-04-17 02:35:45.208995] | Thread:20646 | [GclParser::parseOperationalGclData] | Start operational GCL data parsing
[2026-04-17 02:35:45.209316] | Thread:20646 | [GclParser::parseOperationalGclData] | Finished operational GCL data parsing
[2026-04-17 02:35:45.209399] | Thread:21074 | [NetworkManager::fetchOperationGclForNode] | Start operational GCL fetch for node: vstsn03
[2026-04-17 02:35:45.209454] | Thread:20657 | [NetconfSession::getData] | Start data fetch with XPath: /ietf-interfaces:interfaces/interface/ieee802-dot1q-bridge:bridge-port/ieee802-dot1q-sched-bridge:gate-parameter-table
[2026-04-17 02:35:45.250435] | Thread:20657 | [NetconfSession::getData] | Got return for path: /ietf-interfaces:interfaces/interface/ieee802-dot1q-bridge:bridge-port/ieee802-dot1q-sched-bridge:gate-parameter-table
[2026-04-17 02:35:45.250528] | Thread:20657 | [GclParser::parseOperationalGclData] | Start operational GCL data parsing
[2026-04-17 02:35:45.250666] | Thread:20657 | [GclParser::parseOperationalGclData] | Finished operational GCL data parsing
[2026-04-17 02:35:45.250795] | Thread:21074 | [NetworkManager::fetchOperationGcl] | Stop operational GCL fetch
[2026-04-17 02:35:45.250835] | Thread:21074 | [CncServiceImpl::SetNodeSchedule] | Finished setting node schedule (with verification) for node: vstsn01
[2026-04-17 02:35:45.250933] | Thread:21076 | [NetworkManager::deployConfigToNode] | Start config deployment for node: vstsn01
[2026-04-17 02:35:45.251044] | Thread:20635 | [NetconfSession::editData] | Start edit-config with XML length: 3260
[2026-04-17 02:35:45.282863] | Thread:20635 | [NetconfSession::editData] | Finished edit-config with XML length: 3260
[2026-04-17 02:35:45.282885] | Thread:20635 | [NetconfSession::commit] | Start commit operation.
[2026-04-17 02:35:45.324145] | Thread:20635 | [NetconfSession::commit] | Finished commit operation.
[2026-04-17 02:35:45.324168] | Thread:20635 | [NetworkManager::deployConfigToNode] | Successfully deployed config for node: vstsn01
[2026-04-17 02:35:45.324239] | Thread:21076 | [CncServiceImpl::SetNodeSchedule] | Finished deploying config to node: vstsn01
[2026-04-17 02:35:45.324269] | Thread:21076 | [NetworkManager::fetchOperationGcl] | Start operational GCL fetch
[2026-04-17 02:35:45.324270] | Thread:21076 | [NetworkManager::fetchOperationGclForNode] | Start operational GCL fetch for node: vstsn01
[2026-04-17 02:35:45.324310] | Thread:20635 | [NetconfSession::getData] | Start data fetch with XPath: /ietf-interfaces:interfaces/interface/ieee802-dot1q-bridge:bridge-port/ieee802-dot1q-sched-bridge:gate-parameter-table
[2026-04-17 02:35:45.425026] | Thread:20635 | [NetconfSession::getData] | Got return for path: /ietf-interfaces:interfaces/interface/ieee802-dot1q-bridge:bridge-port/ieee802-dot1q-sched-bridge:gate-parameter-table
[2026-04-17 02:35:45.425135] | Thread:20635 | [GclParser::parseOperationalGclData] | Start operational GCL data parsing
[2026-04-17 02:35:45.425385] | Thread:20635 | [GclParser::parseOperationalGclData] | Finished operational GCL data parsing
[2026-04-17 02:35:45.425455] | Thread:21076 | [NetworkManager::fetchOperationGclForNode] | Start operational GCL fetch for node: vstsn02
[2026-04-17 02:35:45.425548] | Thread:20646 | [NetconfSession::getData] | Start data fetch with XPath: /ietf-interfaces:interfaces/interface/ieee802-dot1q-bridge:bridge-port/ieee802-dot1q-sched-bridge:gate-parameter-table
[2026-04-17 02:35:45.499987] | Thread:20646 | [NetconfSession::getData] | Got return for path: /ietf-interfaces:interfaces/interface/ieee802-dot1q-bridge:bridge-port/ieee802-dot1q-sched-bridge:gate-parameter-table
[2026-04-17 02:35:45.500198] | Thread:20646 | [GclParser::parseOperationalGclData] | Start operational GCL data parsing
[2026-04-17 02:35:45.500509] | Thread:20646 | [GclParser::parseOperationalGclData] | Finished operational GCL data parsing
[2026-04-17 02:35:45.500647] | Thread:21076 | [NetworkManager::fetchOperationGclForNode] | Start operational GCL fetch for node: vstsn03
[2026-04-17 02:35:45.500688] | Thread:20657 | [NetconfSession::getData] | Start data fetch with XPath: /ietf-interfaces:interfaces/interface/ieee802-dot1q-bridge:bridge-port/ieee802-dot1q-sched-bridge:gate-parameter-table
[2026-04-17 02:35:45.538470] | Thread:20657 | [NetconfSession::getData] | Got return for path: /ietf-interfaces:interfaces/interface/ieee802-dot1q-bridge:bridge-port/ieee802-dot1q-sched-bridge:gate-parameter-table
[2026-04-17 02:35:45.538571] | Thread:20657 | [GclParser::parseOperationalGclData] | Start operational GCL data parsing
[2026-04-17 02:35:45.538718] | Thread:20657 | [GclParser::parseOperationalGclData] | Finished operational GCL data parsing
[2026-04-17 02:35:45.538818] | Thread:21076 | [NetworkManager::fetchOperationGcl] | Stop operational GCL fetch
[2026-04-17 02:35:45.538860] | Thread:21076 | [CncServiceImpl::SetNodeSchedule] | Finished setting node schedule (with verification) for node: vstsn01
[2026-04-17 02:35:45.538964] | Thread:21078 | [NetworkManager::deployConfigToNode] | Start config deployment for node: vstsn01
[2026-04-17 02:35:45.539065] | Thread:20635 | [NetconfSession::editData] | Start edit-config with XML length: 3260
[2026-04-17 02:35:45.567445] | Thread:20635 | [NetconfSession::editData] | Finished edit-config with XML length: 3260
[2026-04-17 02:35:45.567471] | Thread:20635 | [NetconfSession::commit] | Start commit operation.
[2026-04-17 02:35:45.608598] | Thread:20635 | [NetconfSession::commit] | Finished commit operation.
[2026-04-17 02:35:45.608629] | Thread:20635 | [NetworkManager::deployConfigToNode] | Successfully deployed config for node: vstsn01
[2026-04-17 02:35:45.608732] | Thread:21078 | [CncServiceImpl::SetNodeSchedule] | Finished deploying config to node: vstsn01
[2026-04-17 02:35:45.608862] | Thread:21078 | [NetworkManager::fetchOperationGcl] | Start operational GCL fetch
[2026-04-17 02:35:45.608908] | Thread:21078 | [NetworkManager::fetchOperationGclForNode] | Start operational GCL fetch for node: vstsn01
[2026-04-17 02:35:45.608994] | Thread:20635 | [NetconfSession::getData] | Start data fetch with XPath: /ietf-interfaces:interfaces/interface/ieee802-dot1q-bridge:bridge-port/ieee802-dot1q-sched-bridge:gate-parameter-table
[2026-04-17 02:35:45.714397] | Thread:20635 | [NetconfSession::getData] | Got return for path: /ietf-interfaces:interfaces/interface/ieee802-dot1q-bridge:bridge-port/ieee802-dot1q-sched-bridge:gate-parameter-table
[2026-04-17 02:35:45.714636] | Thread:20635 | [GclParser::parseOperationalGclData] | Start operational GCL data parsing
[2026-04-17 02:35:45.714915] | Thread:20635 | [GclParser::parseOperationalGclData] | Finished operational GCL data parsing
[2026-04-17 02:35:45.715027] | Thread:21078 | [NetworkManager::fetchOperationGclForNode] | Start operational GCL fetch for node: vstsn02
[2026-04-17 02:35:45.715103] | Thread:20646 | [NetconfSession::getData] | Start data fetch with XPath: /ietf-interfaces:interfaces/interface/ieee802-dot1q-bridge:bridge-port/ieee802-dot1q-sched-bridge:gate-parameter-table
[2026-04-17 02:35:45.789777] | Thread:20646 | [NetconfSession::getData] | Got return for path: /ietf-interfaces:interfaces/interface/ieee802-dot1q-bridge:bridge-port/ieee802-dot1q-sched-bridge:gate-parameter-table
[2026-04-17 02:35:45.790043] | Thread:20646 | [GclParser::parseOperationalGclData] | Start operational GCL data parsing
[2026-04-17 02:35:45.790524] | Thread:20646 | [GclParser::parseOperationalGclData] | Finished operational GCL data parsing
[2026-04-17 02:35:45.790658] | Thread:21078 | [NetworkManager::fetchOperationGclForNode] | Start operational GCL fetch for node: vstsn03
[2026-04-17 02:35:45.790717] | Thread:20657 | [NetconfSession::getData] | Start data fetch with XPath: /ietf-interfaces:interfaces/interface/ieee802-dot1q-bridge:bridge-port/ieee802-dot1q-sched-bridge:gate-parameter-table
[2026-04-17 02:35:45.828690] | Thread:20657 | [NetconfSession::getData] | Got return for path: /ietf-interfaces:interfaces/interface/ieee802-dot1q-bridge:bridge-port/ieee802-dot1q-sched-bridge:gate-parameter-table
[2026-04-17 02:35:45.828845] | Thread:20657 | [GclParser::parseOperationalGclData] | Start operational GCL data parsing
[2026-04-17 02:35:45.828999] | Thread:20657 | [GclParser::parseOperationalGclData] | Finished operational GCL data parsing
[2026-04-17 02:35:45.829067] | Thread:21078 | [NetworkManager::fetchOperationGcl] | Stop operational GCL fetch
[2026-04-17 02:35:45.829127] | Thread:21078 | [CncServiceImpl::SetNodeSchedule] | Finished setting node schedule (with verification) for node: vstsn01
[2026-04-17 02:35:45.829179] | Thread:21080 | [NetworkManager::deployConfigToNode] | Start config deployment for node: vstsn01
[2026-04-17 02:35:45.829296] | Thread:20635 | [NetconfSession::editData] | Start edit-config with XML length: 3260
[2026-04-17 02:35:45.859427] | Thread:20635 | [NetconfSession::editData] | Finished edit-config with XML length: 3260
[2026-04-17 02:35:45.859454] | Thread:20635 | [NetconfSession::commit] | Start commit operation.
[2026-04-17 02:35:45.900092] | Thread:20635 | [NetconfSession::commit] | Finished commit operation.
[2026-04-17 02:35:45.900123] | Thread:20635 | [NetworkManager::deployConfigToNode] | Successfully deployed config for node: vstsn01
[2026-04-17 02:35:45.900171] | Thread:21080 | [CncServiceImpl::SetNodeSchedule] | Finished deploying config to node: vstsn01
[2026-04-17 02:35:45.900216] | Thread:21080 | [NetworkManager::fetchOperationGcl] | Start operational GCL fetch
[2026-04-17 02:35:45.900233] | Thread:21080 | [NetworkManager::fetchOperationGclForNode] | Start operational GCL fetch for node: vstsn01
[2026-04-17 02:35:45.900274] | Thread:20635 | [NetconfSession::getData] | Start data fetch with XPath: /ietf-interfaces:interfaces/interface/ieee802-dot1q-bridge:bridge-port/ieee802-dot1q-sched-bridge:gate-parameter-table
[2026-04-17 02:35:45.999088] | Thread:20635 | [NetconfSession::getData] | Got return for path: /ietf-interfaces:interfaces/interface/ieee802-dot1q-bridge:bridge-port/ieee802-dot1q-sched-bridge:gate-parameter-table
[2026-04-17 02:35:45.999186] | Thread:20635 | [GclParser::parseOperationalGclData] | Start operational GCL data parsing
[2026-04-17 02:35:45.999392] | Thread:20635 | [GclParser::parseOperationalGclData] | Finished operational GCL data parsing
[2026-04-17 02:35:45.999483] | Thread:21080 | [NetworkManager::fetchOperationGclForNode] | Start operational GCL fetch for node: vstsn02
[2026-04-17 02:35:45.999591] | Thread:20646 | [NetconfSession::getData] | Start data fetch with XPath: /ietf-interfaces:interfaces/interface/ieee802-dot1q-bridge:bridge-port/ieee802-dot1q-sched-bridge:gate-parameter-table
[2026-04-17 02:35:46.078002] | Thread:20646 | [NetconfSession::getData] | Got return for path: /ietf-interfaces:interfaces/interface/ieee802-dot1q-bridge:bridge-port/ieee802-dot1q-sched-bridge:gate-parameter-table
[2026-04-17 02:35:46.078571] | Thread:20646 | [GclParser::parseOperationalGclData] | Start operational GCL data parsing
[2026-04-17 02:35:46.079816] | Thread:20646 | [GclParser::parseOperationalGclData] | Finished operational GCL data parsing
[2026-04-17 02:35:46.080012] | Thread:21080 | [NetworkManager::fetchOperationGclForNode] | Start operational GCL fetch for node: vstsn03
[2026-04-17 02:35:46.080113] | Thread:20657 | [NetconfSession::getData] | Start data fetch with XPath: /ietf-interfaces:interfaces/interface/ieee802-dot1q-bridge:bridge-port/ieee802-dot1q-sched-bridge:gate-parameter-table
[2026-04-17 02:35:46.118241] | Thread:20657 | [NetconfSession::getData] | Got return for path: /ietf-interfaces:interfaces/interface/ieee802-dot1q-bridge:bridge-port/ieee802-dot1q-sched-bridge:gate-parameter-table
[2026-04-17 02:35:46.118564] | Thread:20657 | [GclParser::parseOperationalGclData] | Start operational GCL data parsing
[2026-04-17 02:35:46.118998] | Thread:20657 | [GclParser::parseOperationalGclData] | Finished operational GCL data parsing
[2026-04-17 02:35:46.119134] | Thread:21080 | [NetworkManager::fetchOperationGcl] | Stop operational GCL fetch
[2026-04-17 02:35:46.119227] | Thread:21080 | [CncServiceImpl::SetNodeSchedule] | Finished setting node schedule (with verification) for node: vstsn01
[2026-04-17 02:35:46.119392] | Thread:21082 | [NetworkManager::deployConfigToNode] | Start config deployment for node: vstsn01
[2026-04-17 02:35:46.119683] | Thread:20635 | [NetconfSession::editData] | Start edit-config with XML length: 3260
[2026-04-17 02:35:46.149734] | Thread:20635 | [NetconfSession::editData] | Finished edit-config with XML length: 3260
[2026-04-17 02:35:46.149782] | Thread:20635 | [NetconfSession::commit] | Start commit operation.
[2026-04-17 02:35:46.194689] | Thread:20635 | [NetconfSession::commit] | Finished commit operation.
[2026-04-17 02:35:46.194765] | Thread:20635 | [NetworkManager::deployConfigToNode] | Successfully deployed config for node: vstsn01
[2026-04-17 02:35:46.194843] | Thread:21082 | [CncServiceImpl::SetNodeSchedule] | Finished deploying config to node: vstsn01
[2026-04-17 02:35:46.194897] | Thread:21082 | [NetworkManager::fetchOperationGcl] | Start operational GCL fetch
[2026-04-17 02:35:46.194906] | Thread:21082 | [NetworkManager::fetchOperationGclForNode] | Start operational GCL fetch for node: vstsn01
[2026-04-17 02:35:46.194982] | Thread:20635 | [NetconfSession::getData] | Start data fetch with XPath: /ietf-interfaces:interfaces/interface/ieee802-dot1q-bridge:bridge-port/ieee802-dot1q-sched-bridge:gate-parameter-table
[2026-04-17 02:35:46.298695] | Thread:20635 | [NetconfSession::getData] | Got return for path: /ietf-interfaces:interfaces/interface/ieee802-dot1q-bridge:bridge-port/ieee802-dot1q-sched-bridge:gate-parameter-table
[2026-04-17 02:35:46.298820] | Thread:20635 | [GclParser::parseOperationalGclData] | Start operational GCL data parsing
[2026-04-17 02:35:46.299157] | Thread:20635 | [GclParser::parseOperationalGclData] | Finished operational GCL data parsing
[2026-04-17 02:35:46.299250] | Thread:21082 | [NetworkManager::fetchOperationGclForNode] | Start operational GCL fetch for node: vstsn02
[2026-04-17 02:35:46.299305] | Thread:20646 | [NetconfSession::getData] | Start data fetch with XPath: /ietf-interfaces:interfaces/interface/ieee802-dot1q-bridge:bridge-port/ieee802-dot1q-sched-bridge:gate-parameter-table
[2026-04-17 02:35:46.374318] | Thread:20646 | [NetconfSession::getData] | Got return for path: /ietf-interfaces:interfaces/interface/ieee802-dot1q-bridge:bridge-port/ieee802-dot1q-sched-bridge:gate-parameter-table
[2026-04-17 02:35:46.374476] | Thread:20646 | [GclParser::parseOperationalGclData] | Start operational GCL data parsing
[2026-04-17 02:35:46.374831] | Thread:20646 | [GclParser::parseOperationalGclData] | Finished operational GCL data parsing
[2026-04-17 02:35:46.374922] | Thread:21082 | [NetworkManager::fetchOperationGclForNode] | Start operational GCL fetch for node: vstsn03
[2026-04-17 02:35:46.374958] | Thread:20657 | [NetconfSession::getData] | Start data fetch with XPath: /ietf-interfaces:interfaces/interface/ieee802-dot1q-bridge:bridge-port/ieee802-dot1q-sched-bridge:gate-parameter-table
[2026-04-17 02:35:46.413831] | Thread:20657 | [NetconfSession::getData] | Got return for path: /ietf-interfaces:interfaces/interface/ieee802-dot1q-bridge:bridge-port/ieee802-dot1q-sched-bridge:gate-parameter-table
[2026-04-17 02:35:46.414006] | Thread:20657 | [GclParser::parseOperationalGclData] | Start operational GCL data parsing
[2026-04-17 02:35:46.414286] | Thread:20657 | [GclParser::parseOperationalGclData] | Finished operational GCL data parsing
[2026-04-17 02:35:46.414496] | Thread:21082 | [NetworkManager::fetchOperationGcl] | Stop operational GCL fetch
[2026-04-17 02:35:46.414583] | Thread:21082 | [CncServiceImpl::SetNodeSchedule] | Finished setting node schedule (with verification) for node: vstsn01
[2026-04-17 02:35:46.414662] | Thread:21084 | [NetworkManager::deployConfigToNode] | Start config deployment for node: vstsn01
[2026-04-17 02:35:46.414774] | Thread:20635 | [NetconfSession::editData] | Start edit-config with XML length: 3260
[2026-04-17 02:35:46.443914] | Thread:20635 | [NetconfSession::editData] | Finished edit-config with XML length: 3260
[2026-04-17 02:35:46.443937] | Thread:20635 | [NetconfSession::commit] | Start commit operation.
[2026-04-17 02:35:46.484529] | Thread:20635 | [NetconfSession::commit] | Finished commit operation.
[2026-04-17 02:35:46.484565] | Thread:20635 | [NetworkManager::deployConfigToNode] | Successfully deployed config for node: vstsn01
[2026-04-17 02:35:46.484641] | Thread:21084 | [CncServiceImpl::SetNodeSchedule] | Finished deploying config to node: vstsn01
[2026-04-17 02:35:46.484692] | Thread:21084 | [NetworkManager::fetchOperationGcl] | Start operational GCL fetch
[2026-04-17 02:35:46.484694] | Thread:21084 | [NetworkManager::fetchOperationGclForNode] | Start operational GCL fetch for node: vstsn01
[2026-04-17 02:35:46.484779] | Thread:20635 | [NetconfSession::getData] | Start data fetch with XPath: /ietf-interfaces:interfaces/interface/ieee802-dot1q-bridge:bridge-port/ieee802-dot1q-sched-bridge:gate-parameter-table
[2026-04-17 02:35:46.590915] | Thread:20635 | [NetconfSession::getData] | Got return for path: /ietf-interfaces:interfaces/interface/ieee802-dot1q-bridge:bridge-port/ieee802-dot1q-sched-bridge:gate-parameter-table
[2026-04-17 02:35:46.591017] | Thread:20635 | [GclParser::parseOperationalGclData] | Start operational GCL data parsing
[2026-04-17 02:35:46.591253] | Thread:20635 | [GclParser::parseOperationalGclData] | Finished operational GCL data parsing
[2026-04-17 02:35:46.591379] | Thread:21084 | [NetworkManager::fetchOperationGclForNode] | Start operational GCL fetch for node: vstsn02
[2026-04-17 02:35:46.591500] | Thread:20646 | [NetconfSession::getData] | Start data fetch with XPath: /ietf-interfaces:interfaces/interface/ieee802-dot1q-bridge:bridge-port/ieee802-dot1q-sched-bridge:gate-parameter-table
[2026-04-17 02:35:46.671461] | Thread:20646 | [NetconfSession::getData] | Got return for path: /ietf-interfaces:interfaces/interface/ieee802-dot1q-bridge:bridge-port/ieee802-dot1q-sched-bridge:gate-parameter-table
[2026-04-17 02:35:46.671624] | Thread:20646 | [GclParser::parseOperationalGclData] | Start operational GCL data parsing
[2026-04-17 02:35:46.672051] | Thread:20646 | [GclParser::parseOperationalGclData] | Finished operational GCL data parsing
[2026-04-17 02:35:46.672129] | Thread:21084 | [NetworkManager::fetchOperationGclForNode] | Start operational GCL fetch for node: vstsn03
[2026-04-17 02:35:46.672187] | Thread:20657 | [NetconfSession::getData] | Start data fetch with XPath: /ietf-interfaces:interfaces/interface/ieee802-dot1q-bridge:bridge-port/ieee802-dot1q-sched-bridge:gate-parameter-table
[2026-04-17 02:35:46.712769] | Thread:20657 | [NetconfSession::getData] | Got return for path: /ietf-interfaces:interfaces/interface/ieee802-dot1q-bridge:bridge-port/ieee802-dot1q-sched-bridge:gate-parameter-table
[2026-04-17 02:35:46.712897] | Thread:20657 | [GclParser::parseOperationalGclData] | Start operational GCL data parsing
[2026-04-17 02:35:46.713082] | Thread:20657 | [GclParser::parseOperationalGclData] | Finished operational GCL data parsing
[2026-04-17 02:35:46.713174] | Thread:21084 | [NetworkManager::fetchOperationGcl] | Stop operational GCL fetch
[2026-04-17 02:35:46.713221] | Thread:21084 | [CncServiceImpl::SetNodeSchedule] | Finished setting node schedule (with verification) for node: vstsn01
[2026-04-17 02:35:46.713265] | Thread:21086 | [NetworkManager::deployConfigToNode] | Start config deployment for node: vstsn01
[2026-04-17 02:35:46.713410] | Thread:20635 | [NetconfSession::editData] | Start edit-config with XML length: 3260
[2026-04-17 02:35:46.743483] | Thread:20635 | [NetconfSession::editData] | Finished edit-config with XML length: 3260
[2026-04-17 02:35:46.743528] | Thread:20635 | [NetconfSession::commit] | Start commit operation.
[2026-04-17 02:35:46.784285] | Thread:20635 | [NetconfSession::commit] | Finished commit operation.
[2026-04-17 02:35:46.784310] | Thread:20635 | [NetworkManager::deployConfigToNode] | Successfully deployed config for node: vstsn01
[2026-04-17 02:35:46.784374] | Thread:21086 | [CncServiceImpl::SetNodeSchedule] | Finished deploying config to node: vstsn01
[2026-04-17 02:35:46.784400] | Thread:21086 | [NetworkManager::fetchOperationGcl] | Start operational GCL fetch
[2026-04-17 02:35:46.784403] | Thread:21086 | [NetworkManager::fetchOperationGclForNode] | Start operational GCL fetch for node: vstsn01
[2026-04-17 02:35:46.784439] | Thread:20635 | [NetconfSession::getData] | Start data fetch with XPath: /ietf-interfaces:interfaces/interface/ieee802-dot1q-bridge:bridge-port/ieee802-dot1q-sched-bridge:gate-parameter-table
[2026-04-17 02:35:46.890178] | Thread:20635 | [NetconfSession::getData] | Got return for path: /ietf-interfaces:interfaces/interface/ieee802-dot1q-bridge:bridge-port/ieee802-dot1q-sched-bridge:gate-parameter-table
[2026-04-17 02:35:46.890308] | Thread:20635 | [GclParser::parseOperationalGclData] | Start operational GCL data parsing
[2026-04-17 02:35:46.890561] | Thread:20635 | [GclParser::parseOperationalGclData] | Finished operational GCL data parsing
[2026-04-17 02:35:46.890738] | Thread:21086 | [NetworkManager::fetchOperationGclForNode] | Start operational GCL fetch for node: vstsn02
[2026-04-17 02:35:46.890862] | Thread:20646 | [NetconfSession::getData] | Start data fetch with XPath: /ietf-interfaces:interfaces/interface/ieee802-dot1q-bridge:bridge-port/ieee802-dot1q-sched-bridge:gate-parameter-table
[2026-04-17 02:35:46.972163] | Thread:20646 | [NetconfSession::getData] | Got return for path: /ietf-interfaces:interfaces/interface/ieee802-dot1q-bridge:bridge-port/ieee802-dot1q-sched-bridge:gate-parameter-table
[2026-04-17 02:35:46.972312] | Thread:20646 | [GclParser::parseOperationalGclData] | Start operational GCL data parsing
[2026-04-17 02:35:46.972624] | Thread:20646 | [GclParser::parseOperationalGclData] | Finished operational GCL data parsing
[2026-04-17 02:35:46.972754] | Thread:21086 | [NetworkManager::fetchOperationGclForNode] | Start operational GCL fetch for node: vstsn03
[2026-04-17 02:35:46.972830] | Thread:20657 | [NetconfSession::getData] | Start data fetch with XPath: /ietf-interfaces:interfaces/interface/ieee802-dot1q-bridge:bridge-port/ieee802-dot1q-sched-bridge:gate-parameter-table
[2026-04-17 02:35:47.008263] | Thread:20657 | [NetconfSession::getData] | Got return for path: /ietf-interfaces:interfaces/interface/ieee802-dot1q-bridge:bridge-port/ieee802-dot1q-sched-bridge:gate-parameter-table
[2026-04-17 02:35:47.008430] | Thread:20657 | [GclParser::parseOperationalGclData] | Start operational GCL data parsing
[2026-04-17 02:35:47.008573] | Thread:20657 | [GclParser::parseOperationalGclData] | Finished operational GCL data parsing
[2026-04-17 02:35:47.008739] | Thread:21086 | [NetworkManager::fetchOperationGcl] | Stop operational GCL fetch
[2026-04-17 02:35:47.008779] | Thread:21086 | [CncServiceImpl::SetNodeSchedule] | Finished setting node schedule (with verification) for node: vstsn01
[2026-04-17 02:35:47.008879] | Thread:21088 | [NetworkManager::deployConfigToNode] | Start config deployment for node: vstsn01
[2026-04-17 02:35:47.009074] | Thread:20635 | [NetconfSession::editData] | Start edit-config with XML length: 3260
[2026-04-17 02:35:47.037217] | Thread:20635 | [NetconfSession::editData] | Finished edit-config with XML length: 3260
[2026-04-17 02:35:47.037255] | Thread:20635 | [NetconfSession::commit] | Start commit operation.
[2026-04-17 02:35:47.076606] | Thread:20635 | [NetconfSession::commit] | Finished commit operation.
[2026-04-17 02:35:47.076634] | Thread:20635 | [NetworkManager::deployConfigToNode] | Successfully deployed config for node: vstsn01
[2026-04-17 02:35:47.076795] | Thread:21088 | [CncServiceImpl::SetNodeSchedule] | Finished deploying config to node: vstsn01
[2026-04-17 02:35:47.076868] | Thread:21088 | [NetworkManager::fetchOperationGcl] | Start operational GCL fetch
[2026-04-17 02:35:47.076870] | Thread:21088 | [NetworkManager::fetchOperationGclForNode] | Start operational GCL fetch for node: vstsn01
[2026-04-17 02:35:47.076953] | Thread:20635 | [NetconfSession::getData] | Start data fetch with XPath: /ietf-interfaces:interfaces/interface/ieee802-dot1q-bridge:bridge-port/ieee802-dot1q-sched-bridge:gate-parameter-table
[2026-04-17 02:35:47.184827] | Thread:20635 | [NetconfSession::getData] | Got return for path: /ietf-interfaces:interfaces/interface/ieee802-dot1q-bridge:bridge-port/ieee802-dot1q-sched-bridge:gate-parameter-table
[2026-04-17 02:35:47.184935] | Thread:20635 | [GclParser::parseOperationalGclData] | Start operational GCL data parsing
[2026-04-17 02:35:47.185174] | Thread:20635 | [GclParser::parseOperationalGclData] | Finished operational GCL data parsing
[2026-04-17 02:35:47.185255] | Thread:21088 | [NetworkManager::fetchOperationGclForNode] | Start operational GCL fetch for node: vstsn02
[2026-04-17 02:35:47.185295] | Thread:20646 | [NetconfSession::getData] | Start data fetch with XPath: /ietf-interfaces:interfaces/interface/ieee802-dot1q-bridge:bridge-port/ieee802-dot1q-sched-bridge:gate-parameter-table
[2026-04-17 02:35:47.263482] | Thread:20646 | [NetconfSession::getData] | Got return for path: /ietf-interfaces:interfaces/interface/ieee802-dot1q-bridge:bridge-port/ieee802-dot1q-sched-bridge:gate-parameter-table
[2026-04-17 02:35:47.263640] | Thread:20646 | [GclParser::parseOperationalGclData] | Start operational GCL data parsing
[2026-04-17 02:35:47.263998] | Thread:20646 | [GclParser::parseOperationalGclData] | Finished operational GCL data parsing
[2026-04-17 02:35:47.264179] | Thread:21088 | [NetworkManager::fetchOperationGclForNode] | Start operational GCL fetch for node: vstsn03
[2026-04-17 02:35:47.264246] | Thread:20657 | [NetconfSession::getData] | Start data fetch with XPath: /ietf-interfaces:interfaces/interface/ieee802-dot1q-bridge:bridge-port/ieee802-dot1q-sched-bridge:gate-parameter-table
[2026-04-17 02:35:47.302183] | Thread:20657 | [NetconfSession::getData] | Got return for path: /ietf-interfaces:interfaces/interface/ieee802-dot1q-bridge:bridge-port/ieee802-dot1q-sched-bridge:gate-parameter-table
[2026-04-17 02:35:47.302296] | Thread:20657 | [GclParser::parseOperationalGclData] | Start operational GCL data parsing
[2026-04-17 02:35:47.302457] | Thread:20657 | [GclParser::parseOperationalGclData] | Finished operational GCL data parsing
[2026-04-17 02:35:47.302632] | Thread:21088 | [NetworkManager::fetchOperationGcl] | Stop operational GCL fetch
[2026-04-17 02:35:47.302673] | Thread:21088 | [CncServiceImpl::SetNodeSchedule] | Finished setting node schedule (with verification) for node: vstsn01
[2026-04-17 02:35:47.302741] | Thread:21089 | [NetworkManager::deployConfigToNode] | Start config deployment for node: vstsn01
[2026-04-17 02:35:47.302886] | Thread:20635 | [NetconfSession::editData] | Start edit-config with XML length: 3260
[2026-04-17 02:35:47.332091] | Thread:20635 | [NetconfSession::editData] | Finished edit-config with XML length: 3260
[2026-04-17 02:35:47.332115] | Thread:20635 | [NetconfSession::commit] | Start commit operation.
[2026-04-17 02:35:47.374037] | Thread:20635 | [NetconfSession::commit] | Finished commit operation.
[2026-04-17 02:35:47.374070] | Thread:20635 | [NetworkManager::deployConfigToNode] | Successfully deployed config for node: vstsn01
[2026-04-17 02:35:47.374255] | Thread:21089 | [CncServiceImpl::SetNodeSchedule] | Finished deploying config to node: vstsn01
[2026-04-17 02:35:47.374340] | Thread:21089 | [NetworkManager::fetchOperationGcl] | Start operational GCL fetch
[2026-04-17 02:35:47.374366] | Thread:21089 | [NetworkManager::fetchOperationGclForNode] | Start operational GCL fetch for node: vstsn01
[2026-04-17 02:35:47.374484] | Thread:20635 | [NetconfSession::getData] | Start data fetch with XPath: /ietf-interfaces:interfaces/interface/ieee802-dot1q-bridge:bridge-port/ieee802-dot1q-sched-bridge:gate-parameter-table
[2026-04-17 02:35:47.473760] | Thread:20635 | [NetconfSession::getData] | Got return for path: /ietf-interfaces:interfaces/interface/ieee802-dot1q-bridge:bridge-port/ieee802-dot1q-sched-bridge:gate-parameter-table
[2026-04-17 02:35:47.473894] | Thread:20635 | [GclParser::parseOperationalGclData] | Start operational GCL data parsing
[2026-04-17 02:35:47.474309] | Thread:20635 | [GclParser::parseOperationalGclData] | Finished operational GCL data parsing
[2026-04-17 02:35:47.474441] | Thread:21089 | [NetworkManager::fetchOperationGclForNode] | Start operational GCL fetch for node: vstsn02
[2026-04-17 02:35:47.474524] | Thread:20646 | [NetconfSession::getData] | Start data fetch with XPath: /ietf-interfaces:interfaces/interface/ieee802-dot1q-bridge:bridge-port/ieee802-dot1q-sched-bridge:gate-parameter-table
[2026-04-17 02:35:47.555098] | Thread:20646 | [NetconfSession::getData] | Got return for path: /ietf-interfaces:interfaces/interface/ieee802-dot1q-bridge:bridge-port/ieee802-dot1q-sched-bridge:gate-parameter-table
[2026-04-17 02:35:47.555243] | Thread:20646 | [GclParser::parseOperationalGclData] | Start operational GCL data parsing
[2026-04-17 02:35:47.555530] | Thread:20646 | [GclParser::parseOperationalGclData] | Finished operational GCL data parsing
[2026-04-17 02:35:47.555719] | Thread:21089 | [NetworkManager::fetchOperationGclForNode] | Start operational GCL fetch for node: vstsn03
[2026-04-17 02:35:47.555833] | Thread:20657 | [NetconfSession::getData] | Start data fetch with XPath: /ietf-interfaces:interfaces/interface/ieee802-dot1q-bridge:bridge-port/ieee802-dot1q-sched-bridge:gate-parameter-table
[2026-04-17 02:35:47.594151] | Thread:20657 | [NetconfSession::getData] | Got return for path: /ietf-interfaces:interfaces/interface/ieee802-dot1q-bridge:bridge-port/ieee802-dot1q-sched-bridge:gate-parameter-table
[2026-04-17 02:35:47.594267] | Thread:20657 | [GclParser::parseOperationalGclData] | Start operational GCL data parsing
[2026-04-17 02:35:47.594420] | Thread:20657 | [GclParser::parseOperationalGclData] | Finished operational GCL data parsing
[2026-04-17 02:35:47.594476] | Thread:21089 | [NetworkManager::fetchOperationGcl] | Stop operational GCL fetch
[2026-04-17 02:35:47.594530] | Thread:21089 | [CncServiceImpl::SetNodeSchedule] | Finished setting node schedule (with verification) for node: vstsn01
[2026-04-17 02:35:47.594624] | Thread:20876 | [NetworkManager::deployConfigToNode] | Start config deployment for node: vstsn01
[2026-04-17 02:35:47.595031] | Thread:20635 | [NetconfSession::editData] | Start edit-config with XML length: 3260
[2026-04-17 02:35:47.623705] | Thread:20635 | [NetconfSession::editData] | Finished edit-config with XML length: 3260
[2026-04-17 02:35:47.623747] | Thread:20635 | [NetconfSession::commit] | Start commit operation.
[2026-04-17 02:35:47.664437] | Thread:20635 | [NetconfSession::commit] | Finished commit operation.
[2026-04-17 02:35:47.664464] | Thread:20635 | [NetworkManager::deployConfigToNode] | Successfully deployed config for node: vstsn01
[2026-04-17 02:35:47.664515] | Thread:20876 | [CncServiceImpl::SetNodeSchedule] | Finished deploying config to node: vstsn01
[2026-04-17 02:35:47.664564] | Thread:20876 | [NetworkManager::fetchOperationGcl] | Start operational GCL fetch
[2026-04-17 02:35:47.664581] | Thread:20876 | [NetworkManager::fetchOperationGclForNode] | Start operational GCL fetch for node: vstsn01
[2026-04-17 02:35:47.664615] | Thread:20635 | [NetconfSession::getData] | Start data fetch with XPath: /ietf-interfaces:interfaces/interface/ieee802-dot1q-bridge:bridge-port/ieee802-dot1q-sched-bridge:gate-parameter-table
[2026-04-17 02:35:47.768893] | Thread:20635 | [NetconfSession::getData] | Got return for path: /ietf-interfaces:interfaces/interface/ieee802-dot1q-bridge:bridge-port/ieee802-dot1q-sched-bridge:gate-parameter-table
[2026-04-17 02:35:47.769072] | Thread:20635 | [GclParser::parseOperationalGclData] | Start operational GCL data parsing
[2026-04-17 02:35:47.769437] | Thread:20635 | [GclParser::parseOperationalGclData] | Finished operational GCL data parsing
[2026-04-17 02:35:47.769539] | Thread:20876 | [NetworkManager::fetchOperationGclForNode] | Start operational GCL fetch for node: vstsn02
[2026-04-17 02:35:47.769750] | Thread:20646 | [NetconfSession::getData] | Start data fetch with XPath: /ietf-interfaces:interfaces/interface/ieee802-dot1q-bridge:bridge-port/ieee802-dot1q-sched-bridge:gate-parameter-table
[2026-04-17 02:35:47.864014] | Thread:20646 | [NetconfSession::getData] | Got return for path: /ietf-interfaces:interfaces/interface/ieee802-dot1q-bridge:bridge-port/ieee802-dot1q-sched-bridge:gate-parameter-table
[2026-04-17 02:35:47.864269] | Thread:20646 | [GclParser::parseOperationalGclData] | Start operational GCL data parsing
[2026-04-17 02:35:47.864749] | Thread:20646 | [GclParser::parseOperationalGclData] | Finished operational GCL data parsing
[2026-04-17 02:35:47.864908] | Thread:20876 | [NetworkManager::fetchOperationGclForNode] | Start operational GCL fetch for node: vstsn03
[2026-04-17 02:35:47.864957] | Thread:20657 | [NetconfSession::getData] | Start data fetch with XPath: /ietf-interfaces:interfaces/interface/ieee802-dot1q-bridge:bridge-port/ieee802-dot1q-sched-bridge:gate-parameter-table
[2026-04-17 02:35:47.910597] | Thread:20657 | [NetconfSession::getData] | Got return for path: /ietf-interfaces:interfaces/interface/ieee802-dot1q-bridge:bridge-port/ieee802-dot1q-sched-bridge:gate-parameter-table
[2026-04-17 02:35:47.910742] | Thread:20657 | [GclParser::parseOperationalGclData] | Start operational GCL data parsing
[2026-04-17 02:35:47.911015] | Thread:20657 | [GclParser::parseOperationalGclData] | Finished operational GCL data parsing
[2026-04-17 02:35:47.911096] | Thread:20876 | [NetworkManager::fetchOperationGcl] | Stop operational GCL fetch
[2026-04-17 02:35:47.911136] | Thread:20876 | [CncServiceImpl::SetNodeSchedule] | Finished setting node schedule (with verification) for node: vstsn01
[2026-04-17 02:35:47.911236] | Thread:21094 | [NetworkManager::deployConfigToNode] | Start config deployment for node: vstsn01
[2026-04-17 02:35:47.911353] | Thread:20635 | [NetconfSession::editData] | Start edit-config with XML length: 3260
[2026-04-17 02:35:47.948278] | Thread:20635 | [NetconfSession::editData] | Finished edit-config with XML length: 3260
[2026-04-17 02:35:47.948308] | Thread:20635 | [NetconfSession::commit] | Start commit operation.
[2026-04-17 02:35:47.987779] | Thread:20635 | [NetconfSession::commit] | Finished commit operation.
[2026-04-17 02:35:47.987804] | Thread:20635 | [NetworkManager::deployConfigToNode] | Successfully deployed config for node: vstsn01
[2026-04-17 02:35:47.987853] | Thread:21094 | [CncServiceImpl::SetNodeSchedule] | Finished deploying config to node: vstsn01
[2026-04-17 02:35:47.987899] | Thread:21094 | [NetworkManager::fetchOperationGcl] | Start operational GCL fetch
[2026-04-17 02:35:47.987901] | Thread:21094 | [NetworkManager::fetchOperationGclForNode] | Start operational GCL fetch for node: vstsn01
[2026-04-17 02:35:47.987940] | Thread:20635 | [NetconfSession::getData] | Start data fetch with XPath: /ietf-interfaces:interfaces/interface/ieee802-dot1q-bridge:bridge-port/ieee802-dot1q-sched-bridge:gate-parameter-table
[2026-04-17 02:35:48.090463] | Thread:20635 | [NetconfSession::getData] | Got return for path: /ietf-interfaces:interfaces/interface/ieee802-dot1q-bridge:bridge-port/ieee802-dot1q-sched-bridge:gate-parameter-table
[2026-04-17 02:35:48.090572] | Thread:20635 | [GclParser::parseOperationalGclData] | Start operational GCL data parsing
[2026-04-17 02:35:48.090797] | Thread:20635 | [GclParser::parseOperationalGclData] | Finished operational GCL data parsing
[2026-04-17 02:35:48.090856] | Thread:21094 | [NetworkManager::fetchOperationGclForNode] | Start operational GCL fetch for node: vstsn02
[2026-04-17 02:35:48.090894] | Thread:20646 | [NetconfSession::getData] | Start data fetch with XPath: /ietf-interfaces:interfaces/interface/ieee802-dot1q-bridge:bridge-port/ieee802-dot1q-sched-bridge:gate-parameter-table
[2026-04-17 02:35:48.166336] | Thread:20646 | [NetconfSession::getData] | Got return for path: /ietf-interfaces:interfaces/interface/ieee802-dot1q-bridge:bridge-port/ieee802-dot1q-sched-bridge:gate-parameter-table
[2026-04-17 02:35:48.166487] | Thread:20646 | [GclParser::parseOperationalGclData] | Start operational GCL data parsing
[2026-04-17 02:35:48.166800] | Thread:20646 | [GclParser::parseOperationalGclData] | Finished operational GCL data parsing
[2026-04-17 02:35:48.166925] | Thread:21094 | [NetworkManager::fetchOperationGclForNode] | Start operational GCL fetch for node: vstsn03
[2026-04-17 02:35:48.167023] | Thread:20657 | [NetconfSession::getData] | Start data fetch with XPath: /ietf-interfaces:interfaces/interface/ieee802-dot1q-bridge:bridge-port/ieee802-dot1q-sched-bridge:gate-parameter-table
[2026-04-17 02:35:48.205329] | Thread:20657 | [NetconfSession::getData] | Got return for path: /ietf-interfaces:interfaces/interface/ieee802-dot1q-bridge:bridge-port/ieee802-dot1q-sched-bridge:gate-parameter-table
[2026-04-17 02:35:48.205630] | Thread:20657 | [GclParser::parseOperationalGclData] | Start operational GCL data parsing
[2026-04-17 02:35:48.206028] | Thread:20657 | [GclParser::parseOperationalGclData] | Finished operational GCL data parsing
[2026-04-17 02:35:48.206275] | Thread:21094 | [NetworkManager::fetchOperationGcl] | Stop operational GCL fetch
[2026-04-17 02:35:48.206388] | Thread:21094 | [CncServiceImpl::SetNodeSchedule] | Finished setting node schedule (with verification) for node: vstsn01
[2026-04-17 02:35:48.206497] | Thread:21096 | [NetworkManager::deployConfigToNode] | Start config deployment for node: vstsn01
[2026-04-17 02:35:48.206772] | Thread:20635 | [NetconfSession::editData] | Start edit-config with XML length: 3260
[2026-04-17 02:35:48.235580] | Thread:20635 | [NetconfSession::editData] | Finished edit-config with XML length: 3260
[2026-04-17 02:35:48.235605] | Thread:20635 | [NetconfSession::commit] | Start commit operation.
[2026-04-17 02:35:48.275655] | Thread:20635 | [NetconfSession::commit] | Finished commit operation.
[2026-04-17 02:35:48.275677] | Thread:20635 | [NetworkManager::deployConfigToNode] | Successfully deployed config for node: vstsn01
[2026-04-17 02:35:48.276004] | Thread:21096 | [CncServiceImpl::SetNodeSchedule] | Finished deploying config to node: vstsn01
[2026-04-17 02:35:48.276123] | Thread:21096 | [NetworkManager::fetchOperationGcl] | Start operational GCL fetch
[2026-04-17 02:35:48.276128] | Thread:21096 | [NetworkManager::fetchOperationGclForNode] | Start operational GCL fetch for node: vstsn01
[2026-04-17 02:35:48.276202] | Thread:20635 | [NetconfSession::getData] | Start data fetch with XPath: /ietf-interfaces:interfaces/interface/ieee802-dot1q-bridge:bridge-port/ieee802-dot1q-sched-bridge:gate-parameter-table
[2026-04-17 02:35:48.377634] | Thread:20635 | [NetconfSession::getData] | Got return for path: /ietf-interfaces:interfaces/interface/ieee802-dot1q-bridge:bridge-port/ieee802-dot1q-sched-bridge:gate-parameter-table
[2026-04-17 02:35:48.377746] | Thread:20635 | [GclParser::parseOperationalGclData] | Start operational GCL data parsing
[2026-04-17 02:35:48.377984] | Thread:20635 | [GclParser::parseOperationalGclData] | Finished operational GCL data parsing
[2026-04-17 02:35:48.378102] | Thread:21096 | [NetworkManager::fetchOperationGclForNode] | Start operational GCL fetch for node: vstsn02
[2026-04-17 02:35:48.378192] | Thread:20646 | [NetconfSession::getData] | Start data fetch with XPath: /ietf-interfaces:interfaces/interface/ieee802-dot1q-bridge:bridge-port/ieee802-dot1q-sched-bridge:gate-parameter-table
[2026-04-17 02:35:48.454156] | Thread:20646 | [NetconfSession::getData] | Got return for path: /ietf-interfaces:interfaces/interface/ieee802-dot1q-bridge:bridge-port/ieee802-dot1q-sched-bridge:gate-parameter-table
[2026-04-17 02:35:48.454311] | Thread:20646 | [GclParser::parseOperationalGclData] | Start operational GCL data parsing
[2026-04-17 02:35:48.454635] | Thread:20646 | [GclParser::parseOperationalGclData] | Finished operational GCL data parsing
[2026-04-17 02:35:48.454710] | Thread:21096 | [NetworkManager::fetchOperationGclForNode] | Start operational GCL fetch for node: vstsn03
[2026-04-17 02:35:48.454751] | Thread:20657 | [NetconfSession::getData] | Start data fetch with XPath: /ietf-interfaces:interfaces/interface/ieee802-dot1q-bridge:bridge-port/ieee802-dot1q-sched-bridge:gate-parameter-table
[2026-04-17 02:35:48.490953] | Thread:20657 | [NetconfSession::getData] | Got return for path: /ietf-interfaces:interfaces/interface/ieee802-dot1q-bridge:bridge-port/ieee802-dot1q-sched-bridge:gate-parameter-table
[2026-04-17 02:35:48.491086] | Thread:20657 | [GclParser::parseOperationalGclData] | Start operational GCL data parsing
[2026-04-17 02:35:48.491274] | Thread:20657 | [GclParser::parseOperationalGclData] | Finished operational GCL data parsing
[2026-04-17 02:35:48.491427] | Thread:21096 | [NetworkManager::fetchOperationGcl] | Stop operational GCL fetch
[2026-04-17 02:35:48.491541] | Thread:21096 | [CncServiceImpl::SetNodeSchedule] | Finished setting node schedule (with verification) for node: vstsn01
[2026-04-17 02:35:48.491613] | Thread:21097 | [NetworkManager::deployConfigToNode] | Start config deployment for node: vstsn01
[2026-04-17 02:35:48.491735] | Thread:20635 | [NetconfSession::editData] | Start edit-config with XML length: 3260
[2026-04-17 02:35:48.521201] | Thread:20635 | [NetconfSession::editData] | Finished edit-config with XML length: 3260
[2026-04-17 02:35:48.521225] | Thread:20635 | [NetconfSession::commit] | Start commit operation.
[2026-04-17 02:35:48.562055] | Thread:20635 | [NetconfSession::commit] | Finished commit operation.
[2026-04-17 02:35:48.562086] | Thread:20635 | [NetworkManager::deployConfigToNode] | Successfully deployed config for node: vstsn01
[2026-04-17 02:35:48.562133] | Thread:21097 | [CncServiceImpl::SetNodeSchedule] | Finished deploying config to node: vstsn01
[2026-04-17 02:35:48.562161] | Thread:21097 | [NetworkManager::fetchOperationGcl] | Start operational GCL fetch
[2026-04-17 02:35:48.562163] | Thread:21097 | [NetworkManager::fetchOperationGclForNode] | Start operational GCL fetch for node: vstsn01
[2026-04-17 02:35:48.562243] | Thread:20635 | [NetconfSession::getData] | Start data fetch with XPath: /ietf-interfaces:interfaces/interface/ieee802-dot1q-bridge:bridge-port/ieee802-dot1q-sched-bridge:gate-parameter-table
[2026-04-17 02:35:48.665675] | Thread:20635 | [NetconfSession::getData] | Got return for path: /ietf-interfaces:interfaces/interface/ieee802-dot1q-bridge:bridge-port/ieee802-dot1q-sched-bridge:gate-parameter-table
[2026-04-17 02:35:48.665781] | Thread:20635 | [GclParser::parseOperationalGclData] | Start operational GCL data parsing
[2026-04-17 02:35:48.666161] | Thread:20635 | [GclParser::parseOperationalGclData] | Finished operational GCL data parsing
[2026-04-17 02:35:48.666276] | Thread:21097 | [NetworkManager::fetchOperationGclForNode] | Start operational GCL fetch for node: vstsn02
[2026-04-17 02:35:48.666418] | Thread:20646 | [NetconfSession::getData] | Start data fetch with XPath: /ietf-interfaces:interfaces/interface/ieee802-dot1q-bridge:bridge-port/ieee802-dot1q-sched-bridge:gate-parameter-table
[2026-04-17 02:35:48.741243] | Thread:20646 | [NetconfSession::getData] | Got return for path: /ietf-interfaces:interfaces/interface/ieee802-dot1q-bridge:bridge-port/ieee802-dot1q-sched-bridge:gate-parameter-table
[2026-04-17 02:35:48.741485] | Thread:20646 | [GclParser::parseOperationalGclData] | Start operational GCL data parsing
[2026-04-17 02:35:48.742011] | Thread:20646 | [GclParser::parseOperationalGclData] | Finished operational GCL data parsing
[2026-04-17 02:35:48.742161] | Thread:21097 | [NetworkManager::fetchOperationGclForNode] | Start operational GCL fetch for node: vstsn03
[2026-04-17 02:35:48.742198] | Thread:20657 | [NetconfSession::getData] | Start data fetch with XPath: /ietf-interfaces:interfaces/interface/ieee802-dot1q-bridge:bridge-port/ieee802-dot1q-sched-bridge:gate-parameter-table
[2026-04-17 02:35:48.779025] | Thread:20657 | [NetconfSession::getData] | Got return for path: /ietf-interfaces:interfaces/interface/ieee802-dot1q-bridge:bridge-port/ieee802-dot1q-sched-bridge:gate-parameter-table
[2026-04-17 02:35:48.779183] | Thread:20657 | [GclParser::parseOperationalGclData] | Start operational GCL data parsing
[2026-04-17 02:35:48.779392] | Thread:20657 | [GclParser::parseOperationalGclData] | Finished operational GCL data parsing
[2026-04-17 02:35:48.779489] | Thread:21097 | [NetworkManager::fetchOperationGcl] | Stop operational GCL fetch
[2026-04-17 02:35:48.779525] | Thread:21097 | [CncServiceImpl::SetNodeSchedule] | Finished setting node schedule (with verification) for node: vstsn01
[2026-04-17 02:35:48.779585] | Thread:21099 | [NetworkManager::deployConfigToNode] | Start config deployment for node: vstsn01
[2026-04-17 02:35:48.779725] | Thread:20635 | [NetconfSession::editData] | Start edit-config with XML length: 3260
[2026-04-17 02:35:48.814174] | Thread:20635 | [NetconfSession::editData] | Finished edit-config with XML length: 3260
[2026-04-17 02:35:48.814209] | Thread:20635 | [NetconfSession::commit] | Start commit operation.
[2026-04-17 02:35:48.864148] | Thread:20635 | [NetconfSession::commit] | Finished commit operation.
[2026-04-17 02:35:48.864174] | Thread:20635 | [NetworkManager::deployConfigToNode] | Successfully deployed config for node: vstsn01
[2026-04-17 02:35:48.864218] | Thread:21099 | [CncServiceImpl::SetNodeSchedule] | Finished deploying config to node: vstsn01
[2026-04-17 02:35:48.864262] | Thread:21099 | [NetworkManager::fetchOperationGcl] | Start operational GCL fetch
[2026-04-17 02:35:48.864263] | Thread:21099 | [NetworkManager::fetchOperationGclForNode] | Start operational GCL fetch for node: vstsn01
[2026-04-17 02:35:48.864299] | Thread:20635 | [NetconfSession::getData] | Start data fetch with XPath: /ietf-interfaces:interfaces/interface/ieee802-dot1q-bridge:bridge-port/ieee802-dot1q-sched-bridge:gate-parameter-table
[2026-04-17 02:35:48.978818] | Thread:20635 | [NetconfSession::getData] | Got return for path: /ietf-interfaces:interfaces/interface/ieee802-dot1q-bridge:bridge-port/ieee802-dot1q-sched-bridge:gate-parameter-table
[2026-04-17 02:35:48.978933] | Thread:20635 | [GclParser::parseOperationalGclData] | Start operational GCL data parsing
[2026-04-17 02:35:48.979185] | Thread:20635 | [GclParser::parseOperationalGclData] | Finished operational GCL data parsing
[2026-04-17 02:35:48.979280] | Thread:21099 | [NetworkManager::fetchOperationGclForNode] | Start operational GCL fetch for node: vstsn02
[2026-04-17 02:35:48.979350] | Thread:20646 | [NetconfSession::getData] | Start data fetch with XPath: /ietf-interfaces:interfaces/interface/ieee802-dot1q-bridge:bridge-port/ieee802-dot1q-sched-bridge:gate-parameter-table
[2026-04-17 02:35:49.057642] | Thread:20646 | [NetconfSession::getData] | Got return for path: /ietf-interfaces:interfaces/interface/ieee802-dot1q-bridge:bridge-port/ieee802-dot1q-sched-bridge:gate-parameter-table
[2026-04-17 02:35:49.057807] | Thread:20646 | [GclParser::parseOperationalGclData] | Start operational GCL data parsing
[2026-04-17 02:35:49.058156] | Thread:20646 | [GclParser::parseOperationalGclData] | Finished operational GCL data parsing
[2026-04-17 02:35:49.058280] | Thread:21099 | [NetworkManager::fetchOperationGclForNode] | Start operational GCL fetch for node: vstsn03
[2026-04-17 02:35:49.058338] | Thread:20657 | [NetconfSession::getData] | Start data fetch with XPath: /ietf-interfaces:interfaces/interface/ieee802-dot1q-bridge:bridge-port/ieee802-dot1q-sched-bridge:gate-parameter-table
[2026-04-17 02:35:49.099222] | Thread:20657 | [NetconfSession::getData] | Got return for path: /ietf-interfaces:interfaces/interface/ieee802-dot1q-bridge:bridge-port/ieee802-dot1q-sched-bridge:gate-parameter-table
[2026-04-17 02:35:49.099348] | Thread:20657 | [GclParser::parseOperationalGclData] | Start operational GCL data parsing
[2026-04-17 02:35:49.099526] | Thread:20657 | [GclParser::parseOperationalGclData] | Finished operational GCL data parsing
[2026-04-17 02:35:49.099741] | Thread:21099 | [NetworkManager::fetchOperationGcl] | Stop operational GCL fetch
[2026-04-17 02:35:49.099788] | Thread:21099 | [CncServiceImpl::SetNodeSchedule] | Finished setting node schedule (with verification) for node: vstsn01
[2026-04-17 02:35:49.099863] | Thread:21101 | [NetworkManager::deployConfigToNode] | Start config deployment for node: vstsn01
[2026-04-17 02:35:49.100216] | Thread:20635 | [NetconfSession::editData] | Start edit-config with XML length: 3260
[2026-04-17 02:35:49.129219] | Thread:20635 | [NetconfSession::editData] | Finished edit-config with XML length: 3260
[2026-04-17 02:35:49.129247] | Thread:20635 | [NetconfSession::commit] | Start commit operation.
[2026-04-17 02:35:49.169610] | Thread:20635 | [NetconfSession::commit] | Finished commit operation.
[2026-04-17 02:35:49.169649] | Thread:20635 | [NetworkManager::deployConfigToNode] | Successfully deployed config for node: vstsn01
[2026-04-17 02:35:49.169785] | Thread:21101 | [CncServiceImpl::SetNodeSchedule] | Finished deploying config to node: vstsn01
[2026-04-17 02:35:49.169850] | Thread:21101 | [NetworkManager::fetchOperationGcl] | Start operational GCL fetch
[2026-04-17 02:35:49.169852] | Thread:21101 | [NetworkManager::fetchOperationGclForNode] | Start operational GCL fetch for node: vstsn01
[2026-04-17 02:35:49.169920] | Thread:20635 | [NetconfSession::getData] | Start data fetch with XPath: /ietf-interfaces:interfaces/interface/ieee802-dot1q-bridge:bridge-port/ieee802-dot1q-sched-bridge:gate-parameter-table
[2026-04-17 02:35:49.283591] | Thread:20635 | [NetconfSession::getData] | Got return for path: /ietf-interfaces:interfaces/interface/ieee802-dot1q-bridge:bridge-port/ieee802-dot1q-sched-bridge:gate-parameter-table
[2026-04-17 02:35:49.283695] | Thread:20635 | [GclParser::parseOperationalGclData] | Start operational GCL data parsing
[2026-04-17 02:35:49.283946] | Thread:20635 | [GclParser::parseOperationalGclData] | Finished operational GCL data parsing
[2026-04-17 02:35:49.284064] | Thread:21101 | [NetworkManager::fetchOperationGclForNode] | Start operational GCL fetch for node: vstsn02
[2026-04-17 02:35:49.284112] | Thread:20646 | [NetconfSession::getData] | Start data fetch with XPath: /ietf-interfaces:interfaces/interface/ieee802-dot1q-bridge:bridge-port/ieee802-dot1q-sched-bridge:gate-parameter-table
[2026-04-17 02:35:49.371596] | Thread:20646 | [NetconfSession::getData] | Got return for path: /ietf-interfaces:interfaces/interface/ieee802-dot1q-bridge:bridge-port/ieee802-dot1q-sched-bridge:gate-parameter-table
[2026-04-17 02:35:49.371746] | Thread:20646 | [GclParser::parseOperationalGclData] | Start operational GCL data parsing
[2026-04-17 02:35:49.372097] | Thread:20646 | [GclParser::parseOperationalGclData] | Finished operational GCL data parsing
[2026-04-17 02:35:49.372238] | Thread:21101 | [NetworkManager::fetchOperationGclForNode] | Start operational GCL fetch for node: vstsn03
[2026-04-17 02:35:49.372360] | Thread:20657 | [NetconfSession::getData] | Start data fetch with XPath: /ietf-interfaces:interfaces/interface/ieee802-dot1q-bridge:bridge-port/ieee802-dot1q-sched-bridge:gate-parameter-table
[2026-04-17 02:35:49.418597] | Thread:20657 | [NetconfSession::getData] | Got return for path: /ietf-interfaces:interfaces/interface/ieee802-dot1q-bridge:bridge-port/ieee802-dot1q-sched-bridge:gate-parameter-table
[2026-04-17 02:35:49.418811] | Thread:20657 | [GclParser::parseOperationalGclData] | Start operational GCL data parsing
[2026-04-17 02:35:49.419017] | Thread:20657 | [GclParser::parseOperationalGclData] | Finished operational GCL data parsing
[2026-04-17 02:35:49.419204] | Thread:21101 | [NetworkManager::fetchOperationGcl] | Stop operational GCL fetch
[2026-04-17 02:35:49.419345] | Thread:21101 | [CncServiceImpl::SetNodeSchedule] | Finished setting node schedule (with verification) for node: vstsn01
[2026-04-17 02:35:49.419409] | Thread:21103 | [NetworkManager::deployConfigToNode] | Start config deployment for node: vstsn01
[2026-04-17 02:35:49.419529] | Thread:20635 | [NetconfSession::editData] | Start edit-config with XML length: 3260
[2026-04-17 02:35:49.447810] | Thread:20635 | [NetconfSession::editData] | Finished edit-config with XML length: 3260
[2026-04-17 02:35:49.447842] | Thread:20635 | [NetconfSession::commit] | Start commit operation.
[2026-04-17 02:35:49.489086] | Thread:20635 | [NetconfSession::commit] | Finished commit operation.
[2026-04-17 02:35:49.489116] | Thread:20635 | [NetworkManager::deployConfigToNode] | Successfully deployed config for node: vstsn01
[2026-04-17 02:35:49.489187] | Thread:21103 | [CncServiceImpl::SetNodeSchedule] | Finished deploying config to node: vstsn01
[2026-04-17 02:35:49.489239] | Thread:21103 | [NetworkManager::fetchOperationGcl] | Start operational GCL fetch
[2026-04-17 02:35:49.489242] | Thread:21103 | [NetworkManager::fetchOperationGclForNode] | Start operational GCL fetch for node: vstsn01
[2026-04-17 02:35:49.489371] | Thread:20635 | [NetconfSession::getData] | Start data fetch with XPath: /ietf-interfaces:interfaces/interface/ieee802-dot1q-bridge:bridge-port/ieee802-dot1q-sched-bridge:gate-parameter-table
[2026-04-17 02:35:49.599433] | Thread:20635 | [NetconfSession::getData] | Got return for path: /ietf-interfaces:interfaces/interface/ieee802-dot1q-bridge:bridge-port/ieee802-dot1q-sched-bridge:gate-parameter-table
[2026-04-17 02:35:49.599559] | Thread:20635 | [GclParser::parseOperationalGclData] | Start operational GCL data parsing
[2026-04-17 02:35:49.599779] | Thread:20635 | [GclParser::parseOperationalGclData] | Finished operational GCL data parsing
[2026-04-17 02:35:49.599963] | Thread:21103 | [NetworkManager::fetchOperationGclForNode] | Start operational GCL fetch for node: vstsn02
[2026-04-17 02:35:49.600035] | Thread:20646 | [NetconfSession::getData] | Start data fetch with XPath: /ietf-interfaces:interfaces/interface/ieee802-dot1q-bridge:bridge-port/ieee802-dot1q-sched-bridge:gate-parameter-table
[2026-04-17 02:35:49.689147] | Thread:20646 | [NetconfSession::getData] | Got return for path: /ietf-interfaces:interfaces/interface/ieee802-dot1q-bridge:bridge-port/ieee802-dot1q-sched-bridge:gate-parameter-table
[2026-04-17 02:35:49.689317] | Thread:20646 | [GclParser::parseOperationalGclData] | Start operational GCL data parsing
[2026-04-17 02:35:49.689639] | Thread:20646 | [GclParser::parseOperationalGclData] | Finished operational GCL data parsing
[2026-04-17 02:35:49.689969] | Thread:21103 | [NetworkManager::fetchOperationGclForNode] | Start operational GCL fetch for node: vstsn03
[2026-04-17 02:35:49.690031] | Thread:20657 | [NetconfSession::getData] | Start data fetch with XPath: /ietf-interfaces:interfaces/interface/ieee802-dot1q-bridge:bridge-port/ieee802-dot1q-sched-bridge:gate-parameter-table
[2026-04-17 02:35:49.727962] | Thread:20657 | [NetconfSession::getData] | Got return for path: /ietf-interfaces:interfaces/interface/ieee802-dot1q-bridge:bridge-port/ieee802-dot1q-sched-bridge:gate-parameter-table
[2026-04-17 02:35:49.728076] | Thread:20657 | [GclParser::parseOperationalGclData] | Start operational GCL data parsing
[2026-04-17 02:35:49.728228] | Thread:20657 | [GclParser::parseOperationalGclData] | Finished operational GCL data parsing
[2026-04-17 02:35:49.728307] | Thread:21103 | [NetworkManager::fetchOperationGcl] | Stop operational GCL fetch
[2026-04-17 02:35:49.728417] | Thread:21103 | [CncServiceImpl::SetNodeSchedule] | Finished setting node schedule (with verification) for node: vstsn01
[2026-04-17 02:35:49.728472] | Thread:21105 | [NetworkManager::deployConfigToNode] | Start config deployment for node: vstsn01
[2026-04-17 02:35:49.728555] | Thread:20635 | [NetconfSession::editData] | Start edit-config with XML length: 3260
[2026-04-17 02:35:49.759001] | Thread:20635 | [NetconfSession::editData] | Finished edit-config with XML length: 3260
[2026-04-17 02:35:49.759042] | Thread:20635 | [NetconfSession::commit] | Start commit operation.
[2026-04-17 02:35:49.804329] | Thread:20635 | [NetconfSession::commit] | Finished commit operation.
[2026-04-17 02:35:49.804352] | Thread:20635 | [NetworkManager::deployConfigToNode] | Successfully deployed config for node: vstsn01
[2026-04-17 02:35:49.804479] | Thread:21105 | [CncServiceImpl::SetNodeSchedule] | Finished deploying config to node: vstsn01
[2026-04-17 02:35:49.804510] | Thread:21105 | [NetworkManager::fetchOperationGcl] | Start operational GCL fetch
[2026-04-17 02:35:49.804512] | Thread:21105 | [NetworkManager::fetchOperationGclForNode] | Start operational GCL fetch for node: vstsn01
[2026-04-17 02:35:49.804554] | Thread:20635 | [NetconfSession::getData] | Start data fetch with XPath: /ietf-interfaces:interfaces/interface/ieee802-dot1q-bridge:bridge-port/ieee802-dot1q-sched-bridge:gate-parameter-table
[2026-04-17 02:35:49.908771] | Thread:20635 | [NetconfSession::getData] | Got return for path: /ietf-interfaces:interfaces/interface/ieee802-dot1q-bridge:bridge-port/ieee802-dot1q-sched-bridge:gate-parameter-table
[2026-04-17 02:35:49.908882] | Thread:20635 | [GclParser::parseOperationalGclData] | Start operational GCL data parsing
[2026-04-17 02:35:49.909121] | Thread:20635 | [GclParser::parseOperationalGclData] | Finished operational GCL data parsing
[2026-04-17 02:35:49.909193] | Thread:21105 | [NetworkManager::fetchOperationGclForNode] | Start operational GCL fetch for node: vstsn02
[2026-04-17 02:35:49.909245] | Thread:20646 | [NetconfSession::getData] | Start data fetch with XPath: /ietf-interfaces:interfaces/interface/ieee802-dot1q-bridge:bridge-port/ieee802-dot1q-sched-bridge:gate-parameter-table
[2026-04-17 02:35:49.983502] | Thread:20646 | [NetconfSession::getData] | Got return for path: /ietf-interfaces:interfaces/interface/ieee802-dot1q-bridge:bridge-port/ieee802-dot1q-sched-bridge:gate-parameter-table
[2026-04-17 02:35:49.983671] | Thread:20646 | [GclParser::parseOperationalGclData] | Start operational GCL data parsing
[2026-04-17 02:35:49.984013] | Thread:20646 | [GclParser::parseOperationalGclData] | Finished operational GCL data parsing
[2026-04-17 02:35:49.984109] | Thread:21105 | [NetworkManager::fetchOperationGclForNode] | Start operational GCL fetch for node: vstsn03
[2026-04-17 02:35:49.984144] | Thread:20657 | [NetconfSession::getData] | Start data fetch with XPath: /ietf-interfaces:interfaces/interface/ieee802-dot1q-bridge:bridge-port/ieee802-dot1q-sched-bridge:gate-parameter-table
[2026-04-17 02:35:50.021369] | Thread:20657 | [NetconfSession::getData] | Got return for path: /ietf-interfaces:interfaces/interface/ieee802-dot1q-bridge:bridge-port/ieee802-dot1q-sched-bridge:gate-parameter-table
[2026-04-17 02:35:50.021569] | Thread:20657 | [GclParser::parseOperationalGclData] | Start operational GCL data parsing
[2026-04-17 02:35:50.021767] | Thread:20657 | [GclParser::parseOperationalGclData] | Finished operational GCL data parsing
[2026-04-17 02:35:50.021888] | Thread:21105 | [NetworkManager::fetchOperationGcl] | Stop operational GCL fetch
[2026-04-17 02:35:50.021941] | Thread:21105 | [CncServiceImpl::SetNodeSchedule] | Finished setting node schedule (with verification) for node: vstsn01
[2026-04-17 02:35:50.022068] | Thread:21107 | [NetworkManager::deployConfigToNode] | Start config deployment for node: vstsn01
[2026-04-17 02:35:50.022242] | Thread:20635 | [NetconfSession::editData] | Start edit-config with XML length: 3260
[2026-04-17 02:35:50.050389] | Thread:20635 | [NetconfSession::editData] | Finished edit-config with XML length: 3260
[2026-04-17 02:35:50.050413] | Thread:20635 | [NetconfSession::commit] | Start commit operation.
[2026-04-17 02:35:50.093210] | Thread:20635 | [NetconfSession::commit] | Finished commit operation.
[2026-04-17 02:35:50.093232] | Thread:20635 | [NetworkManager::deployConfigToNode] | Successfully deployed config for node: vstsn01
[2026-04-17 02:35:50.093318] | Thread:21107 | [CncServiceImpl::SetNodeSchedule] | Finished deploying config to node: vstsn01
[2026-04-17 02:35:50.093346] | Thread:21107 | [NetworkManager::fetchOperationGcl] | Start operational GCL fetch
[2026-04-17 02:35:50.093348] | Thread:21107 | [NetworkManager::fetchOperationGclForNode] | Start operational GCL fetch for node: vstsn01
[2026-04-17 02:35:50.093386] | Thread:20635 | [NetconfSession::getData] | Start data fetch with XPath: /ietf-interfaces:interfaces/interface/ieee802-dot1q-bridge:bridge-port/ieee802-dot1q-sched-bridge:gate-parameter-table
[2026-04-17 02:35:50.194871] | Thread:20635 | [NetconfSession::getData] | Got return for path: /ietf-interfaces:interfaces/interface/ieee802-dot1q-bridge:bridge-port/ieee802-dot1q-sched-bridge:gate-parameter-table
[2026-04-17 02:35:50.194985] | Thread:20635 | [GclParser::parseOperationalGclData] | Start operational GCL data parsing
[2026-04-17 02:35:50.195296] | Thread:20635 | [GclParser::parseOperationalGclData] | Finished operational GCL data parsing
[2026-04-17 02:35:50.195370] | Thread:21107 | [NetworkManager::fetchOperationGclForNode] | Start operational GCL fetch for node: vstsn02
[2026-04-17 02:35:50.195413] | Thread:20646 | [NetconfSession::getData] | Start data fetch with XPath: /ietf-interfaces:interfaces/interface/ieee802-dot1q-bridge:bridge-port/ieee802-dot1q-sched-bridge:gate-parameter-table
[2026-04-17 02:35:50.271142] | Thread:20646 | [NetconfSession::getData] | Got return for path: /ietf-interfaces:interfaces/interface/ieee802-dot1q-bridge:bridge-port/ieee802-dot1q-sched-bridge:gate-parameter-table
[2026-04-17 02:35:50.271301] | Thread:20646 | [GclParser::parseOperationalGclData] | Start operational GCL data parsing
[2026-04-17 02:35:50.271597] | Thread:20646 | [GclParser::parseOperationalGclData] | Finished operational GCL data parsing
[2026-04-17 02:35:50.271718] | Thread:21107 | [NetworkManager::fetchOperationGclForNode] | Start operational GCL fetch for node: vstsn03
[2026-04-17 02:35:50.271769] | Thread:20657 | [NetconfSession::getData] | Start data fetch with XPath: /ietf-interfaces:interfaces/interface/ieee802-dot1q-bridge:bridge-port/ieee802-dot1q-sched-bridge:gate-parameter-table
[2026-04-17 02:35:50.310167] | Thread:20657 | [NetconfSession::getData] | Got return for path: /ietf-interfaces:interfaces/interface/ieee802-dot1q-bridge:bridge-port/ieee802-dot1q-sched-bridge:gate-parameter-table
[2026-04-17 02:35:50.310300] | Thread:20657 | [GclParser::parseOperationalGclData] | Start operational GCL data parsing
[2026-04-17 02:35:50.310451] | Thread:20657 | [GclParser::parseOperationalGclData] | Finished operational GCL data parsing
[2026-04-17 02:35:50.310556] | Thread:21107 | [NetworkManager::fetchOperationGcl] | Stop operational GCL fetch
[2026-04-17 02:35:50.310613] | Thread:21107 | [CncServiceImpl::SetNodeSchedule] | Finished setting node schedule (with verification) for node: vstsn01
[2026-04-17 02:35:50.310674] | Thread:21109 | [NetworkManager::deployConfigToNode] | Start config deployment for node: vstsn01
[2026-04-17 02:35:50.310786] | Thread:20635 | [NetconfSession::editData] | Start edit-config with XML length: 3260
[2026-04-17 02:35:50.339693] | Thread:20635 | [NetconfSession::editData] | Finished edit-config with XML length: 3260
[2026-04-17 02:35:50.339720] | Thread:20635 | [NetconfSession::commit] | Start commit operation.
[2026-04-17 02:35:50.381210] | Thread:20635 | [NetconfSession::commit] | Finished commit operation.
[2026-04-17 02:35:50.381263] | Thread:20635 | [NetworkManager::deployConfigToNode] | Successfully deployed config for node: vstsn01
[2026-04-17 02:35:50.381347] | Thread:21109 | [CncServiceImpl::SetNodeSchedule] | Finished deploying config to node: vstsn01
[2026-04-17 02:35:50.381381] | Thread:21109 | [NetworkManager::fetchOperationGcl] | Start operational GCL fetch
[2026-04-17 02:35:50.381399] | Thread:21109 | [NetworkManager::fetchOperationGclForNode] | Start operational GCL fetch for node: vstsn01
[2026-04-17 02:35:50.381472] | Thread:20635 | [NetconfSession::getData] | Start data fetch with XPath: /ietf-interfaces:interfaces/interface/ieee802-dot1q-bridge:bridge-port/ieee802-dot1q-sched-bridge:gate-parameter-table
[2026-04-17 02:35:50.482689] | Thread:20635 | [NetconfSession::getData] | Got return for path: /ietf-interfaces:interfaces/interface/ieee802-dot1q-bridge:bridge-port/ieee802-dot1q-sched-bridge:gate-parameter-table
[2026-04-17 02:35:50.482816] | Thread:20635 | [GclParser::parseOperationalGclData] | Start operational GCL data parsing
[2026-04-17 02:35:50.483066] | Thread:20635 | [GclParser::parseOperationalGclData] | Finished operational GCL data parsing
[2026-04-17 02:35:50.483147] | Thread:21109 | [NetworkManager::fetchOperationGclForNode] | Start operational GCL fetch for node: vstsn02
[2026-04-17 02:35:50.483191] | Thread:20646 | [NetconfSession::getData] | Start data fetch with XPath: /ietf-interfaces:interfaces/interface/ieee802-dot1q-bridge:bridge-port/ieee802-dot1q-sched-bridge:gate-parameter-table
[2026-04-17 02:35:50.563181] | Thread:20646 | [NetconfSession::getData] | Got return for path: /ietf-interfaces:interfaces/interface/ieee802-dot1q-bridge:bridge-port/ieee802-dot1q-sched-bridge:gate-parameter-table
[2026-04-17 02:35:50.563344] | Thread:20646 | [GclParser::parseOperationalGclData] | Start operational GCL data parsing
[2026-04-17 02:35:50.563749] | Thread:20646 | [GclParser::parseOperationalGclData] | Finished operational GCL data parsing
[2026-04-17 02:35:50.563933] | Thread:21109 | [NetworkManager::fetchOperationGclForNode] | Start operational GCL fetch for node: vstsn03
[2026-04-17 02:35:50.564071] | Thread:20657 | [NetconfSession::getData] | Start data fetch with XPath: /ietf-interfaces:interfaces/interface/ieee802-dot1q-bridge:bridge-port/ieee802-dot1q-sched-bridge:gate-parameter-table
[2026-04-17 02:35:50.600432] | Thread:20657 | [NetconfSession::getData] | Got return for path: /ietf-interfaces:interfaces/interface/ieee802-dot1q-bridge:bridge-port/ieee802-dot1q-sched-bridge:gate-parameter-table
[2026-04-17 02:35:50.600628] | Thread:20657 | [GclParser::parseOperationalGclData] | Start operational GCL data parsing
[2026-04-17 02:35:50.600934] | Thread:20657 | [GclParser::parseOperationalGclData] | Finished operational GCL data parsing
[2026-04-17 02:35:50.601080] | Thread:21109 | [NetworkManager::fetchOperationGcl] | Stop operational GCL fetch
[2026-04-17 02:35:50.601205] | Thread:21109 | [CncServiceImpl::SetNodeSchedule] | Finished setting node schedule (with verification) for node: vstsn01
[2026-04-17 02:35:50.601281] | Thread:21111 | [NetworkManager::deployConfigToNode] | Start config deployment for node: vstsn01
[2026-04-17 02:35:50.601466] | Thread:20635 | [NetconfSession::editData] | Start edit-config with XML length: 3260
[2026-04-17 02:35:50.631981] | Thread:20635 | [NetconfSession::editData] | Finished edit-config with XML length: 3260
[2026-04-17 02:35:50.632025] | Thread:20635 | [NetconfSession::commit] | Start commit operation.
[2026-04-17 02:35:50.671850] | Thread:20635 | [NetconfSession::commit] | Finished commit operation.
[2026-04-17 02:35:50.671863] | Thread:20635 | [NetworkManager::deployConfigToNode] | Successfully deployed config for node: vstsn01
[2026-04-17 02:35:50.671913] | Thread:21111 | [CncServiceImpl::SetNodeSchedule] | Finished deploying config to node: vstsn01
[2026-04-17 02:35:50.671943] | Thread:21111 | [NetworkManager::fetchOperationGcl] | Start operational GCL fetch
[2026-04-17 02:35:50.671963] | Thread:21111 | [NetworkManager::fetchOperationGclForNode] | Start operational GCL fetch for node: vstsn01
[2026-04-17 02:35:50.672051] | Thread:20635 | [NetconfSession::getData] | Start data fetch with XPath: /ietf-interfaces:interfaces/interface/ieee802-dot1q-bridge:bridge-port/ieee802-dot1q-sched-bridge:gate-parameter-table
[2026-04-17 02:35:50.774872] | Thread:20635 | [NetconfSession::getData] | Got return for path: /ietf-interfaces:interfaces/interface/ieee802-dot1q-bridge:bridge-port/ieee802-dot1q-sched-bridge:gate-parameter-table
[2026-04-17 02:35:50.774996] | Thread:20635 | [GclParser::parseOperationalGclData] | Start operational GCL data parsing
[2026-04-17 02:35:50.775273] | Thread:20635 | [GclParser::parseOperationalGclData] | Finished operational GCL data parsing
[2026-04-17 02:35:50.775346] | Thread:21111 | [NetworkManager::fetchOperationGclForNode] | Start operational GCL fetch for node: vstsn02
[2026-04-17 02:35:50.775409] | Thread:20646 | [NetconfSession::getData] | Start data fetch with XPath: /ietf-interfaces:interfaces/interface/ieee802-dot1q-bridge:bridge-port/ieee802-dot1q-sched-bridge:gate-parameter-table
[2026-04-17 02:35:50.849767] | Thread:20646 | [NetconfSession::getData] | Got return for path: /ietf-interfaces:interfaces/interface/ieee802-dot1q-bridge:bridge-port/ieee802-dot1q-sched-bridge:gate-parameter-table
[2026-04-17 02:35:50.850046] | Thread:20646 | [GclParser::parseOperationalGclData] | Start operational GCL data parsing
[2026-04-17 02:35:50.850474] | Thread:20646 | [GclParser::parseOperationalGclData] | Finished operational GCL data parsing
[2026-04-17 02:35:50.850672] | Thread:21111 | [NetworkManager::fetchOperationGclForNode] | Start operational GCL fetch for node: vstsn03
[2026-04-17 02:35:50.850765] | Thread:20657 | [NetconfSession::getData] | Start data fetch with XPath: /ietf-interfaces:interfaces/interface/ieee802-dot1q-bridge:bridge-port/ieee802-dot1q-sched-bridge:gate-parameter-table
[2026-04-17 02:35:50.891374] | Thread:20657 | [NetconfSession::getData] | Got return for path: /ietf-interfaces:interfaces/interface/ieee802-dot1q-bridge:bridge-port/ieee802-dot1q-sched-bridge:gate-parameter-table
[2026-04-17 02:35:50.891488] | Thread:20657 | [GclParser::parseOperationalGclData] | Start operational GCL data parsing
[2026-04-17 02:35:50.891647] | Thread:20657 | [GclParser::parseOperationalGclData] | Finished operational GCL data parsing
[2026-04-17 02:35:50.891761] | Thread:21111 | [NetworkManager::fetchOperationGcl] | Stop operational GCL fetch
[2026-04-17 02:35:50.891819] | Thread:21111 | [CncServiceImpl::SetNodeSchedule] | Finished setting node schedule (with verification) for node: vstsn01
[2026-04-17 02:35:50.891868] | Thread:21113 | [NetworkManager::deployConfigToNode] | Start config deployment for node: vstsn01
[2026-04-17 02:35:50.891982] | Thread:20635 | [NetconfSession::editData] | Start edit-config with XML length: 3260
[2026-04-17 02:35:50.921588] | Thread:20635 | [NetconfSession::editData] | Finished edit-config with XML length: 3260
[2026-04-17 02:35:50.921612] | Thread:20635 | [NetconfSession::commit] | Start commit operation.
[2026-04-17 02:35:50.962877] | Thread:20635 | [NetconfSession::commit] | Finished commit operation.
[2026-04-17 02:35:50.962906] | Thread:20635 | [NetworkManager::deployConfigToNode] | Successfully deployed config for node: vstsn01
[2026-04-17 02:35:50.962956] | Thread:21113 | [CncServiceImpl::SetNodeSchedule] | Finished deploying config to node: vstsn01
[2026-04-17 02:35:50.963006] | Thread:21113 | [NetworkManager::fetchOperationGcl] | Start operational GCL fetch
[2026-04-17 02:35:50.963031] | Thread:21113 | [NetworkManager::fetchOperationGclForNode] | Start operational GCL fetch for node: vstsn01
[2026-04-17 02:35:50.963068] | Thread:20635 | [NetconfSession::getData] | Start data fetch with XPath: /ietf-interfaces:interfaces/interface/ieee802-dot1q-bridge:bridge-port/ieee802-dot1q-sched-bridge:gate-parameter-table
[2026-04-17 02:35:51.064779] | Thread:20635 | [NetconfSession::getData] | Got return for path: /ietf-interfaces:interfaces/interface/ieee802-dot1q-bridge:bridge-port/ieee802-dot1q-sched-bridge:gate-parameter-table
[2026-04-17 02:35:51.064886] | Thread:20635 | [GclParser::parseOperationalGclData] | Start operational GCL data parsing
[2026-04-17 02:35:51.065110] | Thread:20635 | [GclParser::parseOperationalGclData] | Finished operational GCL data parsing
[2026-04-17 02:35:51.065193] | Thread:21113 | [NetworkManager::fetchOperationGclForNode] | Start operational GCL fetch for node: vstsn02
[2026-04-17 02:35:51.065305] | Thread:20646 | [NetconfSession::getData] | Start data fetch with XPath: /ietf-interfaces:interfaces/interface/ieee802-dot1q-bridge:bridge-port/ieee802-dot1q-sched-bridge:gate-parameter-table
[2026-04-17 02:35:51.142917] | Thread:20646 | [NetconfSession::getData] | Got return for path: /ietf-interfaces:interfaces/interface/ieee802-dot1q-bridge:bridge-port/ieee802-dot1q-sched-bridge:gate-parameter-table
[2026-04-17 02:35:51.143065] | Thread:20646 | [GclParser::parseOperationalGclData] | Start operational GCL data parsing
[2026-04-17 02:35:51.143390] | Thread:20646 | [GclParser::parseOperationalGclData] | Finished operational GCL data parsing
[2026-04-17 02:35:51.143464] | Thread:21113 | [NetworkManager::fetchOperationGclForNode] | Start operational GCL fetch for node: vstsn03
[2026-04-17 02:35:51.143508] | Thread:20657 | [NetconfSession::getData] | Start data fetch with XPath: /ietf-interfaces:interfaces/interface/ieee802-dot1q-bridge:bridge-port/ieee802-dot1q-sched-bridge:gate-parameter-table
[2026-04-17 02:35:51.179218] | Thread:20657 | [NetconfSession::getData] | Got return for path: /ietf-interfaces:interfaces/interface/ieee802-dot1q-bridge:bridge-port/ieee802-dot1q-sched-bridge:gate-parameter-table
[2026-04-17 02:35:51.179335] | Thread:20657 | [GclParser::parseOperationalGclData] | Start operational GCL data parsing
[2026-04-17 02:35:51.179506] | Thread:20657 | [GclParser::parseOperationalGclData] | Finished operational GCL data parsing
[2026-04-17 02:35:51.179677] | Thread:21113 | [NetworkManager::fetchOperationGcl] | Stop operational GCL fetch
[2026-04-17 02:35:51.179735] | Thread:21113 | [CncServiceImpl::SetNodeSchedule] | Finished setting node schedule (with verification) for node: vstsn01
[2026-04-17 02:35:51.179792] | Thread:21115 | [NetworkManager::deployConfigToNode] | Start config deployment for node: vstsn01
[2026-04-17 02:35:51.179948] | Thread:20635 | [NetconfSession::editData] | Start edit-config with XML length: 3260
[2026-04-17 02:35:51.208300] | Thread:20635 | [NetconfSession::editData] | Finished edit-config with XML length: 3260
[2026-04-17 02:35:51.208324] | Thread:20635 | [NetconfSession::commit] | Start commit operation.
[2026-04-17 02:35:51.247873] | Thread:20635 | [NetconfSession::commit] | Finished commit operation.
[2026-04-17 02:35:51.247903] | Thread:20635 | [NetworkManager::deployConfigToNode] | Successfully deployed config for node: vstsn01
[2026-04-17 02:35:51.247947] | Thread:21115 | [CncServiceImpl::SetNodeSchedule] | Finished deploying config to node: vstsn01
[2026-04-17 02:35:51.247990] | Thread:21115 | [NetworkManager::fetchOperationGcl] | Start operational GCL fetch
[2026-04-17 02:35:51.247992] | Thread:21115 | [NetworkManager::fetchOperationGclForNode] | Start operational GCL fetch for node: vstsn01
[2026-04-17 02:35:51.248030] | Thread:20635 | [NetconfSession::getData] | Start data fetch with XPath: /ietf-interfaces:interfaces/interface/ieee802-dot1q-bridge:bridge-port/ieee802-dot1q-sched-bridge:gate-parameter-table
[2026-04-17 02:35:51.349549] | Thread:20635 | [NetconfSession::getData] | Got return for path: /ietf-interfaces:interfaces/interface/ieee802-dot1q-bridge:bridge-port/ieee802-dot1q-sched-bridge:gate-parameter-table
[2026-04-17 02:35:51.349755] | Thread:20635 | [GclParser::parseOperationalGclData] | Start operational GCL data parsing
[2026-04-17 02:35:51.350006] | Thread:20635 | [GclParser::parseOperationalGclData] | Finished operational GCL data parsing
[2026-04-17 02:35:51.350074] | Thread:21115 | [NetworkManager::fetchOperationGclForNode] | Start operational GCL fetch for node: vstsn02
[2026-04-17 02:35:51.350120] | Thread:20646 | [NetconfSession::getData] | Start data fetch with XPath: /ietf-interfaces:interfaces/interface/ieee802-dot1q-bridge:bridge-port/ieee802-dot1q-sched-bridge:gate-parameter-table
[2026-04-17 02:35:51.429125] | Thread:20646 | [NetconfSession::getData] | Got return for path: /ietf-interfaces:interfaces/interface/ieee802-dot1q-bridge:bridge-port/ieee802-dot1q-sched-bridge:gate-parameter-table
[2026-04-17 02:35:51.429294] | Thread:20646 | [GclParser::parseOperationalGclData] | Start operational GCL data parsing
[2026-04-17 02:35:51.429936] | Thread:20646 | [GclParser::parseOperationalGclData] | Finished operational GCL data parsing
[2026-04-17 02:35:51.430065] | Thread:21115 | [NetworkManager::fetchOperationGclForNode] | Start operational GCL fetch for node: vstsn03
[2026-04-17 02:35:51.430133] | Thread:20657 | [NetconfSession::getData] | Start data fetch with XPath: /ietf-interfaces:interfaces/interface/ieee802-dot1q-bridge:bridge-port/ieee802-dot1q-sched-bridge:gate-parameter-table
[2026-04-17 02:35:51.468917] | Thread:20657 | [NetconfSession::getData] | Got return for path: /ietf-interfaces:interfaces/interface/ieee802-dot1q-bridge:bridge-port/ieee802-dot1q-sched-bridge:gate-parameter-table
[2026-04-17 02:35:51.469024] | Thread:20657 | [GclParser::parseOperationalGclData] | Start operational GCL data parsing
[2026-04-17 02:35:51.469176] | Thread:20657 | [GclParser::parseOperationalGclData] | Finished operational GCL data parsing
[2026-04-17 02:35:51.469299] | Thread:21115 | [NetworkManager::fetchOperationGcl] | Stop operational GCL fetch
[2026-04-17 02:35:51.469339] | Thread:21115 | [CncServiceImpl::SetNodeSchedule] | Finished setting node schedule (with verification) for node: vstsn01
[2026-04-17 02:35:51.469404] | Thread:21117 | [NetworkManager::deployConfigToNode] | Start config deployment for node: vstsn01
[2026-04-17 02:35:51.469517] | Thread:20635 | [NetconfSession::editData] | Start edit-config with XML length: 3260
[2026-04-17 02:35:51.499520] | Thread:20635 | [NetconfSession::editData] | Finished edit-config with XML length: 3260
[2026-04-17 02:35:51.499551] | Thread:20635 | [NetconfSession::commit] | Start commit operation.
[2026-04-17 02:35:51.540855] | Thread:20635 | [NetconfSession::commit] | Finished commit operation.
[2026-04-17 02:35:51.540879] | Thread:20635 | [NetworkManager::deployConfigToNode] | Successfully deployed config for node: vstsn01
[2026-04-17 02:35:51.540948] | Thread:21117 | [CncServiceImpl::SetNodeSchedule] | Finished deploying config to node: vstsn01
[2026-04-17 02:35:51.540982] | Thread:21117 | [NetworkManager::fetchOperationGcl] | Start operational GCL fetch
[2026-04-17 02:35:51.540984] | Thread:21117 | [NetworkManager::fetchOperationGclForNode] | Start operational GCL fetch for node: vstsn01
[2026-04-17 02:35:51.541032] | Thread:20635 | [NetconfSession::getData] | Start data fetch with XPath: /ietf-interfaces:interfaces/interface/ieee802-dot1q-bridge:bridge-port/ieee802-dot1q-sched-bridge:gate-parameter-table
[2026-04-17 02:35:51.663052] | Thread:20635 | [NetconfSession::getData] | Got return for path: /ietf-interfaces:interfaces/interface/ieee802-dot1q-bridge:bridge-port/ieee802-dot1q-sched-bridge:gate-parameter-table
[2026-04-17 02:35:51.663195] | Thread:20635 | [GclParser::parseOperationalGclData] | Start operational GCL data parsing
[2026-04-17 02:35:51.663602] | Thread:20635 | [GclParser::parseOperationalGclData] | Finished operational GCL data parsing
[2026-04-17 02:35:51.663731] | Thread:21117 | [NetworkManager::fetchOperationGclForNode] | Start operational GCL fetch for node: vstsn02
[2026-04-17 02:35:51.663799] | Thread:20646 | [NetconfSession::getData] | Start data fetch with XPath: /ietf-interfaces:interfaces/interface/ieee802-dot1q-bridge:bridge-port/ieee802-dot1q-sched-bridge:gate-parameter-table
[2026-04-17 02:35:51.743543] | Thread:20646 | [NetconfSession::getData] | Got return for path: /ietf-interfaces:interfaces/interface/ieee802-dot1q-bridge:bridge-port/ieee802-dot1q-sched-bridge:gate-parameter-table
[2026-04-17 02:35:51.743691] | Thread:20646 | [GclParser::parseOperationalGclData] | Start operational GCL data parsing
[2026-04-17 02:35:51.744022] | Thread:20646 | [GclParser::parseOperationalGclData] | Finished operational GCL data parsing
[2026-04-17 02:35:51.744155] | Thread:21117 | [NetworkManager::fetchOperationGclForNode] | Start operational GCL fetch for node: vstsn03
[2026-04-17 02:35:51.744276] | Thread:20657 | [NetconfSession::getData] | Start data fetch with XPath: /ietf-interfaces:interfaces/interface/ieee802-dot1q-bridge:bridge-port/ieee802-dot1q-sched-bridge:gate-parameter-table
[2026-04-17 02:35:51.782195] | Thread:20657 | [NetconfSession::getData] | Got return for path: /ietf-interfaces:interfaces/interface/ieee802-dot1q-bridge:bridge-port/ieee802-dot1q-sched-bridge:gate-parameter-table
[2026-04-17 02:35:51.782314] | Thread:20657 | [GclParser::parseOperationalGclData] | Start operational GCL data parsing
[2026-04-17 02:35:51.782479] | Thread:20657 | [GclParser::parseOperationalGclData] | Finished operational GCL data parsing
[2026-04-17 02:35:51.782574] | Thread:21117 | [NetworkManager::fetchOperationGcl] | Stop operational GCL fetch
[2026-04-17 02:35:51.782641] | Thread:21117 | [CncServiceImpl::SetNodeSchedule] | Finished setting node schedule (with verification) for node: vstsn01
[2026-04-17 02:35:51.782725] | Thread:21119 | [NetworkManager::deployConfigToNode] | Start config deployment for node: vstsn01
[2026-04-17 02:35:51.782916] | Thread:20635 | [NetconfSession::editData] | Start edit-config with XML length: 3260
[2026-04-17 02:35:51.813513] | Thread:20635 | [NetconfSession::editData] | Finished edit-config with XML length: 3260
[2026-04-17 02:35:51.813539] | Thread:20635 | [NetconfSession::commit] | Start commit operation.
[2026-04-17 02:35:51.877605] | Thread:20635 | [NetconfSession::commit] | Finished commit operation.
[2026-04-17 02:35:51.877632] | Thread:20635 | [NetworkManager::deployConfigToNode] | Successfully deployed config for node: vstsn01
[2026-04-17 02:35:51.877698] | Thread:21119 | [CncServiceImpl::SetNodeSchedule] | Finished deploying config to node: vstsn01
[2026-04-17 02:35:51.877731] | Thread:21119 | [NetworkManager::fetchOperationGcl] | Start operational GCL fetch
[2026-04-17 02:35:51.877733] | Thread:21119 | [NetworkManager::fetchOperationGclForNode] | Start operational GCL fetch for node: vstsn01
[2026-04-17 02:35:51.877773] | Thread:20635 | [NetconfSession::getData] | Start data fetch with XPath: /ietf-interfaces:interfaces/interface/ieee802-dot1q-bridge:bridge-port/ieee802-dot1q-sched-bridge:gate-parameter-table
[2026-04-17 02:35:52.005211] | Thread:20635 | [NetconfSession::getData] | Got return for path: /ietf-interfaces:interfaces/interface/ieee802-dot1q-bridge:bridge-port/ieee802-dot1q-sched-bridge:gate-parameter-table
[2026-04-17 02:35:52.005338] | Thread:20635 | [GclParser::parseOperationalGclData] | Start operational GCL data parsing
[2026-04-17 02:35:52.005599] | Thread:20635 | [GclParser::parseOperationalGclData] | Finished operational GCL data parsing
[2026-04-17 02:35:52.005723] | Thread:21119 | [NetworkManager::fetchOperationGclForNode] | Start operational GCL fetch for node: vstsn02
[2026-04-17 02:35:52.005851] | Thread:20646 | [NetconfSession::getData] | Start data fetch with XPath: /ietf-interfaces:interfaces/interface/ieee802-dot1q-bridge:bridge-port/ieee802-dot1q-sched-bridge:gate-parameter-table
[2026-04-17 02:35:52.083207] | Thread:20646 | [NetconfSession::getData] | Got return for path: /ietf-interfaces:interfaces/interface/ieee802-dot1q-bridge:bridge-port/ieee802-dot1q-sched-bridge:gate-parameter-table
[2026-04-17 02:35:52.083371] | Thread:20646 | [GclParser::parseOperationalGclData] | Start operational GCL data parsing
[2026-04-17 02:35:52.083779] | Thread:20646 | [GclParser::parseOperationalGclData] | Finished operational GCL data parsing
[2026-04-17 02:35:52.083902] | Thread:21119 | [NetworkManager::fetchOperationGclForNode] | Start operational GCL fetch for node: vstsn03
[2026-04-17 02:35:52.083965] | Thread:20657 | [NetconfSession::getData] | Start data fetch with XPath: /ietf-interfaces:interfaces/interface/ieee802-dot1q-bridge:bridge-port/ieee802-dot1q-sched-bridge:gate-parameter-table
[2026-04-17 02:35:52.122551] | Thread:20657 | [NetconfSession::getData] | Got return for path: /ietf-interfaces:interfaces/interface/ieee802-dot1q-bridge:bridge-port/ieee802-dot1q-sched-bridge:gate-parameter-table
[2026-04-17 02:35:52.122829] | Thread:20657 | [GclParser::parseOperationalGclData] | Start operational GCL data parsing
[2026-04-17 02:35:52.123370] | Thread:20657 | [GclParser::parseOperationalGclData] | Finished operational GCL data parsing
[2026-04-17 02:35:52.123691] | Thread:21119 | [NetworkManager::fetchOperationGcl] | Stop operational GCL fetch
[2026-04-17 02:35:52.123729] | Thread:21119 | [CncServiceImpl::SetNodeSchedule] | Finished setting node schedule (with verification) for node: vstsn01
[2026-04-17 02:35:52.123876] | Thread:21121 | [NetworkManager::deployConfigToNode] | Start config deployment for node: vstsn01
[2026-04-17 02:35:52.124038] | Thread:20635 | [NetconfSession::editData] | Start edit-config with XML length: 3260
[2026-04-17 02:35:52.153798] | Thread:20635 | [NetconfSession::editData] | Finished edit-config with XML length: 3260
[2026-04-17 02:35:52.153821] | Thread:20635 | [NetconfSession::commit] | Start commit operation.
[2026-04-17 02:35:52.218712] | Thread:20635 | [NetconfSession::commit] | Finished commit operation.
[2026-04-17 02:35:52.218751] | Thread:20635 | [NetworkManager::deployConfigToNode] | Successfully deployed config for node: vstsn01
[2026-04-17 02:35:52.218936] | Thread:21121 | [CncServiceImpl::SetNodeSchedule] | Finished deploying config to node: vstsn01
[2026-04-17 02:35:52.219001] | Thread:21121 | [NetworkManager::fetchOperationGcl] | Start operational GCL fetch
[2026-04-17 02:35:52.219004] | Thread:21121 | [NetworkManager::fetchOperationGclForNode] | Start operational GCL fetch for node: vstsn01
[2026-04-17 02:35:52.219078] | Thread:20635 | [NetconfSession::getData] | Start data fetch with XPath: /ietf-interfaces:interfaces/interface/ieee802-dot1q-bridge:bridge-port/ieee802-dot1q-sched-bridge:gate-parameter-table
[2026-04-17 02:35:52.326120] | Thread:20635 | [NetconfSession::getData] | Got return for path: /ietf-interfaces:interfaces/interface/ieee802-dot1q-bridge:bridge-port/ieee802-dot1q-sched-bridge:gate-parameter-table
[2026-04-17 02:35:52.326234] | Thread:20635 | [GclParser::parseOperationalGclData] | Start operational GCL data parsing
[2026-04-17 02:35:52.326470] | Thread:20635 | [GclParser::parseOperationalGclData] | Finished operational GCL data parsing
[2026-04-17 02:35:52.326641] | Thread:21121 | [NetworkManager::fetchOperationGclForNode] | Start operational GCL fetch for node: vstsn02
[2026-04-17 02:35:52.326750] | Thread:20646 | [NetconfSession::getData] | Start data fetch with XPath: /ietf-interfaces:interfaces/interface/ieee802-dot1q-bridge:bridge-port/ieee802-dot1q-sched-bridge:gate-parameter-table
[2026-04-17 02:35:52.403695] | Thread:20646 | [NetconfSession::getData] | Got return for path: /ietf-interfaces:interfaces/interface/ieee802-dot1q-bridge:bridge-port/ieee802-dot1q-sched-bridge:gate-parameter-table
[2026-04-17 02:35:52.403852] | Thread:20646 | [GclParser::parseOperationalGclData] | Start operational GCL data parsing
[2026-04-17 02:35:52.404152] | Thread:20646 | [GclParser::parseOperationalGclData] | Finished operational GCL data parsing
[2026-04-17 02:35:52.404353] | Thread:21121 | [NetworkManager::fetchOperationGclForNode] | Start operational GCL fetch for node: vstsn03
[2026-04-17 02:35:52.404493] | Thread:20657 | [NetconfSession::getData] | Start data fetch with XPath: /ietf-interfaces:interfaces/interface/ieee802-dot1q-bridge:bridge-port/ieee802-dot1q-sched-bridge:gate-parameter-table
[2026-04-17 02:35:52.443585] | Thread:20657 | [NetconfSession::getData] | Got return for path: /ietf-interfaces:interfaces/interface/ieee802-dot1q-bridge:bridge-port/ieee802-dot1q-sched-bridge:gate-parameter-table
[2026-04-17 02:35:52.443729] | Thread:20657 | [GclParser::parseOperationalGclData] | Start operational GCL data parsing
[2026-04-17 02:35:52.443931] | Thread:20657 | [GclParser::parseOperationalGclData] | Finished operational GCL data parsing
[2026-04-17 02:35:52.444014] | Thread:21121 | [NetworkManager::fetchOperationGcl] | Stop operational GCL fetch
[2026-04-17 02:35:52.444066] | Thread:21121 | [CncServiceImpl::SetNodeSchedule] | Finished setting node schedule (with verification) for node: vstsn01
[2026-04-17 02:35:52.444152] | Thread:21123 | [NetworkManager::deployConfigToNode] | Start config deployment for node: vstsn01
[2026-04-17 02:35:52.444264] | Thread:20635 | [NetconfSession::editData] | Start edit-config with XML length: 3260
[2026-04-17 02:35:52.472439] | Thread:20635 | [NetconfSession::editData] | Finished edit-config with XML length: 3260
[2026-04-17 02:35:52.472473] | Thread:20635 | [NetconfSession::commit] | Start commit operation.
[2026-04-17 02:35:52.512860] | Thread:20635 | [NetconfSession::commit] | Finished commit operation.
[2026-04-17 02:35:52.512874] | Thread:20635 | [NetworkManager::deployConfigToNode] | Successfully deployed config for node: vstsn01
[2026-04-17 02:35:52.512927] | Thread:21123 | [CncServiceImpl::SetNodeSchedule] | Finished deploying config to node: vstsn01
[2026-04-17 02:35:52.512966] | Thread:21123 | [NetworkManager::fetchOperationGcl] | Start operational GCL fetch
[2026-04-17 02:35:52.512969] | Thread:21123 | [NetworkManager::fetchOperationGclForNode] | Start operational GCL fetch for node: vstsn01
[2026-04-17 02:35:52.513011] | Thread:20635 | [NetconfSession::getData] | Start data fetch with XPath: /ietf-interfaces:interfaces/interface/ieee802-dot1q-bridge:bridge-port/ieee802-dot1q-sched-bridge:gate-parameter-table
[2026-04-17 02:35:52.615293] | Thread:20635 | [NetconfSession::getData] | Got return for path: /ietf-interfaces:interfaces/interface/ieee802-dot1q-bridge:bridge-port/ieee802-dot1q-sched-bridge:gate-parameter-table
[2026-04-17 02:35:52.615400] | Thread:20635 | [GclParser::parseOperationalGclData] | Start operational GCL data parsing
[2026-04-17 02:35:52.615634] | Thread:20635 | [GclParser::parseOperationalGclData] | Finished operational GCL data parsing
[2026-04-17 02:35:52.615730] | Thread:21123 | [NetworkManager::fetchOperationGclForNode] | Start operational GCL fetch for node: vstsn02
[2026-04-17 02:35:52.615845] | Thread:20646 | [NetconfSession::getData] | Start data fetch with XPath: /ietf-interfaces:interfaces/interface/ieee802-dot1q-bridge:bridge-port/ieee802-dot1q-sched-bridge:gate-parameter-table
[2026-04-17 02:35:52.694274] | Thread:20646 | [NetconfSession::getData] | Got return for path: /ietf-interfaces:interfaces/interface/ieee802-dot1q-bridge:bridge-port/ieee802-dot1q-sched-bridge:gate-parameter-table
[2026-04-17 02:35:52.694424] | Thread:20646 | [GclParser::parseOperationalGclData] | Start operational GCL data parsing
[2026-04-17 02:35:52.694821] | Thread:20646 | [GclParser::parseOperationalGclData] | Finished operational GCL data parsing
[2026-04-17 02:35:52.694927] | Thread:21123 | [NetworkManager::fetchOperationGclForNode] | Start operational GCL fetch for node: vstsn03
[2026-04-17 02:35:52.695028] | Thread:20657 | [NetconfSession::getData] | Start data fetch with XPath: /ietf-interfaces:interfaces/interface/ieee802-dot1q-bridge:bridge-port/ieee802-dot1q-sched-bridge:gate-parameter-table
[2026-04-17 02:35:52.737347] | Thread:20657 | [NetconfSession::getData] | Got return for path: /ietf-interfaces:interfaces/interface/ieee802-dot1q-bridge:bridge-port/ieee802-dot1q-sched-bridge:gate-parameter-table
[2026-04-17 02:35:52.737469] | Thread:20657 | [GclParser::parseOperationalGclData] | Start operational GCL data parsing
[2026-04-17 02:35:52.737621] | Thread:20657 | [GclParser::parseOperationalGclData] | Finished operational GCL data parsing
[2026-04-17 02:35:52.737728] | Thread:21123 | [NetworkManager::fetchOperationGcl] | Stop operational GCL fetch
[2026-04-17 02:35:52.737786] | Thread:21123 | [CncServiceImpl::SetNodeSchedule] | Finished setting node schedule (with verification) for node: vstsn01
[2026-04-17 02:35:52.737886] | Thread:20881 | [NetworkManager::deployConfigToNode] | Start config deployment for node: vstsn01
[2026-04-17 02:35:52.737988] | Thread:20635 | [NetconfSession::editData] | Start edit-config with XML length: 3260
[2026-04-17 02:35:52.785925] | Thread:20635 | [NetconfSession::editData] | Finished edit-config with XML length: 3260
[2026-04-17 02:35:52.785969] | Thread:20635 | [NetconfSession::commit] | Start commit operation.
[2026-04-17 02:35:52.846042] | Thread:20635 | [NetconfSession::commit] | Finished commit operation.
[2026-04-17 02:35:52.846113] | Thread:20635 | [NetworkManager::deployConfigToNode] | Successfully deployed config for node: vstsn01
[2026-04-17 02:35:52.846171] | Thread:20881 | [CncServiceImpl::SetNodeSchedule] | Finished deploying config to node: vstsn01
[2026-04-17 02:35:52.846208] | Thread:20881 | [NetworkManager::fetchOperationGcl] | Start operational GCL fetch
[2026-04-17 02:35:52.846210] | Thread:20881 | [NetworkManager::fetchOperationGclForNode] | Start operational GCL fetch for node: vstsn01
[2026-04-17 02:35:52.846244] | Thread:20635 | [NetconfSession::getData] | Start data fetch with XPath: /ietf-interfaces:interfaces/interface/ieee802-dot1q-bridge:bridge-port/ieee802-dot1q-sched-bridge:gate-parameter-table
[2026-04-17 02:35:52.948148] | Thread:20635 | [NetconfSession::getData] | Got return for path: /ietf-interfaces:interfaces/interface/ieee802-dot1q-bridge:bridge-port/ieee802-dot1q-sched-bridge:gate-parameter-table
[2026-04-17 02:35:52.948278] | Thread:20635 | [GclParser::parseOperationalGclData] | Start operational GCL data parsing
[2026-04-17 02:35:52.948506] | Thread:20635 | [GclParser::parseOperationalGclData] | Finished operational GCL data parsing
[2026-04-17 02:35:52.948591] | Thread:20881 | [NetworkManager::fetchOperationGclForNode] | Start operational GCL fetch for node: vstsn02
[2026-04-17 02:35:52.948697] | Thread:20646 | [NetconfSession::getData] | Start data fetch with XPath: /ietf-interfaces:interfaces/interface/ieee802-dot1q-bridge:bridge-port/ieee802-dot1q-sched-bridge:gate-parameter-table
[2026-04-17 02:35:53.024092] | Thread:20646 | [NetconfSession::getData] | Got return for path: /ietf-interfaces:interfaces/interface/ieee802-dot1q-bridge:bridge-port/ieee802-dot1q-sched-bridge:gate-parameter-table
[2026-04-17 02:35:53.024378] | Thread:20646 | [GclParser::parseOperationalGclData] | Start operational GCL data parsing
[2026-04-17 02:35:53.024919] | Thread:20646 | [GclParser::parseOperationalGclData] | Finished operational GCL data parsing
[2026-04-17 02:35:53.025059] | Thread:20881 | [NetworkManager::fetchOperationGclForNode] | Start operational GCL fetch for node: vstsn03
[2026-04-17 02:35:53.025158] | Thread:20657 | [NetconfSession::getData] | Start data fetch with XPath: /ietf-interfaces:interfaces/interface/ieee802-dot1q-bridge:bridge-port/ieee802-dot1q-sched-bridge:gate-parameter-table
[2026-04-17 02:35:53.064481] | Thread:20657 | [NetconfSession::getData] | Got return for path: /ietf-interfaces:interfaces/interface/ieee802-dot1q-bridge:bridge-port/ieee802-dot1q-sched-bridge:gate-parameter-table
[2026-04-17 02:35:53.064611] | Thread:20657 | [GclParser::parseOperationalGclData] | Start operational GCL data parsing
[2026-04-17 02:35:53.064764] | Thread:20657 | [GclParser::parseOperationalGclData] | Finished operational GCL data parsing
[2026-04-17 02:35:53.064886] | Thread:20881 | [NetworkManager::fetchOperationGcl] | Stop operational GCL fetch
[2026-04-17 02:35:53.064928] | Thread:20881 | [CncServiceImpl::SetNodeSchedule] | Finished setting node schedule (with verification) for node: vstsn01
[2026-04-17 02:35:53.064985] | Thread:21124 | [NetworkManager::deployConfigToNode] | Start config deployment for node: vstsn01
[2026-04-17 02:35:53.065084] | Thread:20635 | [NetconfSession::editData] | Start edit-config with XML length: 3260
[2026-04-17 02:35:53.092142] | Thread:20635 | [NetconfSession::editData] | Finished edit-config with XML length: 3260
[2026-04-17 02:35:53.092168] | Thread:20635 | [NetconfSession::commit] | Start commit operation.
[2026-04-17 02:35:53.134879] | Thread:20635 | [NetconfSession::commit] | Finished commit operation.
[2026-04-17 02:35:53.134918] | Thread:20635 | [NetworkManager::deployConfigToNode] | Successfully deployed config for node: vstsn01
[2026-04-17 02:35:53.134997] | Thread:21124 | [CncServiceImpl::SetNodeSchedule] | Finished deploying config to node: vstsn01
[2026-04-17 02:35:53.135145] | Thread:21124 | [NetworkManager::fetchOperationGcl] | Start operational GCL fetch
[2026-04-17 02:35:53.135292] | Thread:21124 | [NetworkManager::fetchOperationGclForNode] | Start operational GCL fetch for node: vstsn01
[2026-04-17 02:35:53.135362] | Thread:20635 | [NetconfSession::getData] | Start data fetch with XPath: /ietf-interfaces:interfaces/interface/ieee802-dot1q-bridge:bridge-port/ieee802-dot1q-sched-bridge:gate-parameter-table
[2026-04-17 02:35:53.241662] | Thread:20635 | [NetconfSession::getData] | Got return for path: /ietf-interfaces:interfaces/interface/ieee802-dot1q-bridge:bridge-port/ieee802-dot1q-sched-bridge:gate-parameter-table
[2026-04-17 02:35:53.241794] | Thread:20635 | [GclParser::parseOperationalGclData] | Start operational GCL data parsing
[2026-04-17 02:35:53.242046] | Thread:20635 | [GclParser::parseOperationalGclData] | Finished operational GCL data parsing
[2026-04-17 02:35:53.242171] | Thread:21124 | [NetworkManager::fetchOperationGclForNode] | Start operational GCL fetch for node: vstsn02
[2026-04-17 02:35:53.242229] | Thread:20646 | [NetconfSession::getData] | Start data fetch with XPath: /ietf-interfaces:interfaces/interface/ieee802-dot1q-bridge:bridge-port/ieee802-dot1q-sched-bridge:gate-parameter-table
[2026-04-17 02:35:53.322843] | Thread:20646 | [NetconfSession::getData] | Got return for path: /ietf-interfaces:interfaces/interface/ieee802-dot1q-bridge:bridge-port/ieee802-dot1q-sched-bridge:gate-parameter-table
[2026-04-17 02:35:53.323033] | Thread:20646 | [GclParser::parseOperationalGclData] | Start operational GCL data parsing
[2026-04-17 02:35:53.323332] | Thread:20646 | [GclParser::parseOperationalGclData] | Finished operational GCL data parsing
[2026-04-17 02:35:53.323501] | Thread:21124 | [NetworkManager::fetchOperationGclForNode] | Start operational GCL fetch for node: vstsn03
[2026-04-17 02:35:53.323543] | Thread:20657 | [NetconfSession::getData] | Start data fetch with XPath: /ietf-interfaces:interfaces/interface/ieee802-dot1q-bridge:bridge-port/ieee802-dot1q-sched-bridge:gate-parameter-table
[2026-04-17 02:35:53.364612] | Thread:20657 | [NetconfSession::getData] | Got return for path: /ietf-interfaces:interfaces/interface/ieee802-dot1q-bridge:bridge-port/ieee802-dot1q-sched-bridge:gate-parameter-table
[2026-04-17 02:35:53.364992] | Thread:20657 | [GclParser::parseOperationalGclData] | Start operational GCL data parsing
[2026-04-17 02:35:53.365551] | Thread:20657 | [GclParser::parseOperationalGclData] | Finished operational GCL data parsing
[2026-04-17 02:35:53.365694] | Thread:21124 | [NetworkManager::fetchOperationGcl] | Stop operational GCL fetch
[2026-04-17 02:35:53.365796] | Thread:21124 | [CncServiceImpl::SetNodeSchedule] | Finished setting node schedule (with verification) for node: vstsn01
[2026-04-17 02:35:53.365874] | Thread:21136 | [NetworkManager::deployConfigToNode] | Start config deployment for node: vstsn01
[2026-04-17 02:35:53.366100] | Thread:20635 | [NetconfSession::editData] | Start edit-config with XML length: 3260
[2026-04-17 02:35:53.395538] | Thread:20635 | [NetconfSession::editData] | Finished edit-config with XML length: 3260
[2026-04-17 02:35:53.395575] | Thread:20635 | [NetconfSession::commit] | Start commit operation.
[2026-04-17 02:35:53.438128] | Thread:20635 | [NetconfSession::commit] | Finished commit operation.
[2026-04-17 02:35:53.438179] | Thread:20635 | [NetworkManager::deployConfigToNode] | Successfully deployed config for node: vstsn01
[2026-04-17 02:35:53.438287] | Thread:21136 | [CncServiceImpl::SetNodeSchedule] | Finished deploying config to node: vstsn01
[2026-04-17 02:35:53.438369] | Thread:21136 | [NetworkManager::fetchOperationGcl] | Start operational GCL fetch
[2026-04-17 02:35:53.438372] | Thread:21136 | [NetworkManager::fetchOperationGclForNode] | Start operational GCL fetch for node: vstsn01
[2026-04-17 02:35:53.438454] | Thread:20635 | [NetconfSession::getData] | Start data fetch with XPath: /ietf-interfaces:interfaces/interface/ieee802-dot1q-bridge:bridge-port/ieee802-dot1q-sched-bridge:gate-parameter-table
[2026-04-17 02:35:53.540455] | Thread:20635 | [NetconfSession::getData] | Got return for path: /ietf-interfaces:interfaces/interface/ieee802-dot1q-bridge:bridge-port/ieee802-dot1q-sched-bridge:gate-parameter-table
[2026-04-17 02:35:53.540555] | Thread:20635 | [GclParser::parseOperationalGclData] | Start operational GCL data parsing
[2026-04-17 02:35:53.540783] | Thread:20635 | [GclParser::parseOperationalGclData] | Finished operational GCL data parsing
[2026-04-17 02:35:53.540897] | Thread:21136 | [NetworkManager::fetchOperationGclForNode] | Start operational GCL fetch for node: vstsn02
[2026-04-17 02:35:53.540950] | Thread:20646 | [NetconfSession::getData] | Start data fetch with XPath: /ietf-interfaces:interfaces/interface/ieee802-dot1q-bridge:bridge-port/ieee802-dot1q-sched-bridge:gate-parameter-table
[2026-04-17 02:35:53.618908] | Thread:20646 | [NetconfSession::getData] | Got return for path: /ietf-interfaces:interfaces/interface/ieee802-dot1q-bridge:bridge-port/ieee802-dot1q-sched-bridge:gate-parameter-table
[2026-04-17 02:35:53.619101] | Thread:20646 | [GclParser::parseOperationalGclData] | Start operational GCL data parsing
[2026-04-17 02:35:53.619583] | Thread:20646 | [GclParser::parseOperationalGclData] | Finished operational GCL data parsing
[2026-04-17 02:35:53.619732] | Thread:21136 | [NetworkManager::fetchOperationGclForNode] | Start operational GCL fetch for node: vstsn03
[2026-04-17 02:35:53.619816] | Thread:20657 | [NetconfSession::getData] | Start data fetch with XPath: /ietf-interfaces:interfaces/interface/ieee802-dot1q-bridge:bridge-port/ieee802-dot1q-sched-bridge:gate-parameter-table
[2026-04-17 02:35:53.666117] | Thread:20657 | [NetconfSession::getData] | Got return for path: /ietf-interfaces:interfaces/interface/ieee802-dot1q-bridge:bridge-port/ieee802-dot1q-sched-bridge:gate-parameter-table
[2026-04-17 02:35:53.666243] | Thread:20657 | [GclParser::parseOperationalGclData] | Start operational GCL data parsing
[2026-04-17 02:35:53.666401] | Thread:20657 | [GclParser::parseOperationalGclData] | Finished operational GCL data parsing
[2026-04-17 02:35:53.666470] | Thread:21136 | [NetworkManager::fetchOperationGcl] | Stop operational GCL fetch
[2026-04-17 02:35:53.666520] | Thread:21136 | [CncServiceImpl::SetNodeSchedule] | Finished setting node schedule (with verification) for node: vstsn01
[2026-04-17 02:35:53.666620] | Thread:21137 | [NetworkManager::deployConfigToNode] | Start config deployment for node: vstsn01
[2026-04-17 02:35:53.666737] | Thread:20635 | [NetconfSession::editData] | Start edit-config with XML length: 3260
[2026-04-17 02:35:53.697906] | Thread:20635 | [NetconfSession::editData] | Finished edit-config with XML length: 3260
[2026-04-17 02:35:53.697950] | Thread:20635 | [NetconfSession::commit] | Start commit operation.
[2026-04-17 02:35:53.738046] | Thread:20635 | [NetconfSession::commit] | Finished commit operation.
[2026-04-17 02:35:53.738075] | Thread:20635 | [NetworkManager::deployConfigToNode] | Successfully deployed config for node: vstsn01
[2026-04-17 02:35:53.738120] | Thread:21137 | [CncServiceImpl::SetNodeSchedule] | Finished deploying config to node: vstsn01
[2026-04-17 02:35:53.738143] | Thread:21137 | [NetworkManager::fetchOperationGcl] | Start operational GCL fetch
[2026-04-17 02:35:53.738148] | Thread:21137 | [NetworkManager::fetchOperationGclForNode] | Start operational GCL fetch for node: vstsn01
[2026-04-17 02:35:53.738178] | Thread:20635 | [NetconfSession::getData] | Start data fetch with XPath: /ietf-interfaces:interfaces/interface/ieee802-dot1q-bridge:bridge-port/ieee802-dot1q-sched-bridge:gate-parameter-table
[2026-04-17 02:35:53.838806] | Thread:20635 | [NetconfSession::getData] | Got return for path: /ietf-interfaces:interfaces/interface/ieee802-dot1q-bridge:bridge-port/ieee802-dot1q-sched-bridge:gate-parameter-table
[2026-04-17 02:35:53.838930] | Thread:20635 | [GclParser::parseOperationalGclData] | Start operational GCL data parsing
[2026-04-17 02:35:53.839169] | Thread:20635 | [GclParser::parseOperationalGclData] | Finished operational GCL data parsing
[2026-04-17 02:35:53.839235] | Thread:21137 | [NetworkManager::fetchOperationGclForNode] | Start operational GCL fetch for node: vstsn02
[2026-04-17 02:35:53.839302] | Thread:20646 | [NetconfSession::getData] | Start data fetch with XPath: /ietf-interfaces:interfaces/interface/ieee802-dot1q-bridge:bridge-port/ieee802-dot1q-sched-bridge:gate-parameter-table
[2026-04-17 02:35:53.916072] | Thread:20646 | [NetconfSession::getData] | Got return for path: /ietf-interfaces:interfaces/interface/ieee802-dot1q-bridge:bridge-port/ieee802-dot1q-sched-bridge:gate-parameter-table
[2026-04-17 02:35:53.916220] | Thread:20646 | [GclParser::parseOperationalGclData] | Start operational GCL data parsing
[2026-04-17 02:35:53.916612] | Thread:20646 | [GclParser::parseOperationalGclData] | Finished operational GCL data parsing
[2026-04-17 02:35:53.916739] | Thread:21137 | [NetworkManager::fetchOperationGclForNode] | Start operational GCL fetch for node: vstsn03
[2026-04-17 02:35:53.916828] | Thread:20657 | [NetconfSession::getData] | Start data fetch with XPath: /ietf-interfaces:interfaces/interface/ieee802-dot1q-bridge:bridge-port/ieee802-dot1q-sched-bridge:gate-parameter-table
[2026-04-17 02:35:53.956469] | Thread:20657 | [NetconfSession::getData] | Got return for path: /ietf-interfaces:interfaces/interface/ieee802-dot1q-bridge:bridge-port/ieee802-dot1q-sched-bridge:gate-parameter-table
[2026-04-17 02:35:53.956597] | Thread:20657 | [GclParser::parseOperationalGclData] | Start operational GCL data parsing
[2026-04-17 02:35:53.956784] | Thread:20657 | [GclParser::parseOperationalGclData] | Finished operational GCL data parsing
[2026-04-17 02:35:53.956864] | Thread:21137 | [NetworkManager::fetchOperationGcl] | Stop operational GCL fetch
[2026-04-17 02:35:53.956933] | Thread:21137 | [CncServiceImpl::SetNodeSchedule] | Finished setting node schedule (with verification) for node: vstsn01
[2026-04-17 02:35:53.957039] | Thread:21138 | [NetworkManager::deployConfigToNode] | Start config deployment for node: vstsn01
[2026-04-17 02:35:53.957162] | Thread:20635 | [NetconfSession::editData] | Start edit-config with XML length: 3260
[2026-04-17 02:35:53.985227] | Thread:20635 | [NetconfSession::editData] | Finished edit-config with XML length: 3260
[2026-04-17 02:35:53.985253] | Thread:20635 | [NetconfSession::commit] | Start commit operation.
[2026-04-17 02:35:54.026018] | Thread:20635 | [NetconfSession::commit] | Finished commit operation.
[2026-04-17 02:35:54.026055] | Thread:20635 | [NetworkManager::deployConfigToNode] | Successfully deployed config for node: vstsn01
[2026-04-17 02:35:54.026107] | Thread:21138 | [CncServiceImpl::SetNodeSchedule] | Finished deploying config to node: vstsn01
[2026-04-17 02:35:54.026114] | Thread:21138 | [NetworkManager::fetchOperationGcl] | Start operational GCL fetch
[2026-04-17 02:35:54.026115] | Thread:21138 | [NetworkManager::fetchOperationGclForNode] | Start operational GCL fetch for node: vstsn01
[2026-04-17 02:35:54.026148] | Thread:20635 | [NetconfSession::getData] | Start data fetch with XPath: /ietf-interfaces:interfaces/interface/ieee802-dot1q-bridge:bridge-port/ieee802-dot1q-sched-bridge:gate-parameter-table
[2026-04-17 02:35:54.125544] | Thread:20635 | [NetconfSession::getData] | Got return for path: /ietf-interfaces:interfaces/interface/ieee802-dot1q-bridge:bridge-port/ieee802-dot1q-sched-bridge:gate-parameter-table
[2026-04-17 02:35:54.125659] | Thread:20635 | [GclParser::parseOperationalGclData] | Start operational GCL data parsing
[2026-04-17 02:35:54.125937] | Thread:20635 | [GclParser::parseOperationalGclData] | Finished operational GCL data parsing
[2026-04-17 02:35:54.126029] | Thread:21138 | [NetworkManager::fetchOperationGclForNode] | Start operational GCL fetch for node: vstsn02
[2026-04-17 02:35:54.126081] | Thread:20646 | [NetconfSession::getData] | Start data fetch with XPath: /ietf-interfaces:interfaces/interface/ieee802-dot1q-bridge:bridge-port/ieee802-dot1q-sched-bridge:gate-parameter-table
[2026-04-17 02:35:54.204688] | Thread:20646 | [NetconfSession::getData] | Got return for path: /ietf-interfaces:interfaces/interface/ieee802-dot1q-bridge:bridge-port/ieee802-dot1q-sched-bridge:gate-parameter-table
[2026-04-17 02:35:54.204844] | Thread:20646 | [GclParser::parseOperationalGclData] | Start operational GCL data parsing
[2026-04-17 02:35:54.205151] | Thread:20646 | [GclParser::parseOperationalGclData] | Finished operational GCL data parsing
[2026-04-17 02:35:54.205344] | Thread:21138 | [NetworkManager::fetchOperationGclForNode] | Start operational GCL fetch for node: vstsn03
[2026-04-17 02:35:54.205438] | Thread:20657 | [NetconfSession::getData] | Start data fetch with XPath: /ietf-interfaces:interfaces/interface/ieee802-dot1q-bridge:bridge-port/ieee802-dot1q-sched-bridge:gate-parameter-table
[2026-04-17 02:35:54.244314] | Thread:20657 | [NetconfSession::getData] | Got return for path: /ietf-interfaces:interfaces/interface/ieee802-dot1q-bridge:bridge-port/ieee802-dot1q-sched-bridge:gate-parameter-table
[2026-04-17 02:35:54.244452] | Thread:20657 | [GclParser::parseOperationalGclData] | Start operational GCL data parsing
[2026-04-17 02:35:54.244670] | Thread:20657 | [GclParser::parseOperationalGclData] | Finished operational GCL data parsing
[2026-04-17 02:35:54.244826] | Thread:21138 | [NetworkManager::fetchOperationGcl] | Stop operational GCL fetch
[2026-04-17 02:35:54.244875] | Thread:21138 | [CncServiceImpl::SetNodeSchedule] | Finished setting node schedule (with verification) for node: vstsn01
[2026-04-17 02:35:54.244971] | Thread:21140 | [NetworkManager::deployConfigToNode] | Start config deployment for node: vstsn01
[2026-04-17 02:35:54.245122] | Thread:20635 | [NetconfSession::editData] | Start edit-config with XML length: 3260
[2026-04-17 02:35:54.280150] | Thread:20635 | [NetconfSession::editData] | Finished edit-config with XML length: 3260
[2026-04-17 02:35:54.280186] | Thread:20635 | [NetconfSession::commit] | Start commit operation.
[2026-04-17 02:35:54.323147] | Thread:20635 | [NetconfSession::commit] | Finished commit operation.
[2026-04-17 02:35:54.323183] | Thread:20635 | [NetworkManager::deployConfigToNode] | Successfully deployed config for node: vstsn01
[2026-04-17 02:35:54.323334] | Thread:21140 | [CncServiceImpl::SetNodeSchedule] | Finished deploying config to node: vstsn01
[2026-04-17 02:35:54.323413] | Thread:21140 | [NetworkManager::fetchOperationGcl] | Start operational GCL fetch
[2026-04-17 02:35:54.323416] | Thread:21140 | [NetworkManager::fetchOperationGclForNode] | Start operational GCL fetch for node: vstsn01
[2026-04-17 02:35:54.323520] | Thread:20635 | [NetconfSession::getData] | Start data fetch with XPath: /ietf-interfaces:interfaces/interface/ieee802-dot1q-bridge:bridge-port/ieee802-dot1q-sched-bridge:gate-parameter-table
[2026-04-17 02:35:54.425455] | Thread:20635 | [NetconfSession::getData] | Got return for path: /ietf-interfaces:interfaces/interface/ieee802-dot1q-bridge:bridge-port/ieee802-dot1q-sched-bridge:gate-parameter-table
[2026-04-17 02:35:54.425578] | Thread:20635 | [GclParser::parseOperationalGclData] | Start operational GCL data parsing
[2026-04-17 02:35:54.425803] | Thread:20635 | [GclParser::parseOperationalGclData] | Finished operational GCL data parsing
[2026-04-17 02:35:54.425926] | Thread:21140 | [NetworkManager::fetchOperationGclForNode] | Start operational GCL fetch for node: vstsn02
[2026-04-17 02:35:54.426036] | Thread:20646 | [NetconfSession::getData] | Start data fetch with XPath: /ietf-interfaces:interfaces/interface/ieee802-dot1q-bridge:bridge-port/ieee802-dot1q-sched-bridge:gate-parameter-table
[2026-04-17 02:35:54.503218] | Thread:20646 | [NetconfSession::getData] | Got return for path: /ietf-interfaces:interfaces/interface/ieee802-dot1q-bridge:bridge-port/ieee802-dot1q-sched-bridge:gate-parameter-table
[2026-04-17 02:35:54.503384] | Thread:20646 | [GclParser::parseOperationalGclData] | Start operational GCL data parsing
[2026-04-17 02:35:54.503699] | Thread:20646 | [GclParser::parseOperationalGclData] | Finished operational GCL data parsing
[2026-04-17 02:35:54.503791] | Thread:21140 | [NetworkManager::fetchOperationGclForNode] | Start operational GCL fetch for node: vstsn03
[2026-04-17 02:35:54.503830] | Thread:20657 | [NetconfSession::getData] | Start data fetch with XPath: /ietf-interfaces:interfaces/interface/ieee802-dot1q-bridge:bridge-port/ieee802-dot1q-sched-bridge:gate-parameter-table
[2026-04-17 02:35:54.540977] | Thread:20657 | [NetconfSession::getData] | Got return for path: /ietf-interfaces:interfaces/interface/ieee802-dot1q-bridge:bridge-port/ieee802-dot1q-sched-bridge:gate-parameter-table
[2026-04-17 02:35:54.541093] | Thread:20657 | [GclParser::parseOperationalGclData] | Start operational GCL data parsing
[2026-04-17 02:35:54.541249] | Thread:20657 | [GclParser::parseOperationalGclData] | Finished operational GCL data parsing
[2026-04-17 02:35:54.541434] | Thread:21140 | [NetworkManager::fetchOperationGcl] | Stop operational GCL fetch
[2026-04-17 02:35:54.541529] | Thread:21140 | [CncServiceImpl::SetNodeSchedule] | Finished setting node schedule (with verification) for node: vstsn01
[2026-04-17 02:35:54.541644] | Thread:21142 | [NetworkManager::deployConfigToNode] | Start config deployment for node: vstsn01
[2026-04-17 02:35:54.541812] | Thread:20635 | [NetconfSession::editData] | Start edit-config with XML length: 3260
[2026-04-17 02:35:54.570987] | Thread:20635 | [NetconfSession::editData] | Finished edit-config with XML length: 3260
[2026-04-17 02:35:54.571015] | Thread:20635 | [NetconfSession::commit] | Start commit operation.
[2026-04-17 02:35:54.619225] | Thread:20635 | [NetconfSession::commit] | Finished commit operation.
[2026-04-17 02:35:54.619251] | Thread:20635 | [NetworkManager::deployConfigToNode] | Successfully deployed config for node: vstsn01
[2026-04-17 02:35:54.619657] | Thread:21142 | [CncServiceImpl::SetNodeSchedule] | Finished deploying config to node: vstsn01
[2026-04-17 02:35:54.619764] | Thread:21142 | [NetworkManager::fetchOperationGcl] | Start operational GCL fetch
[2026-04-17 02:35:54.619783] | Thread:21142 | [NetworkManager::fetchOperationGclForNode] | Start operational GCL fetch for node: vstsn01
[2026-04-17 02:35:54.619876] | Thread:20635 | [NetconfSession::getData] | Start data fetch with XPath: /ietf-interfaces:interfaces/interface/ieee802-dot1q-bridge:bridge-port/ieee802-dot1q-sched-bridge:gate-parameter-table
[2026-04-17 02:35:54.727413] | Thread:20635 | [NetconfSession::getData] | Got return for path: /ietf-interfaces:interfaces/interface/ieee802-dot1q-bridge:bridge-port/ieee802-dot1q-sched-bridge:gate-parameter-table
[2026-04-17 02:35:54.727546] | Thread:20635 | [GclParser::parseOperationalGclData] | Start operational GCL data parsing
[2026-04-17 02:35:54.727772] | Thread:20635 | [GclParser::parseOperationalGclData] | Finished operational GCL data parsing
[2026-04-17 02:35:54.727959] | Thread:21142 | [NetworkManager::fetchOperationGclForNode] | Start operational GCL fetch for node: vstsn02
[2026-04-17 02:35:54.728007] | Thread:20646 | [NetconfSession::getData] | Start data fetch with XPath: /ietf-interfaces:interfaces/interface/ieee802-dot1q-bridge:bridge-port/ieee802-dot1q-sched-bridge:gate-parameter-table
[2026-04-17 02:35:54.803523] | Thread:20646 | [NetconfSession::getData] | Got return for path: /ietf-interfaces:interfaces/interface/ieee802-dot1q-bridge:bridge-port/ieee802-dot1q-sched-bridge:gate-parameter-table
[2026-04-17 02:35:54.803698] | Thread:20646 | [GclParser::parseOperationalGclData] | Start operational GCL data parsing
[2026-04-17 02:35:54.804011] | Thread:20646 | [GclParser::parseOperationalGclData] | Finished operational GCL data parsing
[2026-04-17 02:35:54.804120] | Thread:21142 | [NetworkManager::fetchOperationGclForNode] | Start operational GCL fetch for node: vstsn03
[2026-04-17 02:35:54.804259] | Thread:20657 | [NetconfSession::getData] | Start data fetch with XPath: /ietf-interfaces:interfaces/interface/ieee802-dot1q-bridge:bridge-port/ieee802-dot1q-sched-bridge:gate-parameter-table
[2026-04-17 02:35:54.840086] | Thread:20657 | [NetconfSession::getData] | Got return for path: /ietf-interfaces:interfaces/interface/ieee802-dot1q-bridge:bridge-port/ieee802-dot1q-sched-bridge:gate-parameter-table
[2026-04-17 02:35:54.840213] | Thread:20657 | [GclParser::parseOperationalGclData] | Start operational GCL data parsing
[2026-04-17 02:35:54.840396] | Thread:20657 | [GclParser::parseOperationalGclData] | Finished operational GCL data parsing
[2026-04-17 02:35:54.840474] | Thread:21142 | [NetworkManager::fetchOperationGcl] | Stop operational GCL fetch
[2026-04-17 02:35:54.840506] | Thread:21142 | [CncServiceImpl::SetNodeSchedule] | Finished setting node schedule (with verification) for node: vstsn01
[2026-04-17 02:35:54.840571] | Thread:21143 | [NetworkManager::deployConfigToNode] | Start config deployment for node: vstsn01
[2026-04-17 02:35:54.840706] | Thread:20635 | [NetconfSession::editData] | Start edit-config with XML length: 3260
[2026-04-17 02:35:54.874253] | Thread:20635 | [NetconfSession::editData] | Finished edit-config with XML length: 3260
[2026-04-17 02:35:54.874286] | Thread:20635 | [NetconfSession::commit] | Start commit operation.
[2026-04-17 02:35:54.916717] | Thread:20635 | [NetconfSession::commit] | Finished commit operation.
[2026-04-17 02:35:54.916747] | Thread:20635 | [NetworkManager::deployConfigToNode] | Successfully deployed config for node: vstsn01
[2026-04-17 02:35:54.916808] | Thread:21143 | [CncServiceImpl::SetNodeSchedule] | Finished deploying config to node: vstsn01
[2026-04-17 02:35:54.916883] | Thread:21143 | [NetworkManager::fetchOperationGcl] | Start operational GCL fetch
[2026-04-17 02:35:54.916885] | Thread:21143 | [NetworkManager::fetchOperationGclForNode] | Start operational GCL fetch for node: vstsn01
[2026-04-17 02:35:54.916924] | Thread:20635 | [NetconfSession::getData] | Start data fetch with XPath: /ietf-interfaces:interfaces/interface/ieee802-dot1q-bridge:bridge-port/ieee802-dot1q-sched-bridge:gate-parameter-table
[2026-04-17 02:35:55.032738] | Thread:20635 | [NetconfSession::getData] | Got return for path: /ietf-interfaces:interfaces/interface/ieee802-dot1q-bridge:bridge-port/ieee802-dot1q-sched-bridge:gate-parameter-table
[2026-04-17 02:35:55.032911] | Thread:20635 | [GclParser::parseOperationalGclData] | Start operational GCL data parsing
[2026-04-17 02:35:55.033282] | Thread:20635 | [GclParser::parseOperationalGclData] | Finished operational GCL data parsing
[2026-04-17 02:35:55.033416] | Thread:21143 | [NetworkManager::fetchOperationGclForNode] | Start operational GCL fetch for node: vstsn02
[2026-04-17 02:35:55.033475] | Thread:20646 | [NetconfSession::getData] | Start data fetch with XPath: /ietf-interfaces:interfaces/interface/ieee802-dot1q-bridge:bridge-port/ieee802-dot1q-sched-bridge:gate-parameter-table
[2026-04-17 02:35:55.106391] | Thread:20646 | [NetconfSession::getData] | Got return for path: /ietf-interfaces:interfaces/interface/ieee802-dot1q-bridge:bridge-port/ieee802-dot1q-sched-bridge:gate-parameter-table
[2026-04-17 02:35:55.106558] | Thread:20646 | [GclParser::parseOperationalGclData] | Start operational GCL data parsing
[2026-04-17 02:35:55.106870] | Thread:20646 | [GclParser::parseOperationalGclData] | Finished operational GCL data parsing
[2026-04-17 02:35:55.106952] | Thread:21143 | [NetworkManager::fetchOperationGclForNode] | Start operational GCL fetch for node: vstsn03
[2026-04-17 02:35:55.106999] | Thread:20657 | [NetconfSession::getData] | Start data fetch with XPath: /ietf-interfaces:interfaces/interface/ieee802-dot1q-bridge:bridge-port/ieee802-dot1q-sched-bridge:gate-parameter-table
[2026-04-17 02:35:55.143582] | Thread:20657 | [NetconfSession::getData] | Got return for path: /ietf-interfaces:interfaces/interface/ieee802-dot1q-bridge:bridge-port/ieee802-dot1q-sched-bridge:gate-parameter-table
[2026-04-17 02:35:55.143866] | Thread:20657 | [GclParser::parseOperationalGclData] | Start operational GCL data parsing
[2026-04-17 02:35:55.144291] | Thread:20657 | [GclParser::parseOperationalGclData] | Finished operational GCL data parsing
[2026-04-17 02:35:55.144475] | Thread:21143 | [NetworkManager::fetchOperationGcl] | Stop operational GCL fetch
[2026-04-17 02:35:55.144573] | Thread:21143 | [CncServiceImpl::SetNodeSchedule] | Finished setting node schedule (with verification) for node: vstsn01
[2026-04-17 02:35:55.144720] | Thread:21145 | [NetworkManager::deployConfigToNode] | Start config deployment for node: vstsn01
[2026-04-17 02:35:55.144978] | Thread:20635 | [NetconfSession::editData] | Start edit-config with XML length: 3260
[2026-04-17 02:35:55.175727] | Thread:20635 | [NetconfSession::editData] | Finished edit-config with XML length: 3260
[2026-04-17 02:35:55.175772] | Thread:20635 | [NetconfSession::commit] | Start commit operation.
[2026-04-17 02:35:55.215752] | Thread:20635 | [NetconfSession::commit] | Finished commit operation.
[2026-04-17 02:35:55.215782] | Thread:20635 | [NetworkManager::deployConfigToNode] | Successfully deployed config for node: vstsn01
[2026-04-17 02:35:55.215841] | Thread:21145 | [CncServiceImpl::SetNodeSchedule] | Finished deploying config to node: vstsn01
[2026-04-17 02:35:55.215884] | Thread:21145 | [NetworkManager::fetchOperationGcl] | Start operational GCL fetch
[2026-04-17 02:35:55.215886] | Thread:21145 | [NetworkManager::fetchOperationGclForNode] | Start operational GCL fetch for node: vstsn01
[2026-04-17 02:35:55.215933] | Thread:20635 | [NetconfSession::getData] | Start data fetch with XPath: /ietf-interfaces:interfaces/interface/ieee802-dot1q-bridge:bridge-port/ieee802-dot1q-sched-bridge:gate-parameter-table
[2026-04-17 02:35:55.318840] | Thread:20635 | [NetconfSession::getData] | Got return for path: /ietf-interfaces:interfaces/interface/ieee802-dot1q-bridge:bridge-port/ieee802-dot1q-sched-bridge:gate-parameter-table
[2026-04-17 02:35:55.319030] | Thread:20635 | [GclParser::parseOperationalGclData] | Start operational GCL data parsing
[2026-04-17 02:35:55.319316] | Thread:20635 | [GclParser::parseOperationalGclData] | Finished operational GCL data parsing
[2026-04-17 02:35:55.319420] | Thread:21145 | [NetworkManager::fetchOperationGclForNode] | Start operational GCL fetch for node: vstsn02
[2026-04-17 02:35:55.319545] | Thread:20646 | [NetconfSession::getData] | Start data fetch with XPath: /ietf-interfaces:interfaces/interface/ieee802-dot1q-bridge:bridge-port/ieee802-dot1q-sched-bridge:gate-parameter-table
[2026-04-17 02:35:55.397437] | Thread:20646 | [NetconfSession::getData] | Got return for path: /ietf-interfaces:interfaces/interface/ieee802-dot1q-bridge:bridge-port/ieee802-dot1q-sched-bridge:gate-parameter-table
[2026-04-17 02:35:55.397632] | Thread:20646 | [GclParser::parseOperationalGclData] | Start operational GCL data parsing
[2026-04-17 02:35:55.397988] | Thread:20646 | [GclParser::parseOperationalGclData] | Finished operational GCL data parsing
[2026-04-17 02:35:55.398123] | Thread:21145 | [NetworkManager::fetchOperationGclForNode] | Start operational GCL fetch for node: vstsn03
[2026-04-17 02:35:55.398191] | Thread:20657 | [NetconfSession::getData] | Start data fetch with XPath: /ietf-interfaces:interfaces/interface/ieee802-dot1q-bridge:bridge-port/ieee802-dot1q-sched-bridge:gate-parameter-table
[2026-04-17 02:35:55.436960] | Thread:20657 | [NetconfSession::getData] | Got return for path: /ietf-interfaces:interfaces/interface/ieee802-dot1q-bridge:bridge-port/ieee802-dot1q-sched-bridge:gate-parameter-table
[2026-04-17 02:35:55.437095] | Thread:20657 | [GclParser::parseOperationalGclData] | Start operational GCL data parsing
[2026-04-17 02:35:55.437297] | Thread:20657 | [GclParser::parseOperationalGclData] | Finished operational GCL data parsing
[2026-04-17 02:35:55.437407] | Thread:21145 | [NetworkManager::fetchOperationGcl] | Stop operational GCL fetch
[2026-04-17 02:35:55.437454] | Thread:21145 | [CncServiceImpl::SetNodeSchedule] | Finished setting node schedule (with verification) for node: vstsn01
[2026-04-17 02:35:55.437581] | Thread:21147 | [NetworkManager::deployConfigToNode] | Start config deployment for node: vstsn01
[2026-04-17 02:35:55.437710] | Thread:20635 | [NetconfSession::editData] | Start edit-config with XML length: 3260
[2026-04-17 02:35:55.466721] | Thread:20635 | [NetconfSession::editData] | Finished edit-config with XML length: 3260
[2026-04-17 02:35:55.466747] | Thread:20635 | [NetconfSession::commit] | Start commit operation.
[2026-04-17 02:35:55.507643] | Thread:20635 | [NetconfSession::commit] | Finished commit operation.
[2026-04-17 02:35:55.507670] | Thread:20635 | [NetworkManager::deployConfigToNode] | Successfully deployed config for node: vstsn01
[2026-04-17 02:35:55.507794] | Thread:21147 | [CncServiceImpl::SetNodeSchedule] | Finished deploying config to node: vstsn01
[2026-04-17 02:35:55.507869] | Thread:21147 | [NetworkManager::fetchOperationGcl] | Start operational GCL fetch
[2026-04-17 02:35:55.507873] | Thread:21147 | [NetworkManager::fetchOperationGclForNode] | Start operational GCL fetch for node: vstsn01
[2026-04-17 02:35:55.508009] | Thread:20635 | [NetconfSession::getData] | Start data fetch with XPath: /ietf-interfaces:interfaces/interface/ieee802-dot1q-bridge:bridge-port/ieee802-dot1q-sched-bridge:gate-parameter-table
[2026-04-17 02:35:55.609762] | Thread:20635 | [NetconfSession::getData] | Got return for path: /ietf-interfaces:interfaces/interface/ieee802-dot1q-bridge:bridge-port/ieee802-dot1q-sched-bridge:gate-parameter-table
[2026-04-17 02:35:55.609914] | Thread:20635 | [GclParser::parseOperationalGclData] | Start operational GCL data parsing
[2026-04-17 02:35:55.610188] | Thread:20635 | [GclParser::parseOperationalGclData] | Finished operational GCL data parsing
[2026-04-17 02:35:55.610273] | Thread:21147 | [NetworkManager::fetchOperationGclForNode] | Start operational GCL fetch for node: vstsn02
[2026-04-17 02:35:55.610391] | Thread:20646 | [NetconfSession::getData] | Start data fetch with XPath: /ietf-interfaces:interfaces/interface/ieee802-dot1q-bridge:bridge-port/ieee802-dot1q-sched-bridge:gate-parameter-table
[2026-04-17 02:35:55.689748] | Thread:20646 | [NetconfSession::getData] | Got return for path: /ietf-interfaces:interfaces/interface/ieee802-dot1q-bridge:bridge-port/ieee802-dot1q-sched-bridge:gate-parameter-table
[2026-04-17 02:35:55.689916] | Thread:20646 | [GclParser::parseOperationalGclData] | Start operational GCL data parsing
[2026-04-17 02:35:55.690207] | Thread:20646 | [GclParser::parseOperationalGclData] | Finished operational GCL data parsing
[2026-04-17 02:35:55.690309] | Thread:21147 | [NetworkManager::fetchOperationGclForNode] | Start operational GCL fetch for node: vstsn03
[2026-04-17 02:35:55.690407] | Thread:20657 | [NetconfSession::getData] | Start data fetch with XPath: /ietf-interfaces:interfaces/interface/ieee802-dot1q-bridge:bridge-port/ieee802-dot1q-sched-bridge:gate-parameter-table
[2026-04-17 02:35:55.742058] | Thread:20657 | [NetconfSession::getData] | Got return for path: /ietf-interfaces:interfaces/interface/ieee802-dot1q-bridge:bridge-port/ieee802-dot1q-sched-bridge:gate-parameter-table
[2026-04-17 02:35:55.742176] | Thread:20657 | [GclParser::parseOperationalGclData] | Start operational GCL data parsing
[2026-04-17 02:35:55.742403] | Thread:20657 | [GclParser::parseOperationalGclData] | Finished operational GCL data parsing
[2026-04-17 02:35:55.742519] | Thread:21147 | [NetworkManager::fetchOperationGcl] | Stop operational GCL fetch
[2026-04-17 02:35:55.742561] | Thread:21147 | [CncServiceImpl::SetNodeSchedule] | Finished setting node schedule (with verification) for node: vstsn01
[2026-04-17 02:35:55.742665] | Thread:21149 | [NetworkManager::deployConfigToNode] | Start config deployment for node: vstsn01
[2026-04-17 02:35:55.742756] | Thread:20635 | [NetconfSession::editData] | Start edit-config with XML length: 3260
[2026-04-17 02:35:55.771897] | Thread:20635 | [NetconfSession::editData] | Finished edit-config with XML length: 3260
[2026-04-17 02:35:55.771925] | Thread:20635 | [NetconfSession::commit] | Start commit operation.
[2026-04-17 02:35:55.812185] | Thread:20635 | [NetconfSession::commit] | Finished commit operation.
[2026-04-17 02:35:55.812225] | Thread:20635 | [NetworkManager::deployConfigToNode] | Successfully deployed config for node: vstsn01
[2026-04-17 02:35:55.812281] | Thread:21149 | [CncServiceImpl::SetNodeSchedule] | Finished deploying config to node: vstsn01
[2026-04-17 02:35:55.812326] | Thread:21149 | [NetworkManager::fetchOperationGcl] | Start operational GCL fetch
[2026-04-17 02:35:55.812340] | Thread:21149 | [NetworkManager::fetchOperationGclForNode] | Start operational GCL fetch for node: vstsn01
[2026-04-17 02:35:55.812373] | Thread:20635 | [NetconfSession::getData] | Start data fetch with XPath: /ietf-interfaces:interfaces/interface/ieee802-dot1q-bridge:bridge-port/ieee802-dot1q-sched-bridge:gate-parameter-table
[2026-04-17 02:35:55.913179] | Thread:20635 | [NetconfSession::getData] | Got return for path: /ietf-interfaces:interfaces/interface/ieee802-dot1q-bridge:bridge-port/ieee802-dot1q-sched-bridge:gate-parameter-table
[2026-04-17 02:35:55.913355] | Thread:20635 | [GclParser::parseOperationalGclData] | Start operational GCL data parsing
[2026-04-17 02:35:55.913719] | Thread:20635 | [GclParser::parseOperationalGclData] | Finished operational GCL data parsing
[2026-04-17 02:35:55.913827] | Thread:21149 | [NetworkManager::fetchOperationGclForNode] | Start operational GCL fetch for node: vstsn02
[2026-04-17 02:35:55.913887] | Thread:20646 | [NetconfSession::getData] | Start data fetch with XPath: /ietf-interfaces:interfaces/interface/ieee802-dot1q-bridge:bridge-port/ieee802-dot1q-sched-bridge:gate-parameter-table
[2026-04-17 02:35:55.991310] | Thread:20646 | [NetconfSession::getData] | Got return for path: /ietf-interfaces:interfaces/interface/ieee802-dot1q-bridge:bridge-port/ieee802-dot1q-sched-bridge:gate-parameter-table
[2026-04-17 02:35:55.991473] | Thread:20646 | [GclParser::parseOperationalGclData] | Start operational GCL data parsing
[2026-04-17 02:35:55.991892] | Thread:20646 | [GclParser::parseOperationalGclData] | Finished operational GCL data parsing
[2026-04-17 02:35:55.992028] | Thread:21149 | [NetworkManager::fetchOperationGclForNode] | Start operational GCL fetch for node: vstsn03
[2026-04-17 02:35:55.992075] | Thread:20657 | [NetconfSession::getData] | Start data fetch with XPath: /ietf-interfaces:interfaces/interface/ieee802-dot1q-bridge:bridge-port/ieee802-dot1q-sched-bridge:gate-parameter-table
[2026-04-17 02:35:56.029438] | Thread:20657 | [NetconfSession::getData] | Got return for path: /ietf-interfaces:interfaces/interface/ieee802-dot1q-bridge:bridge-port/ieee802-dot1q-sched-bridge:gate-parameter-table
[2026-04-17 02:35:56.029602] | Thread:20657 | [GclParser::parseOperationalGclData] | Start operational GCL data parsing
[2026-04-17 02:35:56.029848] | Thread:20657 | [GclParser::parseOperationalGclData] | Finished operational GCL data parsing
[2026-04-17 02:35:56.029926] | Thread:21149 | [NetworkManager::fetchOperationGcl] | Stop operational GCL fetch
[2026-04-17 02:35:56.029983] | Thread:21149 | [CncServiceImpl::SetNodeSchedule] | Finished setting node schedule (with verification) for node: vstsn01
[2026-04-17 02:35:56.030062] | Thread:21151 | [NetworkManager::deployConfigToNode] | Start config deployment for node: vstsn01
[2026-04-17 02:35:56.030192] | Thread:20635 | [NetconfSession::editData] | Start edit-config with XML length: 3260
[2026-04-17 02:35:56.059532] | Thread:20635 | [NetconfSession::editData] | Finished edit-config with XML length: 3260
[2026-04-17 02:35:56.059558] | Thread:20635 | [NetconfSession::commit] | Start commit operation.
[2026-04-17 02:35:56.100504] | Thread:20635 | [NetconfSession::commit] | Finished commit operation.
[2026-04-17 02:35:56.100549] | Thread:20635 | [NetworkManager::deployConfigToNode] | Successfully deployed config for node: vstsn01
[2026-04-17 02:35:56.100646] | Thread:21151 | [CncServiceImpl::SetNodeSchedule] | Finished deploying config to node: vstsn01
[2026-04-17 02:35:56.100731] | Thread:21151 | [NetworkManager::fetchOperationGcl] | Start operational GCL fetch
[2026-04-17 02:35:56.100734] | Thread:21151 | [NetworkManager::fetchOperationGclForNode] | Start operational GCL fetch for node: vstsn01
[2026-04-17 02:35:56.100859] | Thread:20635 | [NetconfSession::getData] | Start data fetch with XPath: /ietf-interfaces:interfaces/interface/ieee802-dot1q-bridge:bridge-port/ieee802-dot1q-sched-bridge:gate-parameter-table
[2026-04-17 02:35:56.203934] | Thread:20635 | [NetconfSession::getData] | Got return for path: /ietf-interfaces:interfaces/interface/ieee802-dot1q-bridge:bridge-port/ieee802-dot1q-sched-bridge:gate-parameter-table
[2026-04-17 02:35:56.204075] | Thread:20635 | [GclParser::parseOperationalGclData] | Start operational GCL data parsing
[2026-04-17 02:35:56.204368] | Thread:20635 | [GclParser::parseOperationalGclData] | Finished operational GCL data parsing
[2026-04-17 02:35:56.204477] | Thread:21151 | [NetworkManager::fetchOperationGclForNode] | Start operational GCL fetch for node: vstsn02
[2026-04-17 02:35:56.204554] | Thread:20646 | [NetconfSession::getData] | Start data fetch with XPath: /ietf-interfaces:interfaces/interface/ieee802-dot1q-bridge:bridge-port/ieee802-dot1q-sched-bridge:gate-parameter-table
[2026-04-17 02:35:56.277645] | Thread:20646 | [NetconfSession::getData] | Got return for path: /ietf-interfaces:interfaces/interface/ieee802-dot1q-bridge:bridge-port/ieee802-dot1q-sched-bridge:gate-parameter-table
[2026-04-17 02:35:56.277816] | Thread:20646 | [GclParser::parseOperationalGclData] | Start operational GCL data parsing
[2026-04-17 02:35:56.278152] | Thread:20646 | [GclParser::parseOperationalGclData] | Finished operational GCL data parsing
[2026-04-17 02:35:56.278289] | Thread:21151 | [NetworkManager::fetchOperationGclForNode] | Start operational GCL fetch for node: vstsn03
[2026-04-17 02:35:56.278363] | Thread:20657 | [NetconfSession::getData] | Start data fetch with XPath: /ietf-interfaces:interfaces/interface/ieee802-dot1q-bridge:bridge-port/ieee802-dot1q-sched-bridge:gate-parameter-table
[2026-04-17 02:35:56.321871] | Thread:20657 | [NetconfSession::getData] | Got return for path: /ietf-interfaces:interfaces/interface/ieee802-dot1q-bridge:bridge-port/ieee802-dot1q-sched-bridge:gate-parameter-table
[2026-04-17 02:35:56.321985] | Thread:20657 | [GclParser::parseOperationalGclData] | Start operational GCL data parsing
[2026-04-17 02:35:56.322137] | Thread:20657 | [GclParser::parseOperationalGclData] | Finished operational GCL data parsing
[2026-04-17 02:35:56.322238] | Thread:21151 | [NetworkManager::fetchOperationGcl] | Stop operational GCL fetch
[2026-04-17 02:35:56.322258] | Thread:21151 | [CncServiceImpl::SetNodeSchedule] | Finished setting node schedule (with verification) for node: vstsn01
[2026-04-17 02:35:56.322376] | Thread:21153 | [NetworkManager::deployConfigToNode] | Start config deployment for node: vstsn01
[2026-04-17 02:35:56.322804] | Thread:20635 | [NetconfSession::editData] | Start edit-config with XML length: 3260
[2026-04-17 02:35:56.352680] | Thread:20635 | [NetconfSession::editData] | Finished edit-config with XML length: 3260
[2026-04-17 02:35:56.352704] | Thread:20635 | [NetconfSession::commit] | Start commit operation.
[2026-04-17 02:35:56.395794] | Thread:20635 | [NetconfSession::commit] | Finished commit operation.
[2026-04-17 02:35:56.395845] | Thread:20635 | [NetworkManager::deployConfigToNode] | Successfully deployed config for node: vstsn01
[2026-04-17 02:35:56.395918] | Thread:21153 | [CncServiceImpl::SetNodeSchedule] | Finished deploying config to node: vstsn01
[2026-04-17 02:35:56.395991] | Thread:21153 | [NetworkManager::fetchOperationGcl] | Start operational GCL fetch
[2026-04-17 02:35:56.395994] | Thread:21153 | [NetworkManager::fetchOperationGclForNode] | Start operational GCL fetch for node: vstsn01
[2026-04-17 02:35:56.396055] | Thread:20635 | [NetconfSession::getData] | Start data fetch with XPath: /ietf-interfaces:interfaces/interface/ieee802-dot1q-bridge:bridge-port/ieee802-dot1q-sched-bridge:gate-parameter-table
[2026-04-17 02:35:56.503637] | Thread:20635 | [NetconfSession::getData] | Got return for path: /ietf-interfaces:interfaces/interface/ieee802-dot1q-bridge:bridge-port/ieee802-dot1q-sched-bridge:gate-parameter-table
[2026-04-17 02:35:56.503748] | Thread:20635 | [GclParser::parseOperationalGclData] | Start operational GCL data parsing
[2026-04-17 02:35:56.503985] | Thread:20635 | [GclParser::parseOperationalGclData] | Finished operational GCL data parsing
[2026-04-17 02:35:56.504129] | Thread:21153 | [NetworkManager::fetchOperationGclForNode] | Start operational GCL fetch for node: vstsn02
[2026-04-17 02:35:56.504185] | Thread:20646 | [NetconfSession::getData] | Start data fetch with XPath: /ietf-interfaces:interfaces/interface/ieee802-dot1q-bridge:bridge-port/ieee802-dot1q-sched-bridge:gate-parameter-table
[2026-04-17 02:35:56.581378] | Thread:20646 | [NetconfSession::getData] | Got return for path: /ietf-interfaces:interfaces/interface/ieee802-dot1q-bridge:bridge-port/ieee802-dot1q-sched-bridge:gate-parameter-table
[2026-04-17 02:35:56.581536] | Thread:20646 | [GclParser::parseOperationalGclData] | Start operational GCL data parsing
[2026-04-17 02:35:56.581956] | Thread:20646 | [GclParser::parseOperationalGclData] | Finished operational GCL data parsing
[2026-04-17 02:35:56.582090] | Thread:21153 | [NetworkManager::fetchOperationGclForNode] | Start operational GCL fetch for node: vstsn03
[2026-04-17 02:35:56.582155] | Thread:20657 | [NetconfSession::getData] | Start data fetch with XPath: /ietf-interfaces:interfaces/interface/ieee802-dot1q-bridge:bridge-port/ieee802-dot1q-sched-bridge:gate-parameter-table
[2026-04-17 02:35:56.622441] | Thread:20657 | [NetconfSession::getData] | Got return for path: /ietf-interfaces:interfaces/interface/ieee802-dot1q-bridge:bridge-port/ieee802-dot1q-sched-bridge:gate-parameter-table
[2026-04-17 02:35:56.622548] | Thread:20657 | [GclParser::parseOperationalGclData] | Start operational GCL data parsing
[2026-04-17 02:35:56.622716] | Thread:20657 | [GclParser::parseOperationalGclData] | Finished operational GCL data parsing
[2026-04-17 02:35:56.622791] | Thread:21153 | [NetworkManager::fetchOperationGcl] | Stop operational GCL fetch
[2026-04-17 02:35:56.622860] | Thread:21153 | [CncServiceImpl::SetNodeSchedule] | Finished setting node schedule (with verification) for node: vstsn01
[2026-04-17 02:35:56.622923] | Thread:21155 | [NetworkManager::deployConfigToNode] | Start config deployment for node: vstsn01
[2026-04-17 02:35:56.623079] | Thread:20635 | [NetconfSession::editData] | Start edit-config with XML length: 3260
[2026-04-17 02:35:56.651917] | Thread:20635 | [NetconfSession::editData] | Finished edit-config with XML length: 3260
[2026-04-17 02:35:56.651952] | Thread:20635 | [NetconfSession::commit] | Start commit operation.
[2026-04-17 02:35:56.693887] | Thread:20635 | [NetconfSession::commit] | Finished commit operation.
[2026-04-17 02:35:56.693910] | Thread:20635 | [NetworkManager::deployConfigToNode] | Successfully deployed config for node: vstsn01
[2026-04-17 02:35:56.693975] | Thread:21155 | [CncServiceImpl::SetNodeSchedule] | Finished deploying config to node: vstsn01
[2026-04-17 02:35:56.694018] | Thread:21155 | [NetworkManager::fetchOperationGcl] | Start operational GCL fetch
[2026-04-17 02:35:56.694020] | Thread:21155 | [NetworkManager::fetchOperationGclForNode] | Start operational GCL fetch for node: vstsn01
[2026-04-17 02:35:56.694070] | Thread:20635 | [NetconfSession::getData] | Start data fetch with XPath: /ietf-interfaces:interfaces/interface/ieee802-dot1q-bridge:bridge-port/ieee802-dot1q-sched-bridge:gate-parameter-table
[2026-04-17 02:35:56.796172] | Thread:20635 | [NetconfSession::getData] | Got return for path: /ietf-interfaces:interfaces/interface/ieee802-dot1q-bridge:bridge-port/ieee802-dot1q-sched-bridge:gate-parameter-table
[2026-04-17 02:35:56.796312] | Thread:20635 | [GclParser::parseOperationalGclData] | Start operational GCL data parsing
[2026-04-17 02:35:56.796583] | Thread:20635 | [GclParser::parseOperationalGclData] | Finished operational GCL data parsing
[2026-04-17 02:35:56.796681] | Thread:21155 | [NetworkManager::fetchOperationGclForNode] | Start operational GCL fetch for node: vstsn02
[2026-04-17 02:35:56.796843] | Thread:20646 | [NetconfSession::getData] | Start data fetch with XPath: /ietf-interfaces:interfaces/interface/ieee802-dot1q-bridge:bridge-port/ieee802-dot1q-sched-bridge:gate-parameter-table
[2026-04-17 02:35:56.875244] | Thread:20646 | [NetconfSession::getData] | Got return for path: /ietf-interfaces:interfaces/interface/ieee802-dot1q-bridge:bridge-port/ieee802-dot1q-sched-bridge:gate-parameter-table
[2026-04-17 02:35:56.875476] | Thread:20646 | [GclParser::parseOperationalGclData] | Start operational GCL data parsing
[2026-04-17 02:35:56.875894] | Thread:20646 | [GclParser::parseOperationalGclData] | Finished operational GCL data parsing
[2026-04-17 02:35:56.875981] | Thread:21155 | [NetworkManager::fetchOperationGclForNode] | Start operational GCL fetch for node: vstsn03
[2026-04-17 02:35:56.876128] | Thread:20657 | [NetconfSession::getData] | Start data fetch with XPath: /ietf-interfaces:interfaces/interface/ieee802-dot1q-bridge:bridge-port/ieee802-dot1q-sched-bridge:gate-parameter-table
[2026-04-17 02:35:56.917843] | Thread:20657 | [NetconfSession::getData] | Got return for path: /ietf-interfaces:interfaces/interface/ieee802-dot1q-bridge:bridge-port/ieee802-dot1q-sched-bridge:gate-parameter-table
[2026-04-17 02:35:56.917963] | Thread:20657 | [GclParser::parseOperationalGclData] | Start operational GCL data parsing
[2026-04-17 02:35:56.918114] | Thread:20657 | [GclParser::parseOperationalGclData] | Finished operational GCL data parsing
[2026-04-17 02:35:56.918210] | Thread:21155 | [NetworkManager::fetchOperationGcl] | Stop operational GCL fetch
[2026-04-17 02:35:56.918273] | Thread:21155 | [CncServiceImpl::SetNodeSchedule] | Finished setting node schedule (with verification) for node: vstsn01
[2026-04-17 02:35:56.918336] | Thread:21157 | [NetworkManager::deployConfigToNode] | Start config deployment for node: vstsn01
[2026-04-17 02:35:56.918468] | Thread:20635 | [NetconfSession::editData] | Start edit-config with XML length: 3260
[2026-04-17 02:35:56.947394] | Thread:20635 | [NetconfSession::editData] | Finished edit-config with XML length: 3260
[2026-04-17 02:35:56.947424] | Thread:20635 | [NetconfSession::commit] | Start commit operation.
[2026-04-17 02:35:56.989868] | Thread:20635 | [NetconfSession::commit] | Finished commit operation.
[2026-04-17 02:35:56.989893] | Thread:20635 | [NetworkManager::deployConfigToNode] | Successfully deployed config for node: vstsn01
[2026-04-17 02:35:56.989943] | Thread:21157 | [CncServiceImpl::SetNodeSchedule] | Finished deploying config to node: vstsn01
[2026-04-17 02:35:56.989982] | Thread:21157 | [NetworkManager::fetchOperationGcl] | Start operational GCL fetch
[2026-04-17 02:35:56.989984] | Thread:21157 | [NetworkManager::fetchOperationGclForNode] | Start operational GCL fetch for node: vstsn01
[2026-04-17 02:35:56.990046] | Thread:20635 | [NetconfSession::getData] | Start data fetch with XPath: /ietf-interfaces:interfaces/interface/ieee802-dot1q-bridge:bridge-port/ieee802-dot1q-sched-bridge:gate-parameter-table
[2026-04-17 02:35:57.092547] | Thread:20635 | [NetconfSession::getData] | Got return for path: /ietf-interfaces:interfaces/interface/ieee802-dot1q-bridge:bridge-port/ieee802-dot1q-sched-bridge:gate-parameter-table
[2026-04-17 02:35:57.092678] | Thread:20635 | [GclParser::parseOperationalGclData] | Start operational GCL data parsing
[2026-04-17 02:35:57.092898] | Thread:20635 | [GclParser::parseOperationalGclData] | Finished operational GCL data parsing
[2026-04-17 02:35:57.093068] | Thread:21157 | [NetworkManager::fetchOperationGclForNode] | Start operational GCL fetch for node: vstsn02
[2026-04-17 02:35:57.093204] | Thread:20646 | [NetconfSession::getData] | Start data fetch with XPath: /ietf-interfaces:interfaces/interface/ieee802-dot1q-bridge:bridge-port/ieee802-dot1q-sched-bridge:gate-parameter-table
[2026-04-17 02:35:57.166727] | Thread:20646 | [NetconfSession::getData] | Got return for path: /ietf-interfaces:interfaces/interface/ieee802-dot1q-bridge:bridge-port/ieee802-dot1q-sched-bridge:gate-parameter-table
[2026-04-17 02:35:57.166875] | Thread:20646 | [GclParser::parseOperationalGclData] | Start operational GCL data parsing
[2026-04-17 02:35:57.167211] | Thread:20646 | [GclParser::parseOperationalGclData] | Finished operational GCL data parsing
[2026-04-17 02:35:57.167386] | Thread:21157 | [NetworkManager::fetchOperationGclForNode] | Start operational GCL fetch for node: vstsn03
[2026-04-17 02:35:57.167496] | Thread:20657 | [NetconfSession::getData] | Start data fetch with XPath: /ietf-interfaces:interfaces/interface/ieee802-dot1q-bridge:bridge-port/ieee802-dot1q-sched-bridge:gate-parameter-table
[2026-04-17 02:35:57.204598] | Thread:20657 | [NetconfSession::getData] | Got return for path: /ietf-interfaces:interfaces/interface/ieee802-dot1q-bridge:bridge-port/ieee802-dot1q-sched-bridge:gate-parameter-table
[2026-04-17 02:35:57.205083] | Thread:20657 | [GclParser::parseOperationalGclData] | Start operational GCL data parsing
[2026-04-17 02:35:57.205276] | Thread:20657 | [GclParser::parseOperationalGclData] | Finished operational GCL data parsing
[2026-04-17 02:35:57.205437] | Thread:21157 | [NetworkManager::fetchOperationGcl] | Stop operational GCL fetch
[2026-04-17 02:35:57.205568] | Thread:21157 | [CncServiceImpl::SetNodeSchedule] | Finished setting node schedule (with verification) for node: vstsn01
[2026-04-17 02:35:57.205610] | Thread:21159 | [NetworkManager::deployConfigToNode] | Start config deployment for node: vstsn01
[2026-04-17 02:35:57.205762] | Thread:20635 | [NetconfSession::editData] | Start edit-config with XML length: 3260
[2026-04-17 02:35:57.235243] | Thread:20635 | [NetconfSession::editData] | Finished edit-config with XML length: 3260
[2026-04-17 02:35:57.235271] | Thread:20635 | [NetconfSession::commit] | Start commit operation.
[2026-04-17 02:35:57.277910] | Thread:20635 | [NetconfSession::commit] | Finished commit operation.
[2026-04-17 02:35:57.277938] | Thread:20635 | [NetworkManager::deployConfigToNode] | Successfully deployed config for node: vstsn01
[2026-04-17 02:35:57.277981] | Thread:21159 | [CncServiceImpl::SetNodeSchedule] | Finished deploying config to node: vstsn01
[2026-04-17 02:35:57.278014] | Thread:21159 | [NetworkManager::fetchOperationGcl] | Start operational GCL fetch
[2026-04-17 02:35:57.278016] | Thread:21159 | [NetworkManager::fetchOperationGclForNode] | Start operational GCL fetch for node: vstsn01
[2026-04-17 02:35:57.278051] | Thread:20635 | [NetconfSession::getData] | Start data fetch with XPath: /ietf-interfaces:interfaces/interface/ieee802-dot1q-bridge:bridge-port/ieee802-dot1q-sched-bridge:gate-parameter-table
[2026-04-17 02:35:57.381469] | Thread:20635 | [NetconfSession::getData] | Got return for path: /ietf-interfaces:interfaces/interface/ieee802-dot1q-bridge:bridge-port/ieee802-dot1q-sched-bridge:gate-parameter-table
[2026-04-17 02:35:57.381579] | Thread:20635 | [GclParser::parseOperationalGclData] | Start operational GCL data parsing
[2026-04-17 02:35:57.381866] | Thread:20635 | [GclParser::parseOperationalGclData] | Finished operational GCL data parsing
[2026-04-17 02:35:57.382037] | Thread:21159 | [NetworkManager::fetchOperationGclForNode] | Start operational GCL fetch for node: vstsn02
[2026-04-17 02:35:57.382141] | Thread:20646 | [NetconfSession::getData] | Start data fetch with XPath: /ietf-interfaces:interfaces/interface/ieee802-dot1q-bridge:bridge-port/ieee802-dot1q-sched-bridge:gate-parameter-table
[2026-04-17 02:35:57.458354] | Thread:20646 | [NetconfSession::getData] | Got return for path: /ietf-interfaces:interfaces/interface/ieee802-dot1q-bridge:bridge-port/ieee802-dot1q-sched-bridge:gate-parameter-table
[2026-04-17 02:35:57.458509] | Thread:20646 | [GclParser::parseOperationalGclData] | Start operational GCL data parsing
[2026-04-17 02:35:57.458837] | Thread:20646 | [GclParser::parseOperationalGclData] | Finished operational GCL data parsing
[2026-04-17 02:35:57.458978] | Thread:21159 | [NetworkManager::fetchOperationGclForNode] | Start operational GCL fetch for node: vstsn03
[2026-04-17 02:35:57.459055] | Thread:20657 | [NetconfSession::getData] | Start data fetch with XPath: /ietf-interfaces:interfaces/interface/ieee802-dot1q-bridge:bridge-port/ieee802-dot1q-sched-bridge:gate-parameter-table
[2026-04-17 02:35:57.497011] | Thread:20657 | [NetconfSession::getData] | Got return for path: /ietf-interfaces:interfaces/interface/ieee802-dot1q-bridge:bridge-port/ieee802-dot1q-sched-bridge:gate-parameter-table
[2026-04-17 02:35:57.497127] | Thread:20657 | [GclParser::parseOperationalGclData] | Start operational GCL data parsing
[2026-04-17 02:35:57.497344] | Thread:20657 | [GclParser::parseOperationalGclData] | Finished operational GCL data parsing
[2026-04-17 02:35:57.497461] | Thread:21159 | [NetworkManager::fetchOperationGcl] | Stop operational GCL fetch
[2026-04-17 02:35:57.497521] | Thread:21159 | [CncServiceImpl::SetNodeSchedule] | Finished setting node schedule (with verification) for node: vstsn01
[2026-04-17 02:35:57.497606] | Thread:21161 | [NetworkManager::deployConfigToNode] | Start config deployment for node: vstsn01
[2026-04-17 02:35:57.497743] | Thread:20635 | [NetconfSession::editData] | Start edit-config with XML length: 3260
[2026-04-17 02:35:57.528272] | Thread:20635 | [NetconfSession::editData] | Finished edit-config with XML length: 3260
[2026-04-17 02:35:57.528303] | Thread:20635 | [NetconfSession::commit] | Start commit operation.
[2026-04-17 02:35:57.567657] | Thread:20635 | [NetconfSession::commit] | Finished commit operation.
[2026-04-17 02:35:57.567683] | Thread:20635 | [NetworkManager::deployConfigToNode] | Successfully deployed config for node: vstsn01
[2026-04-17 02:35:57.567745] | Thread:21161 | [CncServiceImpl::SetNodeSchedule] | Finished deploying config to node: vstsn01
[2026-04-17 02:35:57.567777] | Thread:21161 | [NetworkManager::fetchOperationGcl] | Start operational GCL fetch
[2026-04-17 02:35:57.567779] | Thread:21161 | [NetworkManager::fetchOperationGclForNode] | Start operational GCL fetch for node: vstsn01
[2026-04-17 02:35:57.567851] | Thread:20635 | [NetconfSession::getData] | Start data fetch with XPath: /ietf-interfaces:interfaces/interface/ieee802-dot1q-bridge:bridge-port/ieee802-dot1q-sched-bridge:gate-parameter-table
[2026-04-17 02:35:57.669450] | Thread:20635 | [NetconfSession::getData] | Got return for path: /ietf-interfaces:interfaces/interface/ieee802-dot1q-bridge:bridge-port/ieee802-dot1q-sched-bridge:gate-parameter-table
[2026-04-17 02:35:57.669582] | Thread:20635 | [GclParser::parseOperationalGclData] | Start operational GCL data parsing
[2026-04-17 02:35:57.669968] | Thread:20635 | [GclParser::parseOperationalGclData] | Finished operational GCL data parsing
[2026-04-17 02:35:57.670070] | Thread:21161 | [NetworkManager::fetchOperationGclForNode] | Start operational GCL fetch for node: vstsn02
[2026-04-17 02:35:57.670161] | Thread:20646 | [NetconfSession::getData] | Start data fetch with XPath: /ietf-interfaces:interfaces/interface/ieee802-dot1q-bridge:bridge-port/ieee802-dot1q-sched-bridge:gate-parameter-table
[2026-04-17 02:35:57.747605] | Thread:20646 | [NetconfSession::getData] | Got return for path: /ietf-interfaces:interfaces/interface/ieee802-dot1q-bridge:bridge-port/ieee802-dot1q-sched-bridge:gate-parameter-table
[2026-04-17 02:35:57.747781] | Thread:20646 | [GclParser::parseOperationalGclData] | Start operational GCL data parsing
[2026-04-17 02:35:57.748126] | Thread:20646 | [GclParser::parseOperationalGclData] | Finished operational GCL data parsing
[2026-04-17 02:35:57.748211] | Thread:21161 | [NetworkManager::fetchOperationGclForNode] | Start operational GCL fetch for node: vstsn03
[2026-04-17 02:35:57.748279] | Thread:20657 | [NetconfSession::getData] | Start data fetch with XPath: /ietf-interfaces:interfaces/interface/ieee802-dot1q-bridge:bridge-port/ieee802-dot1q-sched-bridge:gate-parameter-table
[2026-04-17 02:35:57.797311] | Thread:20657 | [NetconfSession::getData] | Got return for path: /ietf-interfaces:interfaces/interface/ieee802-dot1q-bridge:bridge-port/ieee802-dot1q-sched-bridge:gate-parameter-table
[2026-04-17 02:35:57.797440] | Thread:20657 | [GclParser::parseOperationalGclData] | Start operational GCL data parsing
[2026-04-17 02:35:57.797630] | Thread:20657 | [GclParser::parseOperationalGclData] | Finished operational GCL data parsing
[2026-04-17 02:35:57.797769] | Thread:21161 | [NetworkManager::fetchOperationGcl] | Stop operational GCL fetch
[2026-04-17 02:35:57.797833] | Thread:21161 | [CncServiceImpl::SetNodeSchedule] | Finished setting node schedule (with verification) for node: vstsn01
[2026-04-17 02:35:57.797887] | Thread:21163 | [NetworkManager::deployConfigToNode] | Start config deployment for node: vstsn01
[2026-04-17 02:35:57.797998] | Thread:20635 | [NetconfSession::editData] | Start edit-config with XML length: 3260
[2026-04-17 02:35:57.830373] | Thread:20635 | [NetconfSession::editData] | Finished edit-config with XML length: 3260
[2026-04-17 02:35:57.830406] | Thread:20635 | [NetconfSession::commit] | Start commit operation.
[2026-04-17 02:35:57.871901] | Thread:20635 | [NetconfSession::commit] | Finished commit operation.
[2026-04-17 02:35:57.871930] | Thread:20635 | [NetworkManager::deployConfigToNode] | Successfully deployed config for node: vstsn01
[2026-04-17 02:35:57.871988] | Thread:21163 | [CncServiceImpl::SetNodeSchedule] | Finished deploying config to node: vstsn01
[2026-04-17 02:35:57.872021] | Thread:21163 | [NetworkManager::fetchOperationGcl] | Start operational GCL fetch
[2026-04-17 02:35:57.872023] | Thread:21163 | [NetworkManager::fetchOperationGclForNode] | Start operational GCL fetch for node: vstsn01
[2026-04-17 02:35:57.872053] | Thread:20635 | [NetconfSession::getData] | Start data fetch with XPath: /ietf-interfaces:interfaces/interface/ieee802-dot1q-bridge:bridge-port/ieee802-dot1q-sched-bridge:gate-parameter-table
[2026-04-17 02:35:57.975640] | Thread:20635 | [NetconfSession::getData] | Got return for path: /ietf-interfaces:interfaces/interface/ieee802-dot1q-bridge:bridge-port/ieee802-dot1q-sched-bridge:gate-parameter-table
[2026-04-17 02:35:57.975741] | Thread:20635 | [GclParser::parseOperationalGclData] | Start operational GCL data parsing
[2026-04-17 02:35:57.975961] | Thread:20635 | [GclParser::parseOperationalGclData] | Finished operational GCL data parsing
[2026-04-17 02:35:57.976149] | Thread:21163 | [NetworkManager::fetchOperationGclForNode] | Start operational GCL fetch for node: vstsn02
[2026-04-17 02:35:57.976272] | Thread:20646 | [NetconfSession::getData] | Start data fetch with XPath: /ietf-interfaces:interfaces/interface/ieee802-dot1q-bridge:bridge-port/ieee802-dot1q-sched-bridge:gate-parameter-table
[2026-04-17 02:35:58.059482] | Thread:20646 | [NetconfSession::getData] | Got return for path: /ietf-interfaces:interfaces/interface/ieee802-dot1q-bridge:bridge-port/ieee802-dot1q-sched-bridge:gate-parameter-table
[2026-04-17 02:35:58.059615] | Thread:20646 | [GclParser::parseOperationalGclData] | Start operational GCL data parsing
[2026-04-17 02:35:58.059896] | Thread:20646 | [GclParser::parseOperationalGclData] | Finished operational GCL data parsing
[2026-04-17 02:35:58.060004] | Thread:21163 | [NetworkManager::fetchOperationGclForNode] | Start operational GCL fetch for node: vstsn03
[2026-04-17 02:35:58.060112] | Thread:20657 | [NetconfSession::getData] | Start data fetch with XPath: /ietf-interfaces:interfaces/interface/ieee802-dot1q-bridge:bridge-port/ieee802-dot1q-sched-bridge:gate-parameter-table
[2026-04-17 02:35:58.101981] | Thread:20657 | [NetconfSession::getData] | Got return for path: /ietf-interfaces:interfaces/interface/ieee802-dot1q-bridge:bridge-port/ieee802-dot1q-sched-bridge:gate-parameter-table
[2026-04-17 02:35:58.102114] | Thread:20657 | [GclParser::parseOperationalGclData] | Start operational GCL data parsing
[2026-04-17 02:35:58.102333] | Thread:20657 | [GclParser::parseOperationalGclData] | Finished operational GCL data parsing
[2026-04-17 02:35:58.102446] | Thread:21163 | [NetworkManager::fetchOperationGcl] | Stop operational GCL fetch
[2026-04-17 02:35:58.102494] | Thread:21163 | [CncServiceImpl::SetNodeSchedule] | Finished setting node schedule (with verification) for node: vstsn01
[2026-04-17 02:35:58.102594] | Thread:21165 | [NetworkManager::deployConfigToNode] | Start config deployment for node: vstsn01
[2026-04-17 02:35:58.102731] | Thread:20635 | [NetconfSession::editData] | Start edit-config with XML length: 3260
[2026-04-17 02:35:58.131120] | Thread:20635 | [NetconfSession::editData] | Finished edit-config with XML length: 3260
[2026-04-17 02:35:58.131163] | Thread:20635 | [NetconfSession::commit] | Start commit operation.
[2026-04-17 02:35:58.177116] | Thread:20635 | [NetconfSession::commit] | Finished commit operation.
[2026-04-17 02:35:58.177147] | Thread:20635 | [NetworkManager::deployConfigToNode] | Successfully deployed config for node: vstsn01
[2026-04-17 02:35:58.177208] | Thread:21165 | [CncServiceImpl::SetNodeSchedule] | Finished deploying config to node: vstsn01
[2026-04-17 02:35:58.177229] | Thread:21165 | [NetworkManager::fetchOperationGcl] | Start operational GCL fetch
[2026-04-17 02:35:58.177231] | Thread:21165 | [NetworkManager::fetchOperationGclForNode] | Start operational GCL fetch for node: vstsn01
[2026-04-17 02:35:58.177264] | Thread:20635 | [NetconfSession::getData] | Start data fetch with XPath: /ietf-interfaces:interfaces/interface/ieee802-dot1q-bridge:bridge-port/ieee802-dot1q-sched-bridge:gate-parameter-table
[2026-04-17 02:35:58.281827] | Thread:20635 | [NetconfSession::getData] | Got return for path: /ietf-interfaces:interfaces/interface/ieee802-dot1q-bridge:bridge-port/ieee802-dot1q-sched-bridge:gate-parameter-table
[2026-04-17 02:35:58.281940] | Thread:20635 | [GclParser::parseOperationalGclData] | Start operational GCL data parsing
[2026-04-17 02:35:58.282167] | Thread:20635 | [GclParser::parseOperationalGclData] | Finished operational GCL data parsing
[2026-04-17 02:35:58.282292] | Thread:21165 | [NetworkManager::fetchOperationGclForNode] | Start operational GCL fetch for node: vstsn02
[2026-04-17 02:35:58.282331] | Thread:20646 | [NetconfSession::getData] | Start data fetch with XPath: /ietf-interfaces:interfaces/interface/ieee802-dot1q-bridge:bridge-port/ieee802-dot1q-sched-bridge:gate-parameter-table
[2026-04-17 02:35:58.360814] | Thread:20646 | [NetconfSession::getData] | Got return for path: /ietf-interfaces:interfaces/interface/ieee802-dot1q-bridge:bridge-port/ieee802-dot1q-sched-bridge:gate-parameter-table
[2026-04-17 02:35:58.360966] | Thread:20646 | [GclParser::parseOperationalGclData] | Start operational GCL data parsing
[2026-04-17 02:35:58.361302] | Thread:20646 | [GclParser::parseOperationalGclData] | Finished operational GCL data parsing
[2026-04-17 02:35:58.361407] | Thread:21165 | [NetworkManager::fetchOperationGclForNode] | Start operational GCL fetch for node: vstsn03
[2026-04-17 02:35:58.361505] | Thread:20657 | [NetconfSession::getData] | Start data fetch with XPath: /ietf-interfaces:interfaces/interface/ieee802-dot1q-bridge:bridge-port/ieee802-dot1q-sched-bridge:gate-parameter-table
[2026-04-17 02:35:58.397798] | Thread:20657 | [NetconfSession::getData] | Got return for path: /ietf-interfaces:interfaces/interface/ieee802-dot1q-bridge:bridge-port/ieee802-dot1q-sched-bridge:gate-parameter-table
[2026-04-17 02:35:58.397956] | Thread:20657 | [GclParser::parseOperationalGclData] | Start operational GCL data parsing
[2026-04-17 02:35:58.398218] | Thread:20657 | [GclParser::parseOperationalGclData] | Finished operational GCL data parsing
[2026-04-17 02:35:58.398343] | Thread:21165 | [NetworkManager::fetchOperationGcl] | Stop operational GCL fetch
[2026-04-17 02:35:58.398400] | Thread:21165 | [CncServiceImpl::SetNodeSchedule] | Finished setting node schedule (with verification) for node: vstsn01
[2026-04-17 02:35:58.398513] | Thread:20886 | [NetworkManager::deployConfigToNode] | Start config deployment for node: vstsn01
[2026-04-17 02:35:58.398683] | Thread:20635 | [NetconfSession::editData] | Start edit-config with XML length: 3260
[2026-04-17 02:35:58.427328] | Thread:20635 | [NetconfSession::editData] | Finished edit-config with XML length: 3260
[2026-04-17 02:35:58.427352] | Thread:20635 | [NetconfSession::commit] | Start commit operation.
[2026-04-17 02:35:58.471244] | Thread:20635 | [NetconfSession::commit] | Finished commit operation.
[2026-04-17 02:35:58.471271] | Thread:20635 | [NetworkManager::deployConfigToNode] | Successfully deployed config for node: vstsn01
[2026-04-17 02:35:58.471345] | Thread:20886 | [CncServiceImpl::SetNodeSchedule] | Finished deploying config to node: vstsn01
[2026-04-17 02:35:58.471456] | Thread:20886 | [NetworkManager::fetchOperationGcl] | Start operational GCL fetch
[2026-04-17 02:35:58.471458] | Thread:20886 | [NetworkManager::fetchOperationGclForNode] | Start operational GCL fetch for node: vstsn01
[2026-04-17 02:35:58.471515] | Thread:20635 | [NetconfSession::getData] | Start data fetch with XPath: /ietf-interfaces:interfaces/interface/ieee802-dot1q-bridge:bridge-port/ieee802-dot1q-sched-bridge:gate-parameter-table
[2026-04-17 02:35:58.585628] | Thread:20635 | [NetconfSession::getData] | Got return for path: /ietf-interfaces:interfaces/interface/ieee802-dot1q-bridge:bridge-port/ieee802-dot1q-sched-bridge:gate-parameter-table
[2026-04-17 02:35:58.585753] | Thread:20635 | [GclParser::parseOperationalGclData] | Start operational GCL data parsing
[2026-04-17 02:35:58.585995] | Thread:20635 | [GclParser::parseOperationalGclData] | Finished operational GCL data parsing
[2026-04-17 02:35:58.586103] | Thread:20886 | [NetworkManager::fetchOperationGclForNode] | Start operational GCL fetch for node: vstsn02
[2026-04-17 02:35:58.586246] | Thread:20646 | [NetconfSession::getData] | Start data fetch with XPath: /ietf-interfaces:interfaces/interface/ieee802-dot1q-bridge:bridge-port/ieee802-dot1q-sched-bridge:gate-parameter-table
[2026-04-17 02:35:58.676039] | Thread:20646 | [NetconfSession::getData] | Got return for path: /ietf-interfaces:interfaces/interface/ieee802-dot1q-bridge:bridge-port/ieee802-dot1q-sched-bridge:gate-parameter-table
[2026-04-17 02:35:58.676216] | Thread:20646 | [GclParser::parseOperationalGclData] | Start operational GCL data parsing
[2026-04-17 02:35:58.676640] | Thread:20646 | [GclParser::parseOperationalGclData] | Finished operational GCL data parsing
[2026-04-17 02:35:58.676747] | Thread:20886 | [NetworkManager::fetchOperationGclForNode] | Start operational GCL fetch for node: vstsn03
[2026-04-17 02:35:58.676805] | Thread:20657 | [NetconfSession::getData] | Start data fetch with XPath: /ietf-interfaces:interfaces/interface/ieee802-dot1q-bridge:bridge-port/ieee802-dot1q-sched-bridge:gate-parameter-table
[2026-04-17 02:35:58.722792] | Thread:20657 | [NetconfSession::getData] | Got return for path: /ietf-interfaces:interfaces/interface/ieee802-dot1q-bridge:bridge-port/ieee802-dot1q-sched-bridge:gate-parameter-table
[2026-04-17 02:35:58.722954] | Thread:20657 | [GclParser::parseOperationalGclData] | Start operational GCL data parsing
[2026-04-17 02:35:58.723176] | Thread:20657 | [GclParser::parseOperationalGclData] | Finished operational GCL data parsing
[2026-04-17 02:35:58.723261] | Thread:20886 | [NetworkManager::fetchOperationGcl] | Stop operational GCL fetch
[2026-04-17 02:35:58.723308] | Thread:20886 | [CncServiceImpl::SetNodeSchedule] | Finished setting node schedule (with verification) for node: vstsn01
[2026-04-17 02:35:58.723362] | Thread:21166 | [NetworkManager::deployConfigToNode] | Start config deployment for node: vstsn01
[2026-04-17 02:35:58.723512] | Thread:20635 | [NetconfSession::editData] | Start edit-config with XML length: 3260
[2026-04-17 02:35:58.787400] | Thread:20635 | [NetconfSession::editData] | Finished edit-config with XML length: 3260
[2026-04-17 02:35:58.787426] | Thread:20635 | [NetconfSession::commit] | Start commit operation.
[2026-04-17 02:35:58.853890] | Thread:20635 | [NetconfSession::commit] | Finished commit operation.
[2026-04-17 02:35:58.853905] | Thread:20635 | [NetworkManager::deployConfigToNode] | Successfully deployed config for node: vstsn01
[2026-04-17 02:35:58.853960] | Thread:21166 | [CncServiceImpl::SetNodeSchedule] | Finished deploying config to node: vstsn01
[2026-04-17 02:35:58.853995] | Thread:21166 | [NetworkManager::fetchOperationGcl] | Start operational GCL fetch
[2026-04-17 02:35:58.853997] | Thread:21166 | [NetworkManager::fetchOperationGclForNode] | Start operational GCL fetch for node: vstsn01
[2026-04-17 02:35:58.854073] | Thread:20635 | [NetconfSession::getData] | Start data fetch with XPath: /ietf-interfaces:interfaces/interface/ieee802-dot1q-bridge:bridge-port/ieee802-dot1q-sched-bridge:gate-parameter-table
[2026-04-17 02:35:58.965256] | Thread:20635 | [NetconfSession::getData] | Got return for path: /ietf-interfaces:interfaces/interface/ieee802-dot1q-bridge:bridge-port/ieee802-dot1q-sched-bridge:gate-parameter-table
[2026-04-17 02:35:58.965430] | Thread:20635 | [GclParser::parseOperationalGclData] | Start operational GCL data parsing
[2026-04-17 02:35:58.965803] | Thread:20635 | [GclParser::parseOperationalGclData] | Finished operational GCL data parsing
[2026-04-17 02:35:58.965908] | Thread:21166 | [NetworkManager::fetchOperationGclForNode] | Start operational GCL fetch for node: vstsn02
[2026-04-17 02:35:58.965980] | Thread:20646 | [NetconfSession::getData] | Start data fetch with XPath: /ietf-interfaces:interfaces/interface/ieee802-dot1q-bridge:bridge-port/ieee802-dot1q-sched-bridge:gate-parameter-table
[2026-04-17 02:35:59.049874] | Thread:20646 | [NetconfSession::getData] | Got return for path: /ietf-interfaces:interfaces/interface/ieee802-dot1q-bridge:bridge-port/ieee802-dot1q-sched-bridge:gate-parameter-table
[2026-04-17 02:35:59.050029] | Thread:20646 | [GclParser::parseOperationalGclData] | Start operational GCL data parsing
[2026-04-17 02:35:59.050352] | Thread:20646 | [GclParser::parseOperationalGclData] | Finished operational GCL data parsing
[2026-04-17 02:35:59.050443] | Thread:21166 | [NetworkManager::fetchOperationGclForNode] | Start operational GCL fetch for node: vstsn03
[2026-04-17 02:35:59.050497] | Thread:20657 | [NetconfSession::getData] | Start data fetch with XPath: /ietf-interfaces:interfaces/interface/ieee802-dot1q-bridge:bridge-port/ieee802-dot1q-sched-bridge:gate-parameter-table
[2026-04-17 02:35:59.100429] | Thread:20657 | [NetconfSession::getData] | Got return for path: /ietf-interfaces:interfaces/interface/ieee802-dot1q-bridge:bridge-port/ieee802-dot1q-sched-bridge:gate-parameter-table
[2026-04-17 02:35:59.100561] | Thread:20657 | [GclParser::parseOperationalGclData] | Start operational GCL data parsing
[2026-04-17 02:35:59.100725] | Thread:20657 | [GclParser::parseOperationalGclData] | Finished operational GCL data parsing
[2026-04-17 02:35:59.100789] | Thread:21166 | [NetworkManager::fetchOperationGcl] | Stop operational GCL fetch
[2026-04-17 02:35:59.100835] | Thread:21166 | [CncServiceImpl::SetNodeSchedule] | Finished setting node schedule (with verification) for node: vstsn01
[2026-04-17 02:35:59.100889] | Thread:21171 | [NetworkManager::deployConfigToNode] | Start config deployment for node: vstsn01
[2026-04-17 02:35:59.100984] | Thread:20635 | [NetconfSession::editData] | Start edit-config with XML length: 3260
[2026-04-17 02:35:59.129454] | Thread:20635 | [NetconfSession::editData] | Finished edit-config with XML length: 3260
[2026-04-17 02:35:59.129529] | Thread:20635 | [NetconfSession::commit] | Start commit operation.
[2026-04-17 02:35:59.170599] | Thread:20635 | [NetconfSession::commit] | Finished commit operation.
[2026-04-17 02:35:59.170653] | Thread:20635 | [NetworkManager::deployConfigToNode] | Successfully deployed config for node: vstsn01
[2026-04-17 02:35:59.170818] | Thread:21171 | [CncServiceImpl::SetNodeSchedule] | Finished deploying config to node: vstsn01
[2026-04-17 02:35:59.170899] | Thread:21171 | [NetworkManager::fetchOperationGcl] | Start operational GCL fetch
[2026-04-17 02:35:59.170903] | Thread:21171 | [NetworkManager::fetchOperationGclForNode] | Start operational GCL fetch for node: vstsn01
[2026-04-17 02:35:59.171023] | Thread:20635 | [NetconfSession::getData] | Start data fetch with XPath: /ietf-interfaces:interfaces/interface/ieee802-dot1q-bridge:bridge-port/ieee802-dot1q-sched-bridge:gate-parameter-table
[2026-04-17 02:35:59.271079] | Thread:20635 | [NetconfSession::getData] | Got return for path: /ietf-interfaces:interfaces/interface/ieee802-dot1q-bridge:bridge-port/ieee802-dot1q-sched-bridge:gate-parameter-table
[2026-04-17 02:35:59.271207] | Thread:20635 | [GclParser::parseOperationalGclData] | Start operational GCL data parsing
[2026-04-17 02:35:59.271429] | Thread:20635 | [GclParser::parseOperationalGclData] | Finished operational GCL data parsing
[2026-04-17 02:35:59.271556] | Thread:21171 | [NetworkManager::fetchOperationGclForNode] | Start operational GCL fetch for node: vstsn02
[2026-04-17 02:35:59.271718] | Thread:20646 | [NetconfSession::getData] | Start data fetch with XPath: /ietf-interfaces:interfaces/interface/ieee802-dot1q-bridge:bridge-port/ieee802-dot1q-sched-bridge:gate-parameter-table
[2026-04-17 02:35:59.357641] | Thread:20646 | [NetconfSession::getData] | Got return for path: /ietf-interfaces:interfaces/interface/ieee802-dot1q-bridge:bridge-port/ieee802-dot1q-sched-bridge:gate-parameter-table
[2026-04-17 02:35:59.358097] | Thread:20646 | [GclParser::parseOperationalGclData] | Start operational GCL data parsing
[2026-04-17 02:35:59.359051] | Thread:20646 | [GclParser::parseOperationalGclData] | Finished operational GCL data parsing
[2026-04-17 02:35:59.359262] | Thread:21171 | [NetworkManager::fetchOperationGclForNode] | Start operational GCL fetch for node: vstsn03
[2026-04-17 02:35:59.359362] | Thread:20657 | [NetconfSession::getData] | Start data fetch with XPath: /ietf-interfaces:interfaces/interface/ieee802-dot1q-bridge:bridge-port/ieee802-dot1q-sched-bridge:gate-parameter-table
[2026-04-17 02:35:59.404844] | Thread:20657 | [NetconfSession::getData] | Got return for path: /ietf-interfaces:interfaces/interface/ieee802-dot1q-bridge:bridge-port/ieee802-dot1q-sched-bridge:gate-parameter-table
[2026-04-17 02:35:59.405155] | Thread:20657 | [GclParser::parseOperationalGclData] | Start operational GCL data parsing
[2026-04-17 02:35:59.405727] | Thread:20657 | [GclParser::parseOperationalGclData] | Finished operational GCL data parsing
[2026-04-17 02:35:59.405904] | Thread:21171 | [NetworkManager::fetchOperationGcl] | Stop operational GCL fetch
[2026-04-17 02:35:59.406015] | Thread:21171 | [CncServiceImpl::SetNodeSchedule] | Finished setting node schedule (with verification) for node: vstsn01
[2026-04-17 02:35:59.406095] | Thread:21173 | [NetworkManager::deployConfigToNode] | Start config deployment for node: vstsn01
[2026-04-17 02:35:59.406228] | Thread:20635 | [NetconfSession::editData] | Start edit-config with XML length: 3260
[2026-04-17 02:35:59.436573] | Thread:20635 | [NetconfSession::editData] | Finished edit-config with XML length: 3260
[2026-04-17 02:35:59.436602] | Thread:20635 | [NetconfSession::commit] | Start commit operation.
[2026-04-17 02:35:59.479197] | Thread:20635 | [NetconfSession::commit] | Finished commit operation.
[2026-04-17 02:35:59.479238] | Thread:20635 | [NetworkManager::deployConfigToNode] | Successfully deployed config for node: vstsn01
[2026-04-17 02:35:59.479324] | Thread:21173 | [CncServiceImpl::SetNodeSchedule] | Finished deploying config to node: vstsn01
[2026-04-17 02:35:59.479377] | Thread:21173 | [NetworkManager::fetchOperationGcl] | Start operational GCL fetch
[2026-04-17 02:35:59.479396] | Thread:21173 | [NetworkManager::fetchOperationGclForNode] | Start operational GCL fetch for node: vstsn01
[2026-04-17 02:35:59.479430] | Thread:20635 | [NetconfSession::getData] | Start data fetch with XPath: /ietf-interfaces:interfaces/interface/ieee802-dot1q-bridge:bridge-port/ieee802-dot1q-sched-bridge:gate-parameter-table
[2026-04-17 02:35:59.580605] | Thread:20635 | [NetconfSession::getData] | Got return for path: /ietf-interfaces:interfaces/interface/ieee802-dot1q-bridge:bridge-port/ieee802-dot1q-sched-bridge:gate-parameter-table
[2026-04-17 02:35:59.580716] | Thread:20635 | [GclParser::parseOperationalGclData] | Start operational GCL data parsing
[2026-04-17 02:35:59.580935] | Thread:20635 | [GclParser::parseOperationalGclData] | Finished operational GCL data parsing
[2026-04-17 02:35:59.581083] | Thread:21173 | [NetworkManager::fetchOperationGclForNode] | Start operational GCL fetch for node: vstsn02
[2026-04-17 02:35:59.581179] | Thread:20646 | [NetconfSession::getData] | Start data fetch with XPath: /ietf-interfaces:interfaces/interface/ieee802-dot1q-bridge:bridge-port/ieee802-dot1q-sched-bridge:gate-parameter-table
[2026-04-17 02:35:59.656492] | Thread:20646 | [NetconfSession::getData] | Got return for path: /ietf-interfaces:interfaces/interface/ieee802-dot1q-bridge:bridge-port/ieee802-dot1q-sched-bridge:gate-parameter-table
[2026-04-17 02:35:59.656640] | Thread:20646 | [GclParser::parseOperationalGclData] | Start operational GCL data parsing
[2026-04-17 02:35:59.656933] | Thread:20646 | [GclParser::parseOperationalGclData] | Finished operational GCL data parsing
[2026-04-17 02:35:59.657104] | Thread:21173 | [NetworkManager::fetchOperationGclForNode] | Start operational GCL fetch for node: vstsn03
[2026-04-17 02:35:59.657198] | Thread:20657 | [NetconfSession::getData] | Start data fetch with XPath: /ietf-interfaces:interfaces/interface/ieee802-dot1q-bridge:bridge-port/ieee802-dot1q-sched-bridge:gate-parameter-table
[2026-04-17 02:35:59.696795] | Thread:20657 | [NetconfSession::getData] | Got return for path: /ietf-interfaces:interfaces/interface/ieee802-dot1q-bridge:bridge-port/ieee802-dot1q-sched-bridge:gate-parameter-table
[2026-04-17 02:35:59.696968] | Thread:20657 | [GclParser::parseOperationalGclData] | Start operational GCL data parsing
[2026-04-17 02:35:59.697218] | Thread:20657 | [GclParser::parseOperationalGclData] | Finished operational GCL data parsing
[2026-04-17 02:35:59.697313] | Thread:21173 | [NetworkManager::fetchOperationGcl] | Stop operational GCL fetch
[2026-04-17 02:35:59.697367] | Thread:21173 | [CncServiceImpl::SetNodeSchedule] | Finished setting node schedule (with verification) for node: vstsn01
[2026-04-17 02:35:59.697420] | Thread:21174 | [NetworkManager::deployConfigToNode] | Start config deployment for node: vstsn01
[2026-04-17 02:35:59.697544] | Thread:20635 | [NetconfSession::editData] | Start edit-config with XML length: 3260
[2026-04-17 02:35:59.727415] | Thread:20635 | [NetconfSession::editData] | Finished edit-config with XML length: 3260
[2026-04-17 02:35:59.727452] | Thread:20635 | [NetconfSession::commit] | Start commit operation.
[2026-04-17 02:35:59.767812] | Thread:20635 | [NetconfSession::commit] | Finished commit operation.
[2026-04-17 02:35:59.767838] | Thread:20635 | [NetworkManager::deployConfigToNode] | Successfully deployed config for node: vstsn01
[2026-04-17 02:35:59.767914] | Thread:21174 | [CncServiceImpl::SetNodeSchedule] | Finished deploying config to node: vstsn01
[2026-04-17 02:35:59.767947] | Thread:21174 | [NetworkManager::fetchOperationGcl] | Start operational GCL fetch
[2026-04-17 02:35:59.767949] | Thread:21174 | [NetworkManager::fetchOperationGclForNode] | Start operational GCL fetch for node: vstsn01
[2026-04-17 02:35:59.768008] | Thread:20635 | [NetconfSession::getData] | Start data fetch with XPath: /ietf-interfaces:interfaces/interface/ieee802-dot1q-bridge:bridge-port/ieee802-dot1q-sched-bridge:gate-parameter-table
[2026-04-17 02:35:59.892508] | Thread:20635 | [NetconfSession::getData] | Got return for path: /ietf-interfaces:interfaces/interface/ieee802-dot1q-bridge:bridge-port/ieee802-dot1q-sched-bridge:gate-parameter-table
[2026-04-17 02:35:59.892635] | Thread:20635 | [GclParser::parseOperationalGclData] | Start operational GCL data parsing
[2026-04-17 02:35:59.892903] | Thread:20635 | [GclParser::parseOperationalGclData] | Finished operational GCL data parsing
[2026-04-17 02:35:59.892986] | Thread:21174 | [NetworkManager::fetchOperationGclForNode] | Start operational GCL fetch for node: vstsn02
[2026-04-17 02:35:59.893041] | Thread:20646 | [NetconfSession::getData] | Start data fetch with XPath: /ietf-interfaces:interfaces/interface/ieee802-dot1q-bridge:bridge-port/ieee802-dot1q-sched-bridge:gate-parameter-table
[2026-04-17 02:35:59.973234] | Thread:20646 | [NetconfSession::getData] | Got return for path: /ietf-interfaces:interfaces/interface/ieee802-dot1q-bridge:bridge-port/ieee802-dot1q-sched-bridge:gate-parameter-table
[2026-04-17 02:35:59.973399] | Thread:20646 | [GclParser::parseOperationalGclData] | Start operational GCL data parsing
[2026-04-17 02:35:59.973752] | Thread:20646 | [GclParser::parseOperationalGclData] | Finished operational GCL data parsing
[2026-04-17 02:35:59.973817] | Thread:21174 | [NetworkManager::fetchOperationGclForNode] | Start operational GCL fetch for node: vstsn03
[2026-04-17 02:35:59.973920] | Thread:20657 | [NetconfSession::getData] | Start data fetch with XPath: /ietf-interfaces:interfaces/interface/ieee802-dot1q-bridge:bridge-port/ieee802-dot1q-sched-bridge:gate-parameter-table
[2026-04-17 02:36:00.012358] | Thread:20657 | [NetconfSession::getData] | Got return for path: /ietf-interfaces:interfaces/interface/ieee802-dot1q-bridge:bridge-port/ieee802-dot1q-sched-bridge:gate-parameter-table
[2026-04-17 02:36:00.012513] | Thread:20657 | [GclParser::parseOperationalGclData] | Start operational GCL data parsing
[2026-04-17 02:36:00.012754] | Thread:20657 | [GclParser::parseOperationalGclData] | Finished operational GCL data parsing
[2026-04-17 02:36:00.012838] | Thread:21174 | [NetworkManager::fetchOperationGcl] | Stop operational GCL fetch
[2026-04-17 02:36:00.012885] | Thread:21174 | [CncServiceImpl::SetNodeSchedule] | Finished setting node schedule (with verification) for node: vstsn01
[2026-04-17 02:36:00.013018] | Thread:21176 | [NetworkManager::deployConfigToNode] | Start config deployment for node: vstsn01
[2026-04-17 02:36:00.013151] | Thread:20635 | [NetconfSession::editData] | Start edit-config with XML length: 3260
[2026-04-17 02:36:00.042065] | Thread:20635 | [NetconfSession::editData] | Finished edit-config with XML length: 3260
[2026-04-17 02:36:00.042090] | Thread:20635 | [NetconfSession::commit] | Start commit operation.
[2026-04-17 02:36:00.082570] | Thread:20635 | [NetconfSession::commit] | Finished commit operation.
[2026-04-17 02:36:00.082595] | Thread:20635 | [NetworkManager::deployConfigToNode] | Successfully deployed config for node: vstsn01
[2026-04-17 02:36:00.082687] | Thread:21176 | [CncServiceImpl::SetNodeSchedule] | Finished deploying config to node: vstsn01
[2026-04-17 02:36:00.082699] | Thread:21176 | [NetworkManager::fetchOperationGcl] | Start operational GCL fetch
[2026-04-17 02:36:00.082701] | Thread:21176 | [NetworkManager::fetchOperationGclForNode] | Start operational GCL fetch for node: vstsn01
[2026-04-17 02:36:00.082751] | Thread:20635 | [NetconfSession::getData] | Start data fetch with XPath: /ietf-interfaces:interfaces/interface/ieee802-dot1q-bridge:bridge-port/ieee802-dot1q-sched-bridge:gate-parameter-table
[2026-04-17 02:36:00.388582] | Thread:20635 | [NetconfSession::getData] | Got return for path: /ietf-interfaces:interfaces/interface/ieee802-dot1q-bridge:bridge-port/ieee802-dot1q-sched-bridge:gate-parameter-table
[2026-04-17 02:36:00.388704] | Thread:20635 | [GclParser::parseOperationalGclData] | Start operational GCL data parsing
[2026-04-17 02:36:00.388930] | Thread:20635 | [GclParser::parseOperationalGclData] | Finished operational GCL data parsing
[2026-04-17 02:36:00.388989] | Thread:21176 | [NetworkManager::fetchOperationGclForNode] | Start operational GCL fetch for node: vstsn02
[2026-04-17 02:36:00.389101] | Thread:20646 | [NetconfSession::getData] | Start data fetch with XPath: /ietf-interfaces:interfaces/interface/ieee802-dot1q-bridge:bridge-port/ieee802-dot1q-sched-bridge:gate-parameter-table
[2026-04-17 02:36:00.470762] | Thread:20646 | [NetconfSession::getData] | Got return for path: /ietf-interfaces:interfaces/interface/ieee802-dot1q-bridge:bridge-port/ieee802-dot1q-sched-bridge:gate-parameter-table
[2026-04-17 02:36:00.471038] | Thread:20646 | [GclParser::parseOperationalGclData] | Start operational GCL data parsing
[2026-04-17 02:36:00.471671] | Thread:20646 | [GclParser::parseOperationalGclData] | Finished operational GCL data parsing
[2026-04-17 02:36:00.471899] | Thread:21176 | [NetworkManager::fetchOperationGclForNode] | Start operational GCL fetch for node: vstsn03
[2026-04-17 02:36:00.472025] | Thread:20657 | [NetconfSession::getData] | Start data fetch with XPath: /ietf-interfaces:interfaces/interface/ieee802-dot1q-bridge:bridge-port/ieee802-dot1q-sched-bridge:gate-parameter-table
[2026-04-17 02:36:00.509856] | Thread:20657 | [NetconfSession::getData] | Got return for path: /ietf-interfaces:interfaces/interface/ieee802-dot1q-bridge:bridge-port/ieee802-dot1q-sched-bridge:gate-parameter-table
[2026-04-17 02:36:00.510030] | Thread:20657 | [GclParser::parseOperationalGclData] | Start operational GCL data parsing
[2026-04-17 02:36:00.510286] | Thread:20657 | [GclParser::parseOperationalGclData] | Finished operational GCL data parsing
[2026-04-17 02:36:00.510404] | Thread:21176 | [NetworkManager::fetchOperationGcl] | Stop operational GCL fetch
[2026-04-17 02:36:00.510459] | Thread:21176 | [CncServiceImpl::SetNodeSchedule] | Finished setting node schedule (with verification) for node: vstsn01
[2026-04-17 02:36:00.510526] | Thread:21178 | [NetworkManager::deployConfigToNode] | Start config deployment for node: vstsn01
[2026-04-17 02:36:00.510685] | Thread:20635 | [NetconfSession::editData] | Start edit-config with XML length: 3260
[2026-04-17 02:36:00.550336] | Thread:20635 | [NetconfSession::editData] | Finished edit-config with XML length: 3260
[2026-04-17 02:36:00.550381] | Thread:20635 | [NetconfSession::commit] | Start commit operation.
[2026-04-17 02:36:00.605690] | Thread:20635 | [NetconfSession::commit] | Finished commit operation.
[2026-04-17 02:36:00.605713] | Thread:20635 | [NetworkManager::deployConfigToNode] | Successfully deployed config for node: vstsn01
[2026-04-17 02:36:00.605798] | Thread:21178 | [CncServiceImpl::SetNodeSchedule] | Finished deploying config to node: vstsn01
[2026-04-17 02:36:00.605853] | Thread:21178 | [NetworkManager::fetchOperationGcl] | Start operational GCL fetch
[2026-04-17 02:36:00.605855] | Thread:21178 | [NetworkManager::fetchOperationGclForNode] | Start operational GCL fetch for node: vstsn01
[2026-04-17 02:36:00.605880] | Thread:20635 | [NetconfSession::getData] | Start data fetch with XPath: /ietf-interfaces:interfaces/interface/ieee802-dot1q-bridge:bridge-port/ieee802-dot1q-sched-bridge:gate-parameter-table
[2026-04-17 02:36:00.715491] | Thread:20635 | [NetconfSession::getData] | Got return for path: /ietf-interfaces:interfaces/interface/ieee802-dot1q-bridge:bridge-port/ieee802-dot1q-sched-bridge:gate-parameter-table
[2026-04-17 02:36:00.715600] | Thread:20635 | [GclParser::parseOperationalGclData] | Start operational GCL data parsing
[2026-04-17 02:36:00.715862] | Thread:20635 | [GclParser::parseOperationalGclData] | Finished operational GCL data parsing
[2026-04-17 02:36:00.715978] | Thread:21178 | [NetworkManager::fetchOperationGclForNode] | Start operational GCL fetch for node: vstsn02
[2026-04-17 02:36:00.716070] | Thread:20646 | [NetconfSession::getData] | Start data fetch with XPath: /ietf-interfaces:interfaces/interface/ieee802-dot1q-bridge:bridge-port/ieee802-dot1q-sched-bridge:gate-parameter-table
[2026-04-17 02:36:00.796283] | Thread:20646 | [NetconfSession::getData] | Got return for path: /ietf-interfaces:interfaces/interface/ieee802-dot1q-bridge:bridge-port/ieee802-dot1q-sched-bridge:gate-parameter-table
[2026-04-17 02:36:00.796651] | Thread:20646 | [GclParser::parseOperationalGclData] | Start operational GCL data parsing
[2026-04-17 02:36:00.797189] | Thread:20646 | [GclParser::parseOperationalGclData] | Finished operational GCL data parsing
[2026-04-17 02:36:00.797325] | Thread:21178 | [NetworkManager::fetchOperationGclForNode] | Start operational GCL fetch for node: vstsn03
[2026-04-17 02:36:00.797394] | Thread:20657 | [NetconfSession::getData] | Start data fetch with XPath: /ietf-interfaces:interfaces/interface/ieee802-dot1q-bridge:bridge-port/ieee802-dot1q-sched-bridge:gate-parameter-table
[2026-04-17 02:36:00.845467] | Thread:20657 | [NetconfSession::getData] | Got return for path: /ietf-interfaces:interfaces/interface/ieee802-dot1q-bridge:bridge-port/ieee802-dot1q-sched-bridge:gate-parameter-table
[2026-04-17 02:36:00.845664] | Thread:20657 | [GclParser::parseOperationalGclData] | Start operational GCL data parsing
[2026-04-17 02:36:00.845922] | Thread:20657 | [GclParser::parseOperationalGclData] | Finished operational GCL data parsing
[2026-04-17 02:36:00.846026] | Thread:21178 | [NetworkManager::fetchOperationGcl] | Stop operational GCL fetch
[2026-04-17 02:36:00.846074] | Thread:21178 | [CncServiceImpl::SetNodeSchedule] | Finished setting node schedule (with verification) for node: vstsn01
[2026-04-17 02:36:00.846128] | Thread:21180 | [NetworkManager::deployConfigToNode] | Start config deployment for node: vstsn01
[2026-04-17 02:36:00.846289] | Thread:20635 | [NetconfSession::editData] | Start edit-config with XML length: 3260
[2026-04-17 02:36:00.880730] | Thread:20635 | [NetconfSession::editData] | Finished edit-config with XML length: 3260
[2026-04-17 02:36:00.880763] | Thread:20635 | [NetconfSession::commit] | Start commit operation.
[2026-04-17 02:36:00.922075] | Thread:20635 | [NetconfSession::commit] | Finished commit operation.
[2026-04-17 02:36:00.922105] | Thread:20635 | [NetworkManager::deployConfigToNode] | Successfully deployed config for node: vstsn01
[2026-04-17 02:36:00.922154] | Thread:21180 | [CncServiceImpl::SetNodeSchedule] | Finished deploying config to node: vstsn01
[2026-04-17 02:36:00.922193] | Thread:21180 | [NetworkManager::fetchOperationGcl] | Start operational GCL fetch
[2026-04-17 02:36:00.922195] | Thread:21180 | [NetworkManager::fetchOperationGclForNode] | Start operational GCL fetch for node: vstsn01
[2026-04-17 02:36:00.922264] | Thread:20635 | [NetconfSession::getData] | Start data fetch with XPath: /ietf-interfaces:interfaces/interface/ieee802-dot1q-bridge:bridge-port/ieee802-dot1q-sched-bridge:gate-parameter-table
[2026-04-17 02:36:01.021945] | Thread:20635 | [NetconfSession::getData] | Got return for path: /ietf-interfaces:interfaces/interface/ieee802-dot1q-bridge:bridge-port/ieee802-dot1q-sched-bridge:gate-parameter-table
[2026-04-17 02:36:01.022091] | Thread:20635 | [GclParser::parseOperationalGclData] | Start operational GCL data parsing
[2026-04-17 02:36:01.022351] | Thread:20635 | [GclParser::parseOperationalGclData] | Finished operational GCL data parsing
[2026-04-17 02:36:01.022498] | Thread:21180 | [NetworkManager::fetchOperationGclForNode] | Start operational GCL fetch for node: vstsn02
[2026-04-17 02:36:01.022567] | Thread:20646 | [NetconfSession::getData] | Start data fetch with XPath: /ietf-interfaces:interfaces/interface/ieee802-dot1q-bridge:bridge-port/ieee802-dot1q-sched-bridge:gate-parameter-table
[2026-04-17 02:36:01.098852] | Thread:20646 | [NetconfSession::getData] | Got return for path: /ietf-interfaces:interfaces/interface/ieee802-dot1q-bridge:bridge-port/ieee802-dot1q-sched-bridge:gate-parameter-table
[2026-04-17 02:36:01.099004] | Thread:20646 | [GclParser::parseOperationalGclData] | Start operational GCL data parsing
[2026-04-17 02:36:01.099312] | Thread:20646 | [GclParser::parseOperationalGclData] | Finished operational GCL data parsing
[2026-04-17 02:36:01.099498] | Thread:21180 | [NetworkManager::fetchOperationGclForNode] | Start operational GCL fetch for node: vstsn03
[2026-04-17 02:36:01.099595] | Thread:20657 | [NetconfSession::getData] | Start data fetch with XPath: /ietf-interfaces:interfaces/interface/ieee802-dot1q-bridge:bridge-port/ieee802-dot1q-sched-bridge:gate-parameter-table
[2026-04-17 02:36:01.136347] | Thread:20657 | [NetconfSession::getData] | Got return for path: /ietf-interfaces:interfaces/interface/ieee802-dot1q-bridge:bridge-port/ieee802-dot1q-sched-bridge:gate-parameter-table
[2026-04-17 02:36:01.136475] | Thread:20657 | [GclParser::parseOperationalGclData] | Start operational GCL data parsing
[2026-04-17 02:36:01.136636] | Thread:20657 | [GclParser::parseOperationalGclData] | Finished operational GCL data parsing
[2026-04-17 02:36:01.136764] | Thread:21180 | [NetworkManager::fetchOperationGcl] | Stop operational GCL fetch
[2026-04-17 02:36:01.136811] | Thread:21180 | [CncServiceImpl::SetNodeSchedule] | Finished setting node schedule (with verification) for node: vstsn01
[2026-04-17 02:36:01.136964] | Thread:21182 | [NetworkManager::deployConfigToNode] | Start config deployment for node: vstsn01
[2026-04-17 02:36:01.137125] | Thread:20635 | [NetconfSession::editData] | Start edit-config with XML length: 3260
[2026-04-17 02:36:01.165273] | Thread:20635 | [NetconfSession::editData] | Finished edit-config with XML length: 3260
[2026-04-17 02:36:01.165299] | Thread:20635 | [NetconfSession::commit] | Start commit operation.
[2026-04-17 02:36:01.205661] | Thread:20635 | [NetconfSession::commit] | Finished commit operation.
[2026-04-17 02:36:01.205683] | Thread:20635 | [NetworkManager::deployConfigToNode] | Successfully deployed config for node: vstsn01
[2026-04-17 02:36:01.205744] | Thread:21182 | [CncServiceImpl::SetNodeSchedule] | Finished deploying config to node: vstsn01
[2026-04-17 02:36:01.205768] | Thread:21182 | [NetworkManager::fetchOperationGcl] | Start operational GCL fetch
[2026-04-17 02:36:01.205770] | Thread:21182 | [NetworkManager::fetchOperationGclForNode] | Start operational GCL fetch for node: vstsn01
[2026-04-17 02:36:01.205803] | Thread:20635 | [NetconfSession::getData] | Start data fetch with XPath: /ietf-interfaces:interfaces/interface/ieee802-dot1q-bridge:bridge-port/ieee802-dot1q-sched-bridge:gate-parameter-table
[2026-04-17 02:36:01.310089] | Thread:20635 | [NetconfSession::getData] | Got return for path: /ietf-interfaces:interfaces/interface/ieee802-dot1q-bridge:bridge-port/ieee802-dot1q-sched-bridge:gate-parameter-table
[2026-04-17 02:36:01.310209] | Thread:20635 | [GclParser::parseOperationalGclData] | Start operational GCL data parsing
[2026-04-17 02:36:01.310436] | Thread:20635 | [GclParser::parseOperationalGclData] | Finished operational GCL data parsing
[2026-04-17 02:36:01.310628] | Thread:21182 | [NetworkManager::fetchOperationGclForNode] | Start operational GCL fetch for node: vstsn02
[2026-04-17 02:36:01.310741] | Thread:20646 | [NetconfSession::getData] | Start data fetch with XPath: /ietf-interfaces:interfaces/interface/ieee802-dot1q-bridge:bridge-port/ieee802-dot1q-sched-bridge:gate-parameter-table
[2026-04-17 02:36:01.387882] | Thread:20646 | [NetconfSession::getData] | Got return for path: /ietf-interfaces:interfaces/interface/ieee802-dot1q-bridge:bridge-port/ieee802-dot1q-sched-bridge:gate-parameter-table
[2026-04-17 02:36:01.388095] | Thread:20646 | [GclParser::parseOperationalGclData] | Start operational GCL data parsing
[2026-04-17 02:36:01.388785] | Thread:20646 | [GclParser::parseOperationalGclData] | Finished operational GCL data parsing
[2026-04-17 02:36:01.388953] | Thread:21182 | [NetworkManager::fetchOperationGclForNode] | Start operational GCL fetch for node: vstsn03
[2026-04-17 02:36:01.389065] | Thread:20657 | [NetconfSession::getData] | Start data fetch with XPath: /ietf-interfaces:interfaces/interface/ieee802-dot1q-bridge:bridge-port/ieee802-dot1q-sched-bridge:gate-parameter-table
[2026-04-17 02:36:01.427880] | Thread:20657 | [NetconfSession::getData] | Got return for path: /ietf-interfaces:interfaces/interface/ieee802-dot1q-bridge:bridge-port/ieee802-dot1q-sched-bridge:gate-parameter-table
[2026-04-17 02:36:01.427984] | Thread:20657 | [GclParser::parseOperationalGclData] | Start operational GCL data parsing
[2026-04-17 02:36:01.428150] | Thread:20657 | [GclParser::parseOperationalGclData] | Finished operational GCL data parsing
[2026-04-17 02:36:01.428242] | Thread:21182 | [NetworkManager::fetchOperationGcl] | Stop operational GCL fetch
[2026-04-17 02:36:01.428282] | Thread:21182 | [CncServiceImpl::SetNodeSchedule] | Finished setting node schedule (with verification) for node: vstsn01
[2026-04-17 02:36:01.428406] | Thread:21184 | [NetworkManager::deployConfigToNode] | Start config deployment for node: vstsn01
[2026-04-17 02:36:01.428505] | Thread:20635 | [NetconfSession::editData] | Start edit-config with XML length: 3260
[2026-04-17 02:36:01.458146] | Thread:20635 | [NetconfSession::editData] | Finished edit-config with XML length: 3260
[2026-04-17 02:36:01.458185] | Thread:20635 | [NetconfSession::commit] | Start commit operation.
[2026-04-17 02:36:01.499362] | Thread:20635 | [NetconfSession::commit] | Finished commit operation.
[2026-04-17 02:36:01.499455] | Thread:20635 | [NetworkManager::deployConfigToNode] | Successfully deployed config for node: vstsn01
[2026-04-17 02:36:01.499574] | Thread:21184 | [CncServiceImpl::SetNodeSchedule] | Finished deploying config to node: vstsn01
[2026-04-17 02:36:01.499608] | Thread:21184 | [NetworkManager::fetchOperationGcl] | Start operational GCL fetch
[2026-04-17 02:36:01.499609] | Thread:21184 | [NetworkManager::fetchOperationGclForNode] | Start operational GCL fetch for node: vstsn01
[2026-04-17 02:36:01.499649] | Thread:20635 | [NetconfSession::getData] | Start data fetch with XPath: /ietf-interfaces:interfaces/interface/ieee802-dot1q-bridge:bridge-port/ieee802-dot1q-sched-bridge:gate-parameter-table
[2026-04-17 02:36:01.603869] | Thread:20635 | [NetconfSession::getData] | Got return for path: /ietf-interfaces:interfaces/interface/ieee802-dot1q-bridge:bridge-port/ieee802-dot1q-sched-bridge:gate-parameter-table
[2026-04-17 02:36:01.603978] | Thread:20635 | [GclParser::parseOperationalGclData] | Start operational GCL data parsing
[2026-04-17 02:36:01.604222] | Thread:20635 | [GclParser::parseOperationalGclData] | Finished operational GCL data parsing
[2026-04-17 02:36:01.604400] | Thread:21184 | [NetworkManager::fetchOperationGclForNode] | Start operational GCL fetch for node: vstsn02
[2026-04-17 02:36:01.604439] | Thread:20646 | [NetconfSession::getData] | Start data fetch with XPath: /ietf-interfaces:interfaces/interface/ieee802-dot1q-bridge:bridge-port/ieee802-dot1q-sched-bridge:gate-parameter-table
[2026-04-17 02:36:01.684566] | Thread:20646 | [NetconfSession::getData] | Got return for path: /ietf-interfaces:interfaces/interface/ieee802-dot1q-bridge:bridge-port/ieee802-dot1q-sched-bridge:gate-parameter-table
[2026-04-17 02:36:01.684752] | Thread:20646 | [GclParser::parseOperationalGclData] | Start operational GCL data parsing
[2026-04-17 02:36:01.685106] | Thread:20646 | [GclParser::parseOperationalGclData] | Finished operational GCL data parsing
[2026-04-17 02:36:01.685262] | Thread:21184 | [NetworkManager::fetchOperationGclForNode] | Start operational GCL fetch for node: vstsn03
[2026-04-17 02:36:01.685320] | Thread:20657 | [NetconfSession::getData] | Start data fetch with XPath: /ietf-interfaces:interfaces/interface/ieee802-dot1q-bridge:bridge-port/ieee802-dot1q-sched-bridge:gate-parameter-table
[2026-04-17 02:36:01.721335] | Thread:20657 | [NetconfSession::getData] | Got return for path: /ietf-interfaces:interfaces/interface/ieee802-dot1q-bridge:bridge-port/ieee802-dot1q-sched-bridge:gate-parameter-table
[2026-04-17 02:36:01.721492] | Thread:20657 | [GclParser::parseOperationalGclData] | Start operational GCL data parsing
[2026-04-17 02:36:01.721751] | Thread:20657 | [GclParser::parseOperationalGclData] | Finished operational GCL data parsing
[2026-04-17 02:36:01.721927] | Thread:21184 | [NetworkManager::fetchOperationGcl] | Stop operational GCL fetch
[2026-04-17 02:36:01.721975] | Thread:21184 | [CncServiceImpl::SetNodeSchedule] | Finished setting node schedule (with verification) for node: vstsn01
[2026-04-17 02:36:01.722013] | Thread:21186 | [NetworkManager::deployConfigToNode] | Start config deployment for node: vstsn01
[2026-04-17 02:36:01.722121] | Thread:20635 | [NetconfSession::editData] | Start edit-config with XML length: 3260
[2026-04-17 02:36:01.750446] | Thread:20635 | [NetconfSession::editData] | Finished edit-config with XML length: 3260
[2026-04-17 02:36:01.750473] | Thread:20635 | [NetconfSession::commit] | Start commit operation.
[2026-04-17 02:36:01.791992] | Thread:20635 | [NetconfSession::commit] | Finished commit operation.
[2026-04-17 02:36:01.792015] | Thread:20635 | [NetworkManager::deployConfigToNode] | Successfully deployed config for node: vstsn01
[2026-04-17 02:36:01.792067] | Thread:21186 | [CncServiceImpl::SetNodeSchedule] | Finished deploying config to node: vstsn01
[2026-04-17 02:36:01.792096] | Thread:21186 | [NetworkManager::fetchOperationGcl] | Start operational GCL fetch
[2026-04-17 02:36:01.792098] | Thread:21186 | [NetworkManager::fetchOperationGclForNode] | Start operational GCL fetch for node: vstsn01
[2026-04-17 02:36:01.792135] | Thread:20635 | [NetconfSession::getData] | Start data fetch with XPath: /ietf-interfaces:interfaces/interface/ieee802-dot1q-bridge:bridge-port/ieee802-dot1q-sched-bridge:gate-parameter-table
[2026-04-17 02:36:01.893336] | Thread:20635 | [NetconfSession::getData] | Got return for path: /ietf-interfaces:interfaces/interface/ieee802-dot1q-bridge:bridge-port/ieee802-dot1q-sched-bridge:gate-parameter-table
[2026-04-17 02:36:01.893466] | Thread:20635 | [GclParser::parseOperationalGclData] | Start operational GCL data parsing
[2026-04-17 02:36:01.893728] | Thread:20635 | [GclParser::parseOperationalGclData] | Finished operational GCL data parsing
[2026-04-17 02:36:01.893802] | Thread:21186 | [NetworkManager::fetchOperationGclForNode] | Start operational GCL fetch for node: vstsn02
[2026-04-17 02:36:01.893939] | Thread:20646 | [NetconfSession::getData] | Start data fetch with XPath: /ietf-interfaces:interfaces/interface/ieee802-dot1q-bridge:bridge-port/ieee802-dot1q-sched-bridge:gate-parameter-table
[2026-04-17 02:36:01.975125] | Thread:20646 | [NetconfSession::getData] | Got return for path: /ietf-interfaces:interfaces/interface/ieee802-dot1q-bridge:bridge-port/ieee802-dot1q-sched-bridge:gate-parameter-table
[2026-04-17 02:36:01.975282] | Thread:20646 | [GclParser::parseOperationalGclData] | Start operational GCL data parsing
[2026-04-17 02:36:01.975575] | Thread:20646 | [GclParser::parseOperationalGclData] | Finished operational GCL data parsing
[2026-04-17 02:36:01.975775] | Thread:21186 | [NetworkManager::fetchOperationGclForNode] | Start operational GCL fetch for node: vstsn03
[2026-04-17 02:36:01.975842] | Thread:20657 | [NetconfSession::getData] | Start data fetch with XPath: /ietf-interfaces:interfaces/interface/ieee802-dot1q-bridge:bridge-port/ieee802-dot1q-sched-bridge:gate-parameter-table
[2026-04-17 02:36:02.018269] | Thread:20657 | [NetconfSession::getData] | Got return for path: /ietf-interfaces:interfaces/interface/ieee802-dot1q-bridge:bridge-port/ieee802-dot1q-sched-bridge:gate-parameter-table
[2026-04-17 02:36:02.018378] | Thread:20657 | [GclParser::parseOperationalGclData] | Start operational GCL data parsing
[2026-04-17 02:36:02.018529] | Thread:20657 | [GclParser::parseOperationalGclData] | Finished operational GCL data parsing
[2026-04-17 02:36:02.018616] | Thread:21186 | [NetworkManager::fetchOperationGcl] | Stop operational GCL fetch
[2026-04-17 02:36:02.018662] | Thread:21186 | [CncServiceImpl::SetNodeSchedule] | Finished setting node schedule (with verification) for node: vstsn01
[2026-04-17 02:36:02.018727] | Thread:21188 | [NetworkManager::deployConfigToNode] | Start config deployment for node: vstsn01
[2026-04-17 02:36:02.018838] | Thread:20635 | [NetconfSession::editData] | Start edit-config with XML length: 3260
[2026-04-17 02:36:02.047636] | Thread:20635 | [NetconfSession::editData] | Finished edit-config with XML length: 3260
[2026-04-17 02:36:02.047663] | Thread:20635 | [NetconfSession::commit] | Start commit operation.
[2026-04-17 02:36:02.090015] | Thread:20635 | [NetconfSession::commit] | Finished commit operation.
[2026-04-17 02:36:02.090042] | Thread:20635 | [NetworkManager::deployConfigToNode] | Successfully deployed config for node: vstsn01
[2026-04-17 02:36:02.090087] | Thread:21188 | [CncServiceImpl::SetNodeSchedule] | Finished deploying config to node: vstsn01
[2026-04-17 02:36:02.090120] | Thread:21188 | [NetworkManager::fetchOperationGcl] | Start operational GCL fetch
[2026-04-17 02:36:02.090121] | Thread:21188 | [NetworkManager::fetchOperationGclForNode] | Start operational GCL fetch for node: vstsn01
[2026-04-17 02:36:02.090154] | Thread:20635 | [NetconfSession::getData] | Start data fetch with XPath: /ietf-interfaces:interfaces/interface/ieee802-dot1q-bridge:bridge-port/ieee802-dot1q-sched-bridge:gate-parameter-table
[2026-04-17 02:36:02.191733] | Thread:20635 | [NetconfSession::getData] | Got return for path: /ietf-interfaces:interfaces/interface/ieee802-dot1q-bridge:bridge-port/ieee802-dot1q-sched-bridge:gate-parameter-table
[2026-04-17 02:36:02.191873] | Thread:20635 | [GclParser::parseOperationalGclData] | Start operational GCL data parsing
[2026-04-17 02:36:02.192115] | Thread:20635 | [GclParser::parseOperationalGclData] | Finished operational GCL data parsing
[2026-04-17 02:36:02.192319] | Thread:21188 | [NetworkManager::fetchOperationGclForNode] | Start operational GCL fetch for node: vstsn02
[2026-04-17 02:36:02.192389] | Thread:20646 | [NetconfSession::getData] | Start data fetch with XPath: /ietf-interfaces:interfaces/interface/ieee802-dot1q-bridge:bridge-port/ieee802-dot1q-sched-bridge:gate-parameter-table
[2026-04-17 02:36:02.273405] | Thread:20646 | [NetconfSession::getData] | Got return for path: /ietf-interfaces:interfaces/interface/ieee802-dot1q-bridge:bridge-port/ieee802-dot1q-sched-bridge:gate-parameter-table
[2026-04-17 02:36:02.273572] | Thread:20646 | [GclParser::parseOperationalGclData] | Start operational GCL data parsing
[2026-04-17 02:36:02.273914] | Thread:20646 | [GclParser::parseOperationalGclData] | Finished operational GCL data parsing
[2026-04-17 02:36:02.274016] | Thread:21188 | [NetworkManager::fetchOperationGclForNode] | Start operational GCL fetch for node: vstsn03
[2026-04-17 02:36:02.274087] | Thread:20657 | [NetconfSession::getData] | Start data fetch with XPath: /ietf-interfaces:interfaces/interface/ieee802-dot1q-bridge:bridge-port/ieee802-dot1q-sched-bridge:gate-parameter-table
[2026-04-17 02:36:02.307828] | Thread:20657 | [NetconfSession::getData] | Got return for path: /ietf-interfaces:interfaces/interface/ieee802-dot1q-bridge:bridge-port/ieee802-dot1q-sched-bridge:gate-parameter-table
[2026-04-17 02:36:02.307948] | Thread:20657 | [GclParser::parseOperationalGclData] | Start operational GCL data parsing
[2026-04-17 02:36:02.308103] | Thread:20657 | [GclParser::parseOperationalGclData] | Finished operational GCL data parsing
[2026-04-17 02:36:02.308204] | Thread:21188 | [NetworkManager::fetchOperationGcl] | Stop operational GCL fetch
[2026-04-17 02:36:02.308272] | Thread:21188 | [CncServiceImpl::SetNodeSchedule] | Finished setting node schedule (with verification) for node: vstsn01
[2026-04-17 02:36:02.308355] | Thread:21190 | [NetworkManager::deployConfigToNode] | Start config deployment for node: vstsn01
[2026-04-17 02:36:02.308456] | Thread:20635 | [NetconfSession::editData] | Start edit-config with XML length: 3260
[2026-04-17 02:36:02.337790] | Thread:20635 | [NetconfSession::editData] | Finished edit-config with XML length: 3260
[2026-04-17 02:36:02.337814] | Thread:20635 | [NetconfSession::commit] | Start commit operation.
[2026-04-17 02:36:02.379320] | Thread:20635 | [NetconfSession::commit] | Finished commit operation.
[2026-04-17 02:36:02.379349] | Thread:20635 | [NetworkManager::deployConfigToNode] | Successfully deployed config for node: vstsn01
[2026-04-17 02:36:02.379415] | Thread:21190 | [CncServiceImpl::SetNodeSchedule] | Finished deploying config to node: vstsn01
[2026-04-17 02:36:02.379470] | Thread:21190 | [NetworkManager::fetchOperationGcl] | Start operational GCL fetch
[2026-04-17 02:36:02.379471] | Thread:21190 | [NetworkManager::fetchOperationGclForNode] | Start operational GCL fetch for node: vstsn01
[2026-04-17 02:36:02.379501] | Thread:20635 | [NetconfSession::getData] | Start data fetch with XPath: /ietf-interfaces:interfaces/interface/ieee802-dot1q-bridge:bridge-port/ieee802-dot1q-sched-bridge:gate-parameter-table
[2026-04-17 02:36:02.481884] | Thread:20635 | [NetconfSession::getData] | Got return for path: /ietf-interfaces:interfaces/interface/ieee802-dot1q-bridge:bridge-port/ieee802-dot1q-sched-bridge:gate-parameter-table
[2026-04-17 02:36:02.482003] | Thread:20635 | [GclParser::parseOperationalGclData] | Start operational GCL data parsing
[2026-04-17 02:36:02.482264] | Thread:20635 | [GclParser::parseOperationalGclData] | Finished operational GCL data parsing
[2026-04-17 02:36:02.482409] | Thread:21190 | [NetworkManager::fetchOperationGclForNode] | Start operational GCL fetch for node: vstsn02
[2026-04-17 02:36:02.482554] | Thread:20646 | [NetconfSession::getData] | Start data fetch with XPath: /ietf-interfaces:interfaces/interface/ieee802-dot1q-bridge:bridge-port/ieee802-dot1q-sched-bridge:gate-parameter-table
[2026-04-17 02:36:02.562677] | Thread:20646 | [NetconfSession::getData] | Got return for path: /ietf-interfaces:interfaces/interface/ieee802-dot1q-bridge:bridge-port/ieee802-dot1q-sched-bridge:gate-parameter-table
[2026-04-17 02:36:02.562943] | Thread:20646 | [GclParser::parseOperationalGclData] | Start operational GCL data parsing
[2026-04-17 02:36:02.563469] | Thread:20646 | [GclParser::parseOperationalGclData] | Finished operational GCL data parsing
[2026-04-17 02:36:02.563663] | Thread:21190 | [NetworkManager::fetchOperationGclForNode] | Start operational GCL fetch for node: vstsn03
[2026-04-17 02:36:02.563715] | Thread:20657 | [NetconfSession::getData] | Start data fetch with XPath: /ietf-interfaces:interfaces/interface/ieee802-dot1q-bridge:bridge-port/ieee802-dot1q-sched-bridge:gate-parameter-table
[2026-04-17 02:36:02.612781] | Thread:20657 | [NetconfSession::getData] | Got return for path: /ietf-interfaces:interfaces/interface/ieee802-dot1q-bridge:bridge-port/ieee802-dot1q-sched-bridge:gate-parameter-table
[2026-04-17 02:36:02.613031] | Thread:20657 | [GclParser::parseOperationalGclData] | Start operational GCL data parsing
[2026-04-17 02:36:02.613352] | Thread:20657 | [GclParser::parseOperationalGclData] | Finished operational GCL data parsing
[2026-04-17 02:36:02.613475] | Thread:21190 | [NetworkManager::fetchOperationGcl] | Stop operational GCL fetch
[2026-04-17 02:36:02.613535] | Thread:21190 | [CncServiceImpl::SetNodeSchedule] | Finished setting node schedule (with verification) for node: vstsn01
[2026-04-17 02:36:02.613601] | Thread:21192 | [NetworkManager::deployConfigToNode] | Start config deployment for node: vstsn01
[2026-04-17 02:36:02.613755] | Thread:20635 | [NetconfSession::editData] | Start edit-config with XML length: 3260
[2026-04-17 02:36:02.642636] | Thread:20635 | [NetconfSession::editData] | Finished edit-config with XML length: 3260
[2026-04-17 02:36:02.642665] | Thread:20635 | [NetconfSession::commit] | Start commit operation.
[2026-04-17 02:36:02.688900] | Thread:20635 | [NetconfSession::commit] | Finished commit operation.
[2026-04-17 02:36:02.688923] | Thread:20635 | [NetworkManager::deployConfigToNode] | Successfully deployed config for node: vstsn01
[2026-04-17 02:36:02.688974] | Thread:21192 | [CncServiceImpl::SetNodeSchedule] | Finished deploying config to node: vstsn01
[2026-04-17 02:36:02.689013] | Thread:21192 | [NetworkManager::fetchOperationGcl] | Start operational GCL fetch
[2026-04-17 02:36:02.689014] | Thread:21192 | [NetworkManager::fetchOperationGclForNode] | Start operational GCL fetch for node: vstsn01
[2026-04-17 02:36:02.689090] | Thread:20635 | [NetconfSession::getData] | Start data fetch with XPath: /ietf-interfaces:interfaces/interface/ieee802-dot1q-bridge:bridge-port/ieee802-dot1q-sched-bridge:gate-parameter-table
[2026-04-17 02:36:02.791464] | Thread:20635 | [NetconfSession::getData] | Got return for path: /ietf-interfaces:interfaces/interface/ieee802-dot1q-bridge:bridge-port/ieee802-dot1q-sched-bridge:gate-parameter-table
[2026-04-17 02:36:02.791587] | Thread:20635 | [GclParser::parseOperationalGclData] | Start operational GCL data parsing
[2026-04-17 02:36:02.791859] | Thread:20635 | [GclParser::parseOperationalGclData] | Finished operational GCL data parsing
[2026-04-17 02:36:02.791951] | Thread:21192 | [NetworkManager::fetchOperationGclForNode] | Start operational GCL fetch for node: vstsn02
[2026-04-17 02:36:02.792052] | Thread:20646 | [NetconfSession::getData] | Start data fetch with XPath: /ietf-interfaces:interfaces/interface/ieee802-dot1q-bridge:bridge-port/ieee802-dot1q-sched-bridge:gate-parameter-table
[2026-04-17 02:36:02.881093] | Thread:20646 | [NetconfSession::getData] | Got return for path: /ietf-interfaces:interfaces/interface/ieee802-dot1q-bridge:bridge-port/ieee802-dot1q-sched-bridge:gate-parameter-table
[2026-04-17 02:36:02.881394] | Thread:20646 | [GclParser::parseOperationalGclData] | Start operational GCL data parsing
[2026-04-17 02:36:02.882325] | Thread:20646 | [GclParser::parseOperationalGclData] | Finished operational GCL data parsing
[2026-04-17 02:36:02.882476] | Thread:21192 | [NetworkManager::fetchOperationGclForNode] | Start operational GCL fetch for node: vstsn03
[2026-04-17 02:36:02.882648] | Thread:20657 | [NetconfSession::getData] | Start data fetch with XPath: /ietf-interfaces:interfaces/interface/ieee802-dot1q-bridge:bridge-port/ieee802-dot1q-sched-bridge:gate-parameter-table
[2026-04-17 02:36:02.920582] | Thread:20657 | [NetconfSession::getData] | Got return for path: /ietf-interfaces:interfaces/interface/ieee802-dot1q-bridge:bridge-port/ieee802-dot1q-sched-bridge:gate-parameter-table
[2026-04-17 02:36:02.920683] | Thread:20657 | [GclParser::parseOperationalGclData] | Start operational GCL data parsing
[2026-04-17 02:36:02.920849] | Thread:20657 | [GclParser::parseOperationalGclData] | Finished operational GCL data parsing
[2026-04-17 02:36:02.920942] | Thread:21192 | [NetworkManager::fetchOperationGcl] | Stop operational GCL fetch
[2026-04-17 02:36:02.920988] | Thread:21192 | [CncServiceImpl::SetNodeSchedule] | Finished setting node schedule (with verification) for node: vstsn01
[2026-04-17 02:36:02.921033] | Thread:21194 | [NetworkManager::deployConfigToNode] | Start config deployment for node: vstsn01
[2026-04-17 02:36:02.921207] | Thread:20635 | [NetconfSession::editData] | Start edit-config with XML length: 3260
[2026-04-17 02:36:02.956033] | Thread:20635 | [NetconfSession::editData] | Finished edit-config with XML length: 3260
[2026-04-17 02:36:02.956065] | Thread:20635 | [NetconfSession::commit] | Start commit operation.
[2026-04-17 02:36:02.996850] | Thread:20635 | [NetconfSession::commit] | Finished commit operation.
[2026-04-17 02:36:02.996880] | Thread:20635 | [NetworkManager::deployConfigToNode] | Successfully deployed config for node: vstsn01
[2026-04-17 02:36:02.996943] | Thread:21194 | [CncServiceImpl::SetNodeSchedule] | Finished deploying config to node: vstsn01
[2026-04-17 02:36:02.996980] | Thread:21194 | [NetworkManager::fetchOperationGcl] | Start operational GCL fetch
[2026-04-17 02:36:02.996982] | Thread:21194 | [NetworkManager::fetchOperationGclForNode] | Start operational GCL fetch for node: vstsn01
[2026-04-17 02:36:02.997021] | Thread:20635 | [NetconfSession::getData] | Start data fetch with XPath: /ietf-interfaces:interfaces/interface/ieee802-dot1q-bridge:bridge-port/ieee802-dot1q-sched-bridge:gate-parameter-table
[2026-04-17 02:36:03.100715] | Thread:20635 | [NetconfSession::getData] | Got return for path: /ietf-interfaces:interfaces/interface/ieee802-dot1q-bridge:bridge-port/ieee802-dot1q-sched-bridge:gate-parameter-table
[2026-04-17 02:36:03.100824] | Thread:20635 | [GclParser::parseOperationalGclData] | Start operational GCL data parsing
[2026-04-17 02:36:03.101032] | Thread:20635 | [GclParser::parseOperationalGclData] | Finished operational GCL data parsing
[2026-04-17 02:36:03.101203] | Thread:21194 | [NetworkManager::fetchOperationGclForNode] | Start operational GCL fetch for node: vstsn02
[2026-04-17 02:36:03.101316] | Thread:20646 | [NetconfSession::getData] | Start data fetch with XPath: /ietf-interfaces:interfaces/interface/ieee802-dot1q-bridge:bridge-port/ieee802-dot1q-sched-bridge:gate-parameter-table
[2026-04-17 02:36:03.186659] | Thread:20646 | [NetconfSession::getData] | Got return for path: /ietf-interfaces:interfaces/interface/ieee802-dot1q-bridge:bridge-port/ieee802-dot1q-sched-bridge:gate-parameter-table
[2026-04-17 02:36:03.186795] | Thread:20646 | [GclParser::parseOperationalGclData] | Start operational GCL data parsing
[2026-04-17 02:36:03.187102] | Thread:20646 | [GclParser::parseOperationalGclData] | Finished operational GCL data parsing
[2026-04-17 02:36:03.187221] | Thread:21194 | [NetworkManager::fetchOperationGclForNode] | Start operational GCL fetch for node: vstsn03
[2026-04-17 02:36:03.187262] | Thread:20657 | [NetconfSession::getData] | Start data fetch with XPath: /ietf-interfaces:interfaces/interface/ieee802-dot1q-bridge:bridge-port/ieee802-dot1q-sched-bridge:gate-parameter-table
[2026-04-17 02:36:03.225932] | Thread:20657 | [NetconfSession::getData] | Got return for path: /ietf-interfaces:interfaces/interface/ieee802-dot1q-bridge:bridge-port/ieee802-dot1q-sched-bridge:gate-parameter-table
[2026-04-17 02:36:03.226094] | Thread:20657 | [GclParser::parseOperationalGclData] | Start operational GCL data parsing
[2026-04-17 02:36:03.226414] | Thread:20657 | [GclParser::parseOperationalGclData] | Finished operational GCL data parsing
[2026-04-17 02:36:03.226545] | Thread:21194 | [NetworkManager::fetchOperationGcl] | Stop operational GCL fetch
[2026-04-17 02:36:03.226617] | Thread:21194 | [CncServiceImpl::SetNodeSchedule] | Finished setting node schedule (with verification) for node: vstsn01
[2026-04-17 02:36:03.226687] | Thread:21196 | [NetworkManager::deployConfigToNode] | Start config deployment for node: vstsn01
[2026-04-17 02:36:03.226848] | Thread:20635 | [NetconfSession::editData] | Start edit-config with XML length: 3260
[2026-04-17 02:36:03.256834] | Thread:20635 | [NetconfSession::editData] | Finished edit-config with XML length: 3260
[2026-04-17 02:36:03.256905] | Thread:20635 | [NetconfSession::commit] | Start commit operation.
[2026-04-17 02:36:03.297762] | Thread:20635 | [NetconfSession::commit] | Finished commit operation.
[2026-04-17 02:36:03.297785] | Thread:20635 | [NetworkManager::deployConfigToNode] | Successfully deployed config for node: vstsn01
[2026-04-17 02:36:03.297850] | Thread:21196 | [CncServiceImpl::SetNodeSchedule] | Finished deploying config to node: vstsn01
[2026-04-17 02:36:03.297884] | Thread:21196 | [NetworkManager::fetchOperationGcl] | Start operational GCL fetch
[2026-04-17 02:36:03.297886] | Thread:21196 | [NetworkManager::fetchOperationGclForNode] | Start operational GCL fetch for node: vstsn01
[2026-04-17 02:36:03.297924] | Thread:20635 | [NetconfSession::getData] | Start data fetch with XPath: /ietf-interfaces:interfaces/interface/ieee802-dot1q-bridge:bridge-port/ieee802-dot1q-sched-bridge:gate-parameter-table
[2026-04-17 02:36:03.399374] | Thread:20635 | [NetconfSession::getData] | Got return for path: /ietf-interfaces:interfaces/interface/ieee802-dot1q-bridge:bridge-port/ieee802-dot1q-sched-bridge:gate-parameter-table
[2026-04-17 02:36:03.399477] | Thread:20635 | [GclParser::parseOperationalGclData] | Start operational GCL data parsing
[2026-04-17 02:36:03.399698] | Thread:20635 | [GclParser::parseOperationalGclData] | Finished operational GCL data parsing
[2026-04-17 02:36:03.399867] | Thread:21196 | [NetworkManager::fetchOperationGclForNode] | Start operational GCL fetch for node: vstsn02
[2026-04-17 02:36:03.399974] | Thread:20646 | [NetconfSession::getData] | Start data fetch with XPath: /ietf-interfaces:interfaces/interface/ieee802-dot1q-bridge:bridge-port/ieee802-dot1q-sched-bridge:gate-parameter-table
[2026-04-17 02:36:03.477612] | Thread:20646 | [NetconfSession::getData] | Got return for path: /ietf-interfaces:interfaces/interface/ieee802-dot1q-bridge:bridge-port/ieee802-dot1q-sched-bridge:gate-parameter-table
[2026-04-17 02:36:03.477749] | Thread:20646 | [GclParser::parseOperationalGclData] | Start operational GCL data parsing
[2026-04-17 02:36:03.478062] | Thread:20646 | [GclParser::parseOperationalGclData] | Finished operational GCL data parsing
[2026-04-17 02:36:03.478133] | Thread:21196 | [NetworkManager::fetchOperationGclForNode] | Start operational GCL fetch for node: vstsn03
[2026-04-17 02:36:03.478305] | Thread:20657 | [NetconfSession::getData] | Start data fetch with XPath: /ietf-interfaces:interfaces/interface/ieee802-dot1q-bridge:bridge-port/ieee802-dot1q-sched-bridge:gate-parameter-table
[2026-04-17 02:36:03.515606] | Thread:20657 | [NetconfSession::getData] | Got return for path: /ietf-interfaces:interfaces/interface/ieee802-dot1q-bridge:bridge-port/ieee802-dot1q-sched-bridge:gate-parameter-table
[2026-04-17 02:36:03.515798] | Thread:20657 | [GclParser::parseOperationalGclData] | Start operational GCL data parsing
[2026-04-17 02:36:03.516085] | Thread:20657 | [GclParser::parseOperationalGclData] | Finished operational GCL data parsing
[2026-04-17 02:36:03.516287] | Thread:21196 | [NetworkManager::fetchOperationGcl] | Stop operational GCL fetch
[2026-04-17 02:36:03.516351] | Thread:21196 | [CncServiceImpl::SetNodeSchedule] | Finished setting node schedule (with verification) for node: vstsn01
[2026-04-17 02:36:03.516448] | Thread:21198 | [NetworkManager::deployConfigToNode] | Start config deployment for node: vstsn01
[2026-04-17 02:36:03.516618] | Thread:20635 | [NetconfSession::editData] | Start edit-config with XML length: 3260
[2026-04-17 02:36:03.545977] | Thread:20635 | [NetconfSession::editData] | Finished edit-config with XML length: 3260
[2026-04-17 02:36:03.546016] | Thread:20635 | [NetconfSession::commit] | Start commit operation.
[2026-04-17 02:36:03.592173] | Thread:20635 | [NetconfSession::commit] | Finished commit operation.
[2026-04-17 02:36:03.592200] | Thread:20635 | [NetworkManager::deployConfigToNode] | Successfully deployed config for node: vstsn01
[2026-04-17 02:36:03.592260] | Thread:21198 | [CncServiceImpl::SetNodeSchedule] | Finished deploying config to node: vstsn01
[2026-04-17 02:36:03.592295] | Thread:21198 | [NetworkManager::fetchOperationGcl] | Start operational GCL fetch
[2026-04-17 02:36:03.592296] | Thread:21198 | [NetworkManager::fetchOperationGclForNode] | Start operational GCL fetch for node: vstsn01
[2026-04-17 02:36:03.592328] | Thread:20635 | [NetconfSession::getData] | Start data fetch with XPath: /ietf-interfaces:interfaces/interface/ieee802-dot1q-bridge:bridge-port/ieee802-dot1q-sched-bridge:gate-parameter-table
[2026-04-17 02:36:03.696678] | Thread:20635 | [NetconfSession::getData] | Got return for path: /ietf-interfaces:interfaces/interface/ieee802-dot1q-bridge:bridge-port/ieee802-dot1q-sched-bridge:gate-parameter-table
[2026-04-17 02:36:03.696795] | Thread:20635 | [GclParser::parseOperationalGclData] | Start operational GCL data parsing
[2026-04-17 02:36:03.697041] | Thread:20635 | [GclParser::parseOperationalGclData] | Finished operational GCL data parsing
[2026-04-17 02:36:03.697151] | Thread:21198 | [NetworkManager::fetchOperationGclForNode] | Start operational GCL fetch for node: vstsn02
[2026-04-17 02:36:03.697245] | Thread:20646 | [NetconfSession::getData] | Start data fetch with XPath: /ietf-interfaces:interfaces/interface/ieee802-dot1q-bridge:bridge-port/ieee802-dot1q-sched-bridge:gate-parameter-table
[2026-04-17 02:36:03.777693] | Thread:20646 | [NetconfSession::getData] | Got return for path: /ietf-interfaces:interfaces/interface/ieee802-dot1q-bridge:bridge-port/ieee802-dot1q-sched-bridge:gate-parameter-table
[2026-04-17 02:36:03.777843] | Thread:20646 | [GclParser::parseOperationalGclData] | Start operational GCL data parsing
[2026-04-17 02:36:03.778121] | Thread:20646 | [GclParser::parseOperationalGclData] | Finished operational GCL data parsing
[2026-04-17 02:36:03.778330] | Thread:21198 | [NetworkManager::fetchOperationGclForNode] | Start operational GCL fetch for node: vstsn03
[2026-04-17 02:36:03.778465] | Thread:20657 | [NetconfSession::getData] | Start data fetch with XPath: /ietf-interfaces:interfaces/interface/ieee802-dot1q-bridge:bridge-port/ieee802-dot1q-sched-bridge:gate-parameter-table
[2026-04-17 02:36:03.813303] | Thread:20657 | [NetconfSession::getData] | Got return for path: /ietf-interfaces:interfaces/interface/ieee802-dot1q-bridge:bridge-port/ieee802-dot1q-sched-bridge:gate-parameter-table
[2026-04-17 02:36:03.813412] | Thread:20657 | [GclParser::parseOperationalGclData] | Start operational GCL data parsing
[2026-04-17 02:36:03.813561] | Thread:20657 | [GclParser::parseOperationalGclData] | Finished operational GCL data parsing
[2026-04-17 02:36:03.813627] | Thread:21198 | [NetworkManager::fetchOperationGcl] | Stop operational GCL fetch
[2026-04-17 02:36:03.813675] | Thread:21198 | [CncServiceImpl::SetNodeSchedule] | Finished setting node schedule (with verification) for node: vstsn01
[2026-04-17 02:36:03.813797] | Thread:21200 | [NetworkManager::deployConfigToNode] | Start config deployment for node: vstsn01
[2026-04-17 02:36:03.813906] | Thread:20635 | [NetconfSession::editData] | Start edit-config with XML length: 3260
[2026-04-17 02:36:03.843510] | Thread:20635 | [NetconfSession::editData] | Finished edit-config with XML length: 3260
[2026-04-17 02:36:03.843533] | Thread:20635 | [NetconfSession::commit] | Start commit operation.
[2026-04-17 02:36:03.888607] | Thread:20635 | [NetconfSession::commit] | Finished commit operation.
[2026-04-17 02:36:03.888639] | Thread:20635 | [NetworkManager::deployConfigToNode] | Successfully deployed config for node: vstsn01
[2026-04-17 02:36:03.888746] | Thread:21200 | [CncServiceImpl::SetNodeSchedule] | Finished deploying config to node: vstsn01
[2026-04-17 02:36:03.888820] | Thread:21200 | [NetworkManager::fetchOperationGcl] | Start operational GCL fetch
[2026-04-17 02:36:03.888823] | Thread:21200 | [NetworkManager::fetchOperationGclForNode] | Start operational GCL fetch for node: vstsn01
[2026-04-17 02:36:03.888874] | Thread:20635 | [NetconfSession::getData] | Start data fetch with XPath: /ietf-interfaces:interfaces/interface/ieee802-dot1q-bridge:bridge-port/ieee802-dot1q-sched-bridge:gate-parameter-table
[2026-04-17 02:36:03.991505] | Thread:20635 | [NetconfSession::getData] | Got return for path: /ietf-interfaces:interfaces/interface/ieee802-dot1q-bridge:bridge-port/ieee802-dot1q-sched-bridge:gate-parameter-table
[2026-04-17 02:36:03.991632] | Thread:20635 | [GclParser::parseOperationalGclData] | Start operational GCL data parsing
[2026-04-17 02:36:03.991962] | Thread:20635 | [GclParser::parseOperationalGclData] | Finished operational GCL data parsing
[2026-04-17 02:36:03.992201] | Thread:21200 | [NetworkManager::fetchOperationGclForNode] | Start operational GCL fetch for node: vstsn02
[2026-04-17 02:36:03.992279] | Thread:20646 | [NetconfSession::getData] | Start data fetch with XPath: /ietf-interfaces:interfaces/interface/ieee802-dot1q-bridge:bridge-port/ieee802-dot1q-sched-bridge:gate-parameter-table
[2026-04-17 02:36:04.072743] | Thread:20646 | [NetconfSession::getData] | Got return for path: /ietf-interfaces:interfaces/interface/ieee802-dot1q-bridge:bridge-port/ieee802-dot1q-sched-bridge:gate-parameter-table
[2026-04-17 02:36:04.072899] | Thread:20646 | [GclParser::parseOperationalGclData] | Start operational GCL data parsing
[2026-04-17 02:36:04.073223] | Thread:20646 | [GclParser::parseOperationalGclData] | Finished operational GCL data parsing
[2026-04-17 02:36:04.073325] | Thread:21200 | [NetworkManager::fetchOperationGclForNode] | Start operational GCL fetch for node: vstsn03
[2026-04-17 02:36:04.073378] | Thread:20657 | [NetconfSession::getData] | Start data fetch with XPath: /ietf-interfaces:interfaces/interface/ieee802-dot1q-bridge:bridge-port/ieee802-dot1q-sched-bridge:gate-parameter-table
[2026-04-17 02:36:04.113061] | Thread:20657 | [NetconfSession::getData] | Got return for path: /ietf-interfaces:interfaces/interface/ieee802-dot1q-bridge:bridge-port/ieee802-dot1q-sched-bridge:gate-parameter-table
[2026-04-17 02:36:04.113209] | Thread:20657 | [GclParser::parseOperationalGclData] | Start operational GCL data parsing
[2026-04-17 02:36:04.113384] | Thread:20657 | [GclParser::parseOperationalGclData] | Finished operational GCL data parsing
[2026-04-17 02:36:04.113454] | Thread:21200 | [NetworkManager::fetchOperationGcl] | Stop operational GCL fetch
[2026-04-17 02:36:04.113504] | Thread:21200 | [CncServiceImpl::SetNodeSchedule] | Finished setting node schedule (with verification) for node: vstsn01
[2026-04-17 02:36:04.113548] | Thread:21202 | [NetworkManager::deployConfigToNode] | Start config deployment for node: vstsn01
[2026-04-17 02:36:04.113650] | Thread:20635 | [NetconfSession::editData] | Start edit-config with XML length: 3260
[2026-04-17 02:36:04.142816] | Thread:20635 | [NetconfSession::editData] | Finished edit-config with XML length: 3260
[2026-04-17 02:36:04.142852] | Thread:20635 | [NetconfSession::commit] | Start commit operation.
[2026-04-17 02:36:04.182801] | Thread:20635 | [NetconfSession::commit] | Finished commit operation.
[2026-04-17 02:36:04.182839] | Thread:20635 | [NetworkManager::deployConfigToNode] | Successfully deployed config for node: vstsn01
[2026-04-17 02:36:04.182911] | Thread:21202 | [CncServiceImpl::SetNodeSchedule] | Finished deploying config to node: vstsn01
[2026-04-17 02:36:04.182969] | Thread:21202 | [NetworkManager::fetchOperationGcl] | Start operational GCL fetch
[2026-04-17 02:36:04.182971] | Thread:21202 | [NetworkManager::fetchOperationGclForNode] | Start operational GCL fetch for node: vstsn01
[2026-04-17 02:36:04.183036] | Thread:20635 | [NetconfSession::getData] | Start data fetch with XPath: /ietf-interfaces:interfaces/interface/ieee802-dot1q-bridge:bridge-port/ieee802-dot1q-sched-bridge:gate-parameter-table
[2026-04-17 02:36:04.288209] | Thread:20635 | [NetconfSession::getData] | Got return for path: /ietf-interfaces:interfaces/interface/ieee802-dot1q-bridge:bridge-port/ieee802-dot1q-sched-bridge:gate-parameter-table
[2026-04-17 02:36:04.288481] | Thread:20635 | [GclParser::parseOperationalGclData] | Start operational GCL data parsing
[2026-04-17 02:36:04.289309] | Thread:20635 | [GclParser::parseOperationalGclData] | Finished operational GCL data parsing
[2026-04-17 02:36:04.289552] | Thread:21202 | [NetworkManager::fetchOperationGclForNode] | Start operational GCL fetch for node: vstsn02
[2026-04-17 02:36:04.289769] | Thread:20646 | [NetconfSession::getData] | Start data fetch with XPath: /ietf-interfaces:interfaces/interface/ieee802-dot1q-bridge:bridge-port/ieee802-dot1q-sched-bridge:gate-parameter-table
[2026-04-17 02:36:04.369694] | Thread:20646 | [NetconfSession::getData] | Got return for path: /ietf-interfaces:interfaces/interface/ieee802-dot1q-bridge:bridge-port/ieee802-dot1q-sched-bridge:gate-parameter-table
[2026-04-17 02:36:04.370103] | Thread:20646 | [GclParser::parseOperationalGclData] | Start operational GCL data parsing
[2026-04-17 02:36:04.371006] | Thread:20646 | [GclParser::parseOperationalGclData] | Finished operational GCL data parsing
[2026-04-17 02:36:04.371273] | Thread:21202 | [NetworkManager::fetchOperationGclForNode] | Start operational GCL fetch for node: vstsn03
[2026-04-17 02:36:04.371491] | Thread:20657 | [NetconfSession::getData] | Start data fetch with XPath: /ietf-interfaces:interfaces/interface/ieee802-dot1q-bridge:bridge-port/ieee802-dot1q-sched-bridge:gate-parameter-table
[2026-04-17 02:36:04.411171] | Thread:20657 | [NetconfSession::getData] | Got return for path: /ietf-interfaces:interfaces/interface/ieee802-dot1q-bridge:bridge-port/ieee802-dot1q-sched-bridge:gate-parameter-table
[2026-04-17 02:36:04.411490] | Thread:20657 | [GclParser::parseOperationalGclData] | Start operational GCL data parsing
[2026-04-17 02:36:04.412415] | Thread:20657 | [GclParser::parseOperationalGclData] | Finished operational GCL data parsing
[2026-04-17 02:36:04.412665] | Thread:21202 | [NetworkManager::fetchOperationGcl] | Stop operational GCL fetch
[2026-04-17 02:36:04.412805] | Thread:21202 | [CncServiceImpl::SetNodeSchedule] | Finished setting node schedule (with verification) for node: vstsn01
[2026-04-17 02:36:04.412966] | Thread:21204 | [NetworkManager::deployConfigToNode] | Start config deployment for node: vstsn01
[2026-04-17 02:36:04.413293] | Thread:20635 | [NetconfSession::editData] | Start edit-config with XML length: 3260
[2026-04-17 02:36:04.445407] | Thread:20635 | [NetconfSession::editData] | Finished edit-config with XML length: 3260
[2026-04-17 02:36:04.445473] | Thread:20635 | [NetconfSession::commit] | Start commit operation.
[2026-04-17 02:36:04.488765] | Thread:20635 | [NetconfSession::commit] | Finished commit operation.
[2026-04-17 02:36:04.488795] | Thread:20635 | [NetworkManager::deployConfigToNode] | Successfully deployed config for node: vstsn01
[2026-04-17 02:36:04.488874] | Thread:21204 | [CncServiceImpl::SetNodeSchedule] | Finished deploying config to node: vstsn01
[2026-04-17 02:36:04.488918] | Thread:21204 | [NetworkManager::fetchOperationGcl] | Start operational GCL fetch
[2026-04-17 02:36:04.488920] | Thread:21204 | [NetworkManager::fetchOperationGclForNode] | Start operational GCL fetch for node: vstsn01
[2026-04-17 02:36:04.488981] | Thread:20635 | [NetconfSession::getData] | Start data fetch with XPath: /ietf-interfaces:interfaces/interface/ieee802-dot1q-bridge:bridge-port/ieee802-dot1q-sched-bridge:gate-parameter-table
[2026-04-17 02:36:04.593278] | Thread:20635 | [NetconfSession::getData] | Got return for path: /ietf-interfaces:interfaces/interface/ieee802-dot1q-bridge:bridge-port/ieee802-dot1q-sched-bridge:gate-parameter-table
[2026-04-17 02:36:04.593585] | Thread:20635 | [GclParser::parseOperationalGclData] | Start operational GCL data parsing
[2026-04-17 02:36:04.594132] | Thread:20635 | [GclParser::parseOperationalGclData] | Finished operational GCL data parsing
[2026-04-17 02:36:04.594336] | Thread:21204 | [NetworkManager::fetchOperationGclForNode] | Start operational GCL fetch for node: vstsn02
[2026-04-17 02:36:04.594489] | Thread:20646 | [NetconfSession::getData] | Start data fetch with XPath: /ietf-interfaces:interfaces/interface/ieee802-dot1q-bridge:bridge-port/ieee802-dot1q-sched-bridge:gate-parameter-table
[2026-04-17 02:36:04.682257] | Thread:20646 | [NetconfSession::getData] | Got return for path: /ietf-interfaces:interfaces/interface/ieee802-dot1q-bridge:bridge-port/ieee802-dot1q-sched-bridge:gate-parameter-table
[2026-04-17 02:36:04.682515] | Thread:20646 | [GclParser::parseOperationalGclData] | Start operational GCL data parsing
[2026-04-17 02:36:04.683044] | Thread:20646 | [GclParser::parseOperationalGclData] | Finished operational GCL data parsing
[2026-04-17 02:36:04.683258] | Thread:21204 | [NetworkManager::fetchOperationGclForNode] | Start operational GCL fetch for node: vstsn03
[2026-04-17 02:36:04.683363] | Thread:20657 | [NetconfSession::getData] | Start data fetch with XPath: /ietf-interfaces:interfaces/interface/ieee802-dot1q-bridge:bridge-port/ieee802-dot1q-sched-bridge:gate-parameter-table
[2026-04-17 02:36:04.722038] | Thread:20657 | [NetconfSession::getData] | Got return for path: /ietf-interfaces:interfaces/interface/ieee802-dot1q-bridge:bridge-port/ieee802-dot1q-sched-bridge:gate-parameter-table
[2026-04-17 02:36:04.722224] | Thread:20657 | [GclParser::parseOperationalGclData] | Start operational GCL data parsing
[2026-04-17 02:36:04.722520] | Thread:20657 | [GclParser::parseOperationalGclData] | Finished operational GCL data parsing
[2026-04-17 02:36:04.722660] | Thread:21204 | [NetworkManager::fetchOperationGcl] | Stop operational GCL fetch
[2026-04-17 02:36:04.722773] | Thread:21204 | [CncServiceImpl::SetNodeSchedule] | Finished setting node schedule (with verification) for node: vstsn01
