Timestamp_Start,Thread,Node,Operation,Duration_ms
02:34:59.911,20635,vstsn01,NetconfSession::editData,33.65
02:34:59.944,20635,vstsn01,NetconfSession::commit,41.83
02:34:59.910,20665,vstsn01,CncServiceImpl::SetNodeSchedule,75.84
02:34:59.986,20635,vstsn01,NetconfSession::getData,108.69
02:35:00.095,20635,vstsn01,GclParser::parseOperationalGclData,0.27
02:35:00.096,20646,Unknown,NetconfSession::getData,77.39
02:35:00.173,20646,Unknown,GclParser::parseOperationalGclData,0.34
02:35:00.174,20657,Unknown,NetconfSession::getData,40.28
02:35:00.214,20657,Unknown,GclParser::parseOperationalGclData,0.17
02:35:00.887,20635,vstsn01,NetconfSession::editData,30.71
02:35:00.918,20635,vstsn01,NetconfSession::commit,46.06
02:35:00.887,20665,vstsn01,CncServiceImpl::SetNodeSchedule,77.07
02:35:00.964,20635,vstsn01,NetconfSession::getData,117.85
02:35:01.082,20635,vstsn01,GclParser::parseOperationalGclData,0.25
02:35:01.083,20646,Unknown,NetconfSession::getData,99.82
02:35:01.183,20646,Unknown,GclParser::parseOperationalGclData,0.42
02:35:01.183,20657,Unknown,NetconfSession::getData,35.8
02:35:01.219,20657,Unknown,GclParser::parseOperationalGclData,0.16
02:35:01.220,20635,vstsn01,NetconfSession::editData,30.29
02:35:01.250,20635,vstsn01,NetconfSession::commit,41.13
02:35:00.888,20712,vstsn01,CncServiceImpl::SetNodeSchedule,403.8
02:35:01.291,20635,vstsn01,NetconfSession::getData,102.57
02:35:01.394,20635,vstsn01,GclParser::parseOperationalGclData,0.3
02:35:01.395,20646,Unknown,NetconfSession::getData,76.4
02:35:01.471,20646,Unknown,GclParser::parseOperationalGclData,0.34
02:35:01.472,20657,Unknown,NetconfSession::getData,40.5
02:35:01.512,20657,Unknown,GclParser::parseOperationalGclData,0.15
02:35:01.893,20635,vstsn01,NetconfSession::editData,31.65
02:35:01.924,20635,vstsn01,NetconfSession::commit,51.99
02:35:01.892,20735,vstsn01,CncServiceImpl::SetNodeSchedule,83.92
02:35:01.976,20635,vstsn01,NetconfSession::getData,108.79
02:35:02.085,20635,vstsn01,GclParser::parseOperationalGclData,0.23
02:35:02.086,20646,Unknown,NetconfSession::getData,76.83
02:35:02.163,20646,Unknown,GclParser::parseOperationalGclData,0.35
02:35:02.163,20657,Unknown,NetconfSession::getData,36.65
02:35:02.200,20657,Unknown,GclParser::parseOperationalGclData,0.23
02:35:02.200,20635,vstsn01,NetconfSession::editData,28.6
02:35:02.229,20635,vstsn01,NetconfSession::commit,41.7
02:35:01.893,20665,vstsn01,CncServiceImpl::SetNodeSchedule,378.11
02:35:02.271,20635,vstsn01,NetconfSession::getData,101.59
02:35:02.373,20635,vstsn01,GclParser::parseOperationalGclData,0.29
02:35:02.373,20646,Unknown,NetconfSession::getData,78.8
02:35:02.452,20646,Unknown,GclParser::parseOperationalGclData,0.46
02:35:02.453,20657,Unknown,NetconfSession::getData,36.56
02:35:02.490,20657,Unknown,GclParser::parseOperationalGclData,0.18
02:35:02.490,20635,vstsn01,NetconfSession::editData,36.98
02:35:02.527,20635,vstsn01,NetconfSession::commit,40.3
02:35:01.895,20760,vstsn01,CncServiceImpl::SetNodeSchedule,672.86
02:35:02.567,20635,vstsn01,NetconfSession::getData,100.12
02:35:02.668,20635,vstsn01,GclParser::parseOperationalGclData,0.41
02:35:02.668,20646,Unknown,NetconfSession::getData,75.18
02:35:02.744,20646,Unknown,GclParser::parseOperationalGclData,0.51
02:35:02.745,20657,Unknown,NetconfSession::getData,35.68
02:35:02.780,20657,Unknown,GclParser::parseOperationalGclData,0.17
02:35:02.897,20635,vstsn01,NetconfSession::editData,31.93
02:35:02.929,20635,vstsn01,NetconfSession::commit,44.19
02:35:02.897,20761,vstsn01,CncServiceImpl::SetNodeSchedule,76.43
02:35:02.973,20635,vstsn01,NetconfSession::getData,113.95
02:35:03.087,20635,vstsn01,GclParser::parseOperationalGclData,0.25
02:35:03.088,20646,Unknown,NetconfSession::getData,92.36
02:35:03.180,20646,Unknown,GclParser::parseOperationalGclData,0.63
02:35:03.181,20657,Unknown,NetconfSession::getData,39.2
02:35:03.221,20657,Unknown,GclParser::parseOperationalGclData,0.4
02:35:03.222,20635,vstsn01,NetconfSession::editData,30.09
02:35:03.252,20635,vstsn01,NetconfSession::commit,42.0
02:35:02.897,20735,vstsn01,CncServiceImpl::SetNodeSchedule,397.07
02:35:03.294,20635,vstsn01,NetconfSession::getData,116.53
02:35:03.411,20635,vstsn01,GclParser::parseOperationalGclData,0.26
02:35:03.411,20646,Unknown,NetconfSession::getData,90.54
02:35:03.502,20646,Unknown,GclParser::parseOperationalGclData,0.57
02:35:03.503,20657,Unknown,NetconfSession::getData,40.45
02:35:03.544,20657,Unknown,GclParser::parseOperationalGclData,0.19
02:35:03.544,20635,vstsn01,NetconfSession::editData,27.76
02:35:03.572,20635,vstsn01,NetconfSession::commit,41.91
02:35:02.898,20792,vstsn01,CncServiceImpl::SetNodeSchedule,715.55
02:35:03.614,20635,vstsn01,NetconfSession::getData,100.75
02:35:03.715,20635,vstsn01,GclParser::parseOperationalGclData,0.36
02:35:03.715,20646,Unknown,NetconfSession::getData,75.37
02:35:03.791,20646,Unknown,GclParser::parseOperationalGclData,0.4
02:35:03.792,20657,Unknown,NetconfSession::getData,41.59
02:35:03.833,20657,Unknown,GclParser::parseOperationalGclData,0.24
02:35:03.834,20635,vstsn01,NetconfSession::editData,30.7
02:35:03.865,20635,vstsn01,NetconfSession::commit,42.87
02:35:02.899,20793,vstsn01,CncServiceImpl::SetNodeSchedule,1008.58
02:35:03.908,20635,vstsn01,NetconfSession::getData,106.09
02:35:04.014,20635,vstsn01,GclParser::parseOperationalGclData,0.25
02:35:04.014,20646,Unknown,NetconfSession::getData,84.07
02:35:04.099,20646,Unknown,GclParser::parseOperationalGclData,0.64
02:35:04.100,20657,Unknown,NetconfSession::getData,36.77
02:35:04.137,20657,Unknown,GclParser::parseOperationalGclData,0.16
02:35:04.137,20635,vstsn01,NetconfSession::editData,28.26
02:35:04.165,20635,vstsn01,NetconfSession::commit,40.89
02:35:03.900,20761,vstsn01,CncServiceImpl::SetNodeSchedule,306.34
02:35:04.206,20635,vstsn01,NetconfSession::getData,103.81
02:35:04.310,20635,vstsn01,GclParser::parseOperationalGclData,0.25
02:35:04.311,20646,Unknown,NetconfSession::getData,82.45
02:35:04.393,20646,Unknown,GclParser::parseOperationalGclData,0.53
02:35:04.394,20657,Unknown,NetconfSession::getData,53.86
02:35:04.448,20657,Unknown,GclParser::parseOperationalGclData,0.25
02:35:04.449,20635,vstsn01,NetconfSession::editData,31.71
02:35:04.480,20635,vstsn01,NetconfSession::commit,51.22
02:35:03.901,20794,vstsn01,CncServiceImpl::SetNodeSchedule,630.97
02:35:04.532,20635,vstsn01,NetconfSession::getData,114.19
02:35:04.646,20635,vstsn01,GclParser::parseOperationalGclData,0.23
02:35:04.647,20646,Unknown,NetconfSession::getData,78.38
02:35:04.725,20646,Unknown,GclParser::parseOperationalGclData,0.36
02:35:04.726,20657,Unknown,NetconfSession::getData,34.24
02:35:04.760,20657,Unknown,GclParser::parseOperationalGclData,0.18
02:35:04.761,20635,vstsn01,NetconfSession::editData,31.11
02:35:04.792,20635,vstsn01,NetconfSession::commit,40.99
02:35:03.902,20799,vstsn01,CncServiceImpl::SetNodeSchedule,931.15
02:35:04.833,20635,vstsn01,NetconfSession::getData,127.27
02:35:04.960,20635,vstsn01,GclParser::parseOperationalGclData,0.23
02:35:04.961,20646,Unknown,NetconfSession::getData,78.91
02:35:05.040,20646,Unknown,GclParser::parseOperationalGclData,0.34
02:35:05.040,20657,Unknown,NetconfSession::getData,42.15
02:35:05.082,20657,Unknown,GclParser::parseOperationalGclData,0.24
02:35:05.083,20635,vstsn01,NetconfSession::editData,30.11
02:35:05.113,20635,vstsn01,NetconfSession::commit,43.05
02:35:03.902,20801,vstsn01,CncServiceImpl::SetNodeSchedule,1253.96
02:35:05.156,20635,vstsn01,NetconfSession::getData,101.35
02:35:05.258,20635,vstsn01,GclParser::parseOperationalGclData,0.25
02:35:05.258,20646,Unknown,NetconfSession::getData,74.95
02:35:05.333,20646,Unknown,GclParser::parseOperationalGclData,0.78
02:35:05.334,20657,Unknown,NetconfSession::getData,38.45
02:35:05.373,20657,Unknown,GclParser::parseOperationalGclData,0.15
02:35:05.373,20635,vstsn01,NetconfSession::editData,29.15
02:35:05.403,20635,vstsn01,NetconfSession::commit,41.52
02:35:03.904,20802,vstsn01,CncServiceImpl::SetNodeSchedule,1540.08
02:35:05.444,20635,vstsn01,NetconfSession::getData,114.21
02:35:05.559,20635,vstsn01,GclParser::parseOperationalGclData,0.37
02:35:05.559,20646,Unknown,NetconfSession::getData,81.74
02:35:05.641,20646,Unknown,GclParser::parseOperationalGclData,0.34
02:35:05.641,20657,Unknown,NetconfSession::getData,36.1
02:35:05.678,20657,Unknown,GclParser::parseOperationalGclData,0.18
02:35:05.678,20635,vstsn01,NetconfSession::editData,28.85
02:35:05.707,20635,vstsn01,NetconfSession::commit,40.08
02:35:04.906,20793,vstsn01,CncServiceImpl::SetNodeSchedule,841.23
02:35:05.747,20635,vstsn01,NetconfSession::getData,104.58
02:35:05.852,20635,vstsn01,GclParser::parseOperationalGclData,0.61
02:35:05.853,20646,Unknown,NetconfSession::getData,80.13
02:35:05.934,20646,Unknown,GclParser::parseOperationalGclData,1.21
02:35:05.935,20657,Unknown,NetconfSession::getData,39.14
02:35:05.975,20657,Unknown,GclParser::parseOperationalGclData,0.22
02:35:05.975,20635,vstsn01,NetconfSession::editData,33.51
02:35:06.009,20635,vstsn01,NetconfSession::commit,45.07
02:35:04.907,20803,vstsn01,CncServiceImpl::SetNodeSchedule,1147.43
02:35:06.054,20635,vstsn01,NetconfSession::getData,108.39
02:35:06.163,20635,vstsn01,GclParser::parseOperationalGclData,0.86
02:35:06.164,20646,Unknown,NetconfSession::getData,80.62
02:35:06.246,20646,Unknown,GclParser::parseOperationalGclData,0.96
02:35:06.247,20657,Unknown,NetconfSession::getData,40.33
02:35:06.288,20657,Unknown,GclParser::parseOperationalGclData,0.43
02:35:06.289,20635,vstsn01,NetconfSession::editData,32.57
02:35:06.321,20635,vstsn01,NetconfSession::commit,42.46
02:35:04.908,20806,vstsn01,CncServiceImpl::SetNodeSchedule,1456.33
02:35:06.364,20635,vstsn01,NetconfSession::getData,103.21
02:35:06.468,20635,vstsn01,GclParser::parseOperationalGclData,0.36
02:35:06.468,20646,Unknown,NetconfSession::getData,74.47
02:35:06.543,20646,Unknown,GclParser::parseOperationalGclData,0.36
02:35:06.543,20657,Unknown,NetconfSession::getData,40.67
02:35:06.584,20657,Unknown,GclParser::parseOperationalGclData,0.28
02:35:06.585,20635,vstsn01,NetconfSession::editData,45.38
02:35:06.630,20635,vstsn01,NetconfSession::commit,52.05
02:35:04.909,20807,vstsn01,CncServiceImpl::SetNodeSchedule,1773.69
02:35:06.682,20635,vstsn01,NetconfSession::getData,99.67
02:35:06.782,20635,vstsn01,GclParser::parseOperationalGclData,0.32
02:35:06.783,20646,Unknown,NetconfSession::getData,81.77
02:35:06.865,20646,Unknown,GclParser::parseOperationalGclData,1.49
02:35:06.867,20657,Unknown,NetconfSession::getData,37.67
02:35:06.905,20657,Unknown,GclParser::parseOperationalGclData,0.23
02:35:06.905,20635,vstsn01,NetconfSession::editData,30.01
02:35:06.935,20635,vstsn01,NetconfSession::commit,57.78
02:35:04.910,20808,vstsn01,CncServiceImpl::SetNodeSchedule,2083.64
02:35:06.993,20635,vstsn01,NetconfSession::getData,111.59
02:35:07.105,20635,vstsn01,GclParser::parseOperationalGclData,0.51
02:35:07.106,20646,Unknown,NetconfSession::getData,100.5
02:35:07.207,20646,Unknown,GclParser::parseOperationalGclData,0.87
02:35:07.208,20657,Unknown,NetconfSession::getData,36.17
02:35:07.245,20657,Unknown,GclParser::parseOperationalGclData,0.19
02:35:07.245,20635,vstsn01,NetconfSession::editData,31.12
02:35:07.276,20635,vstsn01,NetconfSession::commit,41.46
02:35:04.911,20810,vstsn01,CncServiceImpl::SetNodeSchedule,2406.97
02:35:07.318,20635,vstsn01,NetconfSession::getData,106.46
02:35:07.425,20635,vstsn01,GclParser::parseOperationalGclData,0.28
02:35:07.425,20646,Unknown,NetconfSession::getData,75.63
02:35:07.501,20646,Unknown,GclParser::parseOperationalGclData,0.59
02:35:07.502,20657,Unknown,NetconfSession::getData,35.68
02:35:07.538,20657,Unknown,GclParser::parseOperationalGclData,0.16
02:35:07.538,20635,vstsn01,NetconfSession::editData,29.06
02:35:07.567,20635,vstsn01,NetconfSession::commit,40.29
02:35:05.917,20799,vstsn01,CncServiceImpl::SetNodeSchedule,1689.95
02:35:07.608,20635,vstsn01,NetconfSession::getData,106.23
02:35:07.714,20635,vstsn01,GclParser::parseOperationalGclData,0.24
02:35:07.714,20646,Unknown,NetconfSession::getData,78.84
02:35:07.793,20646,Unknown,GclParser::parseOperationalGclData,0.44
02:35:07.794,20657,Unknown,NetconfSession::getData,38.1
02:35:07.832,20657,Unknown,GclParser::parseOperationalGclData,0.4
02:35:07.833,20635,vstsn01,NetconfSession::editData,29.94
02:35:07.863,20635,vstsn01,NetconfSession::commit,44.31
02:35:05.920,20811,vstsn01,CncServiceImpl::SetNodeSchedule,1987.09
02:35:07.907,20635,vstsn01,NetconfSession::getData,101.48
02:35:08.009,20635,vstsn01,GclParser::parseOperationalGclData,0.24
02:35:08.009,20646,Unknown,NetconfSession::getData,75.79
02:35:08.085,20646,Unknown,GclParser::parseOperationalGclData,0.5
02:35:08.086,20657,Unknown,NetconfSession::getData,36.28
02:35:08.123,20657,Unknown,GclParser::parseOperationalGclData,0.15
02:35:08.123,20635,vstsn01,NetconfSession::editData,29.63
02:35:08.153,20635,vstsn01,NetconfSession::commit,40.5
02:35:05.922,20814,vstsn01,CncServiceImpl::SetNodeSchedule,2270.99
02:35:08.193,20635,vstsn01,NetconfSession::getData,100.58
02:35:08.294,20635,vstsn01,GclParser::parseOperationalGclData,0.23
02:35:08.295,20646,Unknown,NetconfSession::getData,76.84
02:35:08.372,20646,Unknown,GclParser::parseOperationalGclData,0.34
02:35:08.372,20657,Unknown,NetconfSession::getData,37.08
02:35:08.409,20657,Unknown,GclParser::parseOperationalGclData,0.15
02:35:08.410,20635,vstsn01,NetconfSession::editData,30.41
02:35:08.440,20635,vstsn01,NetconfSession::commit,41.7
02:35:05.928,20817,vstsn01,CncServiceImpl::SetNodeSchedule,2553.96
02:35:08.482,20635,vstsn01,NetconfSession::getData,111.98
02:35:08.594,20635,vstsn01,GclParser::parseOperationalGclData,0.27
02:35:08.595,20646,Unknown,NetconfSession::getData,74.3
02:35:08.669,20646,Unknown,GclParser::parseOperationalGclData,0.33
02:35:08.670,20657,Unknown,NetconfSession::getData,36.58
02:35:08.706,20657,Unknown,GclParser::parseOperationalGclData,0.15
02:35:08.707,20635,vstsn01,NetconfSession::editData,30.78
02:35:08.738,20635,vstsn01,NetconfSession::commit,40.88
02:35:05.929,20819,vstsn01,CncServiceImpl::SetNodeSchedule,2850.19
02:35:08.779,20635,vstsn01,NetconfSession::getData,103.72
02:35:08.883,20635,vstsn01,GclParser::parseOperationalGclData,0.36
02:35:08.883,20646,Unknown,NetconfSession::getData,78.83
02:35:08.962,20646,Unknown,GclParser::parseOperationalGclData,0.44
02:35:08.963,20657,Unknown,NetconfSession::getData,35.65
02:35:08.999,20657,Unknown,GclParser::parseOperationalGclData,0.28
02:35:08.999,20635,vstsn01,NetconfSession::editData,30.01
02:35:09.029,20635,vstsn01,NetconfSession::commit,39.54
02:35:05.935,20820,vstsn01,CncServiceImpl::SetNodeSchedule,3134.55
02:35:09.069,20635,vstsn01,NetconfSession::getData,103.95
02:35:09.173,20635,vstsn01,GclParser::parseOperationalGclData,0.36
02:35:09.174,20646,Unknown,NetconfSession::getData,79.89
02:35:09.254,20646,Unknown,GclParser::parseOperationalGclData,0.32
02:35:09.255,20657,Unknown,NetconfSession::getData,38.25
02:35:09.293,20657,Unknown,GclParser::parseOperationalGclData,0.18
02:35:09.293,20635,vstsn01,NetconfSession::editData,29.38
02:35:09.323,20635,vstsn01,NetconfSession::commit,40.36
02:35:05.935,20824,vstsn01,CncServiceImpl::SetNodeSchedule,3428.21
02:35:09.364,20635,vstsn01,NetconfSession::getData,104.67
02:35:09.468,20635,vstsn01,GclParser::parseOperationalGclData,0.33
02:35:09.469,20646,Unknown,NetconfSession::getData,76.24
02:35:09.545,20646,Unknown,GclParser::parseOperationalGclData,0.44
02:35:09.546,20657,Unknown,NetconfSession::getData,36.48
02:35:09.583,20657,Unknown,GclParser::parseOperationalGclData,0.24
02:35:09.583,20635,vstsn01,NetconfSession::editData,28.62
02:35:09.612,20635,vstsn01,NetconfSession::commit,41.59
02:35:06.936,20793,vstsn01,CncServiceImpl::SetNodeSchedule,2717.74
02:35:09.654,20635,vstsn01,NetconfSession::getData,123.42
02:35:09.777,20635,vstsn01,GclParser::parseOperationalGclData,0.24
02:35:09.778,20646,Unknown,NetconfSession::getData,87.91
02:35:09.866,20646,Unknown,GclParser::parseOperationalGclData,0.36
02:35:09.867,20657,Unknown,NetconfSession::getData,47.54
02:35:09.914,20657,Unknown,GclParser::parseOperationalGclData,0.17
02:35:09.915,20635,vstsn01,NetconfSession::editData,28.36
02:35:09.943,20635,vstsn01,NetconfSession::commit,41.05
02:35:06.937,20825,vstsn01,CncServiceImpl::SetNodeSchedule,3047.56
02:35:09.984,20635,vstsn01,NetconfSession::getData,107.17
02:35:10.092,20635,vstsn01,GclParser::parseOperationalGclData,0.24
02:35:10.092,20646,Unknown,NetconfSession::getData,76.27
02:35:10.168,20646,Unknown,GclParser::parseOperationalGclData,0.29
02:35:10.169,20657,Unknown,NetconfSession::getData,35.37
02:35:10.204,20657,Unknown,GclParser::parseOperationalGclData,0.23
02:35:10.205,20635,vstsn01,NetconfSession::editData,30.29
02:35:10.235,20635,vstsn01,NetconfSession::commit,39.92
02:35:06.937,20832,vstsn01,CncServiceImpl::SetNodeSchedule,3338.15
02:35:10.276,20635,vstsn01,NetconfSession::getData,103.75
02:35:10.379,20635,vstsn01,GclParser::parseOperationalGclData,0.41
02:35:10.380,20646,Unknown,NetconfSession::getData,76.83
02:35:10.457,20646,Unknown,GclParser::parseOperationalGclData,0.34
02:35:10.458,20657,Unknown,NetconfSession::getData,37.39
02:35:10.495,20657,Unknown,GclParser::parseOperationalGclData,0.15
02:35:10.496,20635,vstsn01,NetconfSession::editData,29.78
02:35:10.525,20635,vstsn01,NetconfSession::commit,42.11
02:35:06.938,20833,vstsn01,CncServiceImpl::SetNodeSchedule,3629.65
02:35:10.568,20635,vstsn01,NetconfSession::getData,100.63
02:35:10.668,20635,vstsn01,GclParser::parseOperationalGclData,0.3
02:35:10.669,20646,Unknown,NetconfSession::getData,75.42
02:35:10.745,20646,Unknown,GclParser::parseOperationalGclData,0.39
02:35:10.745,20657,Unknown,NetconfSession::getData,36.84
02:35:10.782,20657,Unknown,GclParser::parseOperationalGclData,0.5
02:35:10.784,20635,vstsn01,NetconfSession::editData,29.23
02:35:10.813,20635,vstsn01,NetconfSession::commit,43.08
02:35:06.939,20835,vstsn01,CncServiceImpl::SetNodeSchedule,3917.33
02:35:10.856,20635,vstsn01,NetconfSession::getData,108.86
02:35:10.965,20635,vstsn01,GclParser::parseOperationalGclData,0.22
02:35:10.966,20646,Unknown,NetconfSession::getData,74.7
02:35:11.040,20646,Unknown,GclParser::parseOperationalGclData,0.28
02:35:11.041,20657,Unknown,NetconfSession::getData,37.83
02:35:11.079,20657,Unknown,GclParser::parseOperationalGclData,0.39
02:35:11.080,20635,vstsn01,NetconfSession::editData,30.25
02:35:11.111,20635,vstsn01,NetconfSession::commit,42.23
02:35:06.939,20836,vstsn01,CncServiceImpl::SetNodeSchedule,4213.33
02:35:11.153,20635,vstsn01,NetconfSession::getData,154.54
02:35:11.308,20635,vstsn01,GclParser::parseOperationalGclData,0.24
02:35:11.308,20646,Unknown,NetconfSession::getData,93.56
02:35:11.402,20646,Unknown,GclParser::parseOperationalGclData,0.41
02:35:11.402,20657,Unknown,NetconfSession::getData,42.24
02:35:11.445,20657,Unknown,GclParser::parseOperationalGclData,0.17
02:35:11.445,20635,vstsn01,NetconfSession::editData,28.36
02:35:11.474,20635,vstsn01,NetconfSession::commit,40.83
02:35:06.940,20838,vstsn01,CncServiceImpl::SetNodeSchedule,4574.29
02:35:11.515,20635,vstsn01,NetconfSession::getData,101.99
02:35:11.617,20635,vstsn01,GclParser::parseOperationalGclData,0.26
02:35:11.617,20646,Unknown,NetconfSession::getData,85.9
02:35:11.703,20646,Unknown,GclParser::parseOperationalGclData,0.5
02:35:11.704,20657,Unknown,NetconfSession::getData,42.92
02:35:11.747,20657,Unknown,GclParser::parseOperationalGclData,0.22
02:35:11.748,20635,vstsn01,NetconfSession::editData,33.92
02:35:11.782,20635,vstsn01,NetconfSession::commit,43.16
02:35:06.943,20839,vstsn01,CncServiceImpl::SetNodeSchedule,4881.76
02:35:11.825,20635,vstsn01,NetconfSession::getData,103.04
02:35:11.928,20635,vstsn01,GclParser::parseOperationalGclData,0.26
02:35:11.929,20646,Unknown,NetconfSession::getData,76.4
02:35:12.005,20646,Unknown,GclParser::parseOperationalGclData,0.32
02:35:12.006,20657,Unknown,NetconfSession::getData,35.27
02:35:12.041,20657,Unknown,GclParser::parseOperationalGclData,0.17
02:35:12.041,20635,vstsn01,NetconfSession::editData,28.96
02:35:12.070,20635,vstsn01,NetconfSession::commit,43.43
02:35:07.945,20808,vstsn01,CncServiceImpl::SetNodeSchedule,4169.45
02:35:12.114,20635,vstsn01,NetconfSession::getData,118.5
02:35:12.233,20635,vstsn01,GclParser::parseOperationalGclData,0.81
02:35:12.234,20646,Unknown,NetconfSession::getData,80.28
02:35:12.315,20646,Unknown,GclParser::parseOperationalGclData,1.21
02:35:12.317,20657,Unknown,NetconfSession::getData,40.96
02:35:12.358,20657,Unknown,GclParser::parseOperationalGclData,0.18
02:35:12.359,20635,vstsn01,NetconfSession::editData,37.1
02:35:12.396,20635,vstsn01,NetconfSession::commit,39.81
02:35:07.946,20841,vstsn01,CncServiceImpl::SetNodeSchedule,4490.12
02:35:12.436,20635,vstsn01,NetconfSession::getData,106.0
02:35:12.542,20635,vstsn01,GclParser::parseOperationalGclData,0.24
02:35:12.542,20646,Unknown,NetconfSession::getData,72.93
02:35:12.615,20646,Unknown,GclParser::parseOperationalGclData,0.51
02:35:12.616,20657,Unknown,NetconfSession::getData,37.11
02:35:12.653,20657,Unknown,GclParser::parseOperationalGclData,0.23
02:35:12.654,20635,vstsn01,NetconfSession::editData,29.98
02:35:12.684,20635,vstsn01,NetconfSession::commit,44.44
02:35:07.946,20855,vstsn01,CncServiceImpl::SetNodeSchedule,4782.16
02:35:12.729,20635,vstsn01,NetconfSession::getData,105.97
02:35:12.835,20635,vstsn01,GclParser::parseOperationalGclData,0.22
02:35:12.835,20646,Unknown,NetconfSession::getData,103.06
02:35:12.938,20646,Unknown,GclParser::parseOperationalGclData,0.38
02:35:12.939,20657,Unknown,NetconfSession::getData,37.69
02:35:12.977,20657,Unknown,GclParser::parseOperationalGclData,0.5
02:35:12.978,20635,vstsn01,NetconfSession::editData,32.58
02:35:13.011,20635,vstsn01,NetconfSession::commit,52.95
02:35:07.947,20857,vstsn01,CncServiceImpl::SetNodeSchedule,5116.72
02:35:13.064,20635,vstsn01,NetconfSession::getData,106.07
02:35:13.170,20635,vstsn01,GclParser::parseOperationalGclData,0.3
02:35:13.171,20646,Unknown,NetconfSession::getData,83.23
02:35:13.254,20646,Unknown,GclParser::parseOperationalGclData,0.32
02:35:13.255,20657,Unknown,NetconfSession::getData,45.69
02:35:13.301,20657,Unknown,GclParser::parseOperationalGclData,0.22
02:35:13.301,20635,vstsn01,NetconfSession::editData,34.51
02:35:13.336,20635,vstsn01,NetconfSession::commit,41.91
02:35:07.948,20858,vstsn01,CncServiceImpl::SetNodeSchedule,5429.76
02:35:13.378,20635,vstsn01,NetconfSession::getData,103.61
02:35:13.482,20635,vstsn01,GclParser::parseOperationalGclData,0.28
02:35:13.482,20646,Unknown,NetconfSession::getData,78.02
02:35:13.560,20646,Unknown,GclParser::parseOperationalGclData,0.35
02:35:13.561,20657,Unknown,NetconfSession::getData,35.64
02:35:13.597,20657,Unknown,GclParser::parseOperationalGclData,0.15
02:35:13.597,20635,vstsn01,NetconfSession::editData,29.54
02:35:13.627,20635,vstsn01,NetconfSession::commit,40.54
02:35:07.949,20860,vstsn01,CncServiceImpl::SetNodeSchedule,5718.17
02:35:13.668,20635,vstsn01,NetconfSession::getData,101.86
02:35:13.770,20635,vstsn01,GclParser::parseOperationalGclData,0.29
02:35:13.770,20646,Unknown,NetconfSession::getData,76.86
02:35:13.847,20646,Unknown,GclParser::parseOperationalGclData,0.35
02:35:13.848,20657,Unknown,NetconfSession::getData,41.75
02:35:13.889,20657,Unknown,GclParser::parseOperationalGclData,0.17
02:35:13.890,20635,vstsn01,NetconfSession::editData,29.03
02:35:13.919,20635,vstsn01,NetconfSession::commit,42.52
02:35:07.950,20862,vstsn01,CncServiceImpl::SetNodeSchedule,6011.29
02:35:13.962,20635,vstsn01,NetconfSession::getData,100.98
02:35:14.063,20635,vstsn01,GclParser::parseOperationalGclData,0.42
02:35:14.064,20646,Unknown,NetconfSession::getData,73.49
02:35:14.137,20646,Unknown,GclParser::parseOperationalGclData,0.28
02:35:14.138,20657,Unknown,NetconfSession::getData,38.57
02:35:14.176,20657,Unknown,GclParser::parseOperationalGclData,0.27
02:35:14.177,20635,vstsn01,NetconfSession::editData,30.33
02:35:14.208,20635,vstsn01,NetconfSession::commit,39.63
02:35:07.952,20864,vstsn01,CncServiceImpl::SetNodeSchedule,6296.16
02:35:14.248,20635,vstsn01,NetconfSession::getData,106.6
02:35:14.355,20635,vstsn01,GclParser::parseOperationalGclData,0.23
02:35:14.355,20646,Unknown,NetconfSession::getData,73.68
02:35:14.429,20646,Unknown,GclParser::parseOperationalGclData,0.49
02:35:14.430,20657,Unknown,NetconfSession::getData,36.94
02:35:14.467,20657,Unknown,GclParser::parseOperationalGclData,0.16
02:35:14.467,20635,vstsn01,NetconfSession::editData,33.11
02:35:14.500,20635,vstsn01,NetconfSession::commit,41.32
02:35:07.953,20866,vstsn01,CncServiceImpl::SetNodeSchedule,6589.04
02:35:14.542,20635,vstsn01,NetconfSession::getData,112.0
02:35:14.654,20635,vstsn01,GclParser::parseOperationalGclData,0.23
02:35:14.654,20646,Unknown,NetconfSession::getData,75.07
02:35:14.729,20646,Unknown,GclParser::parseOperationalGclData,0.35
02:35:14.730,20657,Unknown,NetconfSession::getData,35.69
02:35:14.766,20657,Unknown,GclParser::parseOperationalGclData,0.25
02:35:14.767,20635,vstsn01,NetconfSession::editData,32.27
02:35:14.800,20635,vstsn01,NetconfSession::commit,41.95
02:35:08.966,20867,vstsn01,CncServiceImpl::SetNodeSchedule,5875.6
02:35:14.842,20635,vstsn01,NetconfSession::getData,109.41
02:35:14.951,20635,vstsn01,GclParser::parseOperationalGclData,0.34
02:35:14.952,20646,Unknown,NetconfSession::getData,83.37
02:35:15.035,20646,Unknown,GclParser::parseOperationalGclData,0.7
02:35:15.036,20657,Unknown,NetconfSession::getData,36.48
02:35:15.073,20657,Unknown,GclParser::parseOperationalGclData,0.17
02:35:15.074,20635,vstsn01,NetconfSession::editData,28.4
02:35:15.102,20635,vstsn01,NetconfSession::commit,41.18
02:35:08.967,20811,vstsn01,CncServiceImpl::SetNodeSchedule,6176.53
02:35:15.143,20635,vstsn01,NetconfSession::getData,101.77
02:35:15.245,20635,vstsn01,GclParser::parseOperationalGclData,0.24
02:35:15.246,20646,Unknown,NetconfSession::getData,73.99
02:35:15.320,20646,Unknown,GclParser::parseOperationalGclData,0.32
02:35:15.320,20657,Unknown,NetconfSession::getData,47.14
02:35:15.368,20657,Unknown,GclParser::parseOperationalGclData,0.3
02:35:15.368,20635,vstsn01,NetconfSession::editData,28.72
02:35:15.397,20635,vstsn01,NetconfSession::commit,57.49
02:35:08.969,20872,vstsn01,CncServiceImpl::SetNodeSchedule,6486.1
02:35:15.455,20635,vstsn01,NetconfSession::getData,106.02
02:35:15.561,20635,vstsn01,GclParser::parseOperationalGclData,0.26
02:35:15.562,20646,Unknown,NetconfSession::getData,78.59
02:35:15.640,20646,Unknown,GclParser::parseOperationalGclData,0.44
02:35:15.641,20657,Unknown,NetconfSession::getData,36.77
02:35:15.678,20657,Unknown,GclParser::parseOperationalGclData,0.2
02:35:15.678,20635,vstsn01,NetconfSession::editData,28.78
02:35:15.707,20635,vstsn01,NetconfSession::commit,39.89
02:35:08.971,20874,vstsn01,CncServiceImpl::SetNodeSchedule,6776.73
02:35:15.747,20635,vstsn01,NetconfSession::getData,100.06
02:35:15.848,20635,vstsn01,GclParser::parseOperationalGclData,0.3
02:35:15.848,20646,Unknown,NetconfSession::getData,87.4
02:35:15.936,20646,Unknown,GclParser::parseOperationalGclData,0.31
02:35:15.936,20657,Unknown,NetconfSession::getData,36.02
02:35:15.972,20657,Unknown,GclParser::parseOperationalGclData,0.16
02:35:15.973,20635,vstsn01,NetconfSession::editData,28.52
02:35:16.001,20635,vstsn01,NetconfSession::commit,40.22
02:35:08.971,20876,vstsn01,CncServiceImpl::SetNodeSchedule,7070.73
02:35:16.042,20635,vstsn01,NetconfSession::getData,101.18
02:35:16.143,20635,vstsn01,GclParser::parseOperationalGclData,0.22
02:35:16.143,20646,Unknown,NetconfSession::getData,83.78
02:35:16.227,20646,Unknown,GclParser::parseOperationalGclData,0.31
02:35:16.228,20657,Unknown,NetconfSession::getData,37.11
02:35:16.265,20657,Unknown,GclParser::parseOperationalGclData,0.26
02:35:16.266,20635,vstsn01,NetconfSession::editData,29.65
02:35:16.296,20635,vstsn01,NetconfSession::commit,40.69
02:35:08.971,20877,vstsn01,CncServiceImpl::SetNodeSchedule,7365.2
02:35:16.337,20635,vstsn01,NetconfSession::getData,106.82
02:35:16.444,20635,vstsn01,GclParser::parseOperationalGclData,0.38
02:35:16.444,20646,Unknown,NetconfSession::getData,85.24
02:35:16.530,20646,Unknown,GclParser::parseOperationalGclData,0.34
02:35:16.530,20657,Unknown,NetconfSession::getData,38.33
02:35:16.569,20657,Unknown,GclParser::parseOperationalGclData,0.15
02:35:16.569,20635,vstsn01,NetconfSession::editData,31.53
02:35:16.601,20635,vstsn01,NetconfSession::commit,54.43
02:35:08.973,20879,vstsn01,CncServiceImpl::SetNodeSchedule,7682.87
02:35:16.655,20635,vstsn01,NetconfSession::getData,106.55
02:35:16.762,20635,vstsn01,GclParser::parseOperationalGclData,0.24
02:35:16.763,20646,Unknown,NetconfSession::getData,80.76
02:35:16.843,20646,Unknown,GclParser::parseOperationalGclData,0.38
02:35:16.844,20657,Unknown,NetconfSession::getData,38.92
02:35:16.883,20657,Unknown,GclParser::parseOperationalGclData,0.21
02:35:16.884,20635,vstsn01,NetconfSession::editData,32.12
02:35:16.916,20635,vstsn01,NetconfSession::commit,42.13
02:35:08.974,20881,vstsn01,CncServiceImpl::SetNodeSchedule,7984.44
02:35:16.958,20635,vstsn01,NetconfSession::getData,100.87
02:35:17.059,20635,vstsn01,GclParser::parseOperationalGclData,0.23
02:35:17.060,20646,Unknown,NetconfSession::getData,74.0
02:35:17.134,20646,Unknown,GclParser::parseOperationalGclData,0.32
02:35:17.134,20657,Unknown,NetconfSession::getData,37.6
02:35:17.172,20657,Unknown,GclParser::parseOperationalGclData,0.32
02:35:17.173,20635,vstsn01,NetconfSession::editData,29.61
02:35:17.203,20635,vstsn01,NetconfSession::commit,41.26
02:35:08.976,20882,vstsn01,CncServiceImpl::SetNodeSchedule,8268.5
02:35:17.244,20635,vstsn01,NetconfSession::getData,99.97
02:35:17.344,20635,vstsn01,GclParser::parseOperationalGclData,0.21
02:35:17.345,20646,Unknown,NetconfSession::getData,77.63
02:35:17.423,20646,Unknown,GclParser::parseOperationalGclData,0.34
02:35:17.423,20657,Unknown,NetconfSession::getData,35.98
02:35:17.459,20657,Unknown,GclParser::parseOperationalGclData,0.17
02:35:17.460,20635,vstsn01,NetconfSession::editData,30.93
02:35:17.491,20635,vstsn01,NetconfSession::commit,42.17
02:35:08.977,20885,vstsn01,CncServiceImpl::SetNodeSchedule,8555.96
02:35:17.533,20635,vstsn01,NetconfSession::getData,147.37
02:35:17.681,20635,vstsn01,GclParser::parseOperationalGclData,0.25
02:35:17.681,20646,Unknown,NetconfSession::getData,76.03
02:35:17.757,20646,Unknown,GclParser::parseOperationalGclData,0.31
02:35:17.758,20657,Unknown,NetconfSession::getData,36.53
02:35:17.794,20657,Unknown,GclParser::parseOperationalGclData,0.17
02:35:17.795,20635,vstsn01,NetconfSession::editData,28.19
02:35:17.823,20635,vstsn01,NetconfSession::commit,43.28
02:35:09.980,20819,vstsn01,CncServiceImpl::SetNodeSchedule,7886.3
02:35:17.866,20635,vstsn01,NetconfSession::getData,110.72
02:35:17.977,20635,vstsn01,GclParser::parseOperationalGclData,0.26
02:35:17.978,20646,Unknown,NetconfSession::getData,76.36
02:35:18.054,20646,Unknown,GclParser::parseOperationalGclData,0.48
02:35:18.055,20657,Unknown,NetconfSession::getData,37.05
02:35:18.092,20657,Unknown,GclParser::parseOperationalGclData,0.17
02:35:18.093,20635,vstsn01,NetconfSession::editData,29.57
02:35:18.122,20635,vstsn01,NetconfSession::commit,41.36
02:35:09.981,20886,vstsn01,CncServiceImpl::SetNodeSchedule,8182.59
02:35:18.164,20635,vstsn01,NetconfSession::getData,110.29
02:35:18.274,20635,vstsn01,GclParser::parseOperationalGclData,0.24
02:35:18.275,20646,Unknown,NetconfSession::getData,72.91
02:35:18.348,20646,Unknown,GclParser::parseOperationalGclData,0.31
02:35:18.348,20657,Unknown,NetconfSession::getData,38.71
02:35:18.387,20657,Unknown,GclParser::parseOperationalGclData,0.22
02:35:18.388,20635,vstsn01,NetconfSession::editData,29.67
02:35:18.417,20635,vstsn01,NetconfSession::commit,54.11
02:35:09.982,20889,vstsn01,CncServiceImpl::SetNodeSchedule,8489.57
02:35:18.472,20635,vstsn01,NetconfSession::getData,101.69
02:35:18.573,20635,vstsn01,GclParser::parseOperationalGclData,0.23
02:35:18.574,20646,Unknown,NetconfSession::getData,87.7
02:35:18.662,20646,Unknown,GclParser::parseOperationalGclData,0.31
02:35:18.662,20657,Unknown,NetconfSession::getData,41.11
02:35:18.703,20657,Unknown,GclParser::parseOperationalGclData,0.18
02:35:18.704,20635,vstsn01,NetconfSession::editData,35.16
02:35:18.739,20635,vstsn01,NetconfSession::commit,47.66
02:35:09.983,20890,vstsn01,CncServiceImpl::SetNodeSchedule,8804.13
02:35:18.787,20635,vstsn01,NetconfSession::getData,102.91
02:35:18.890,20635,vstsn01,GclParser::parseOperationalGclData,0.27
02:35:18.890,20646,Unknown,NetconfSession::getData,79.44
02:35:18.970,20646,Unknown,GclParser::parseOperationalGclData,0.41
02:35:18.971,20657,Unknown,NetconfSession::getData,36.97
02:35:19.008,20657,Unknown,GclParser::parseOperationalGclData,0.17
02:35:19.008,20635,vstsn01,NetconfSession::editData,30.37
02:35:19.039,20635,vstsn01,NetconfSession::commit,43.59
02:35:09.985,20892,vstsn01,CncServiceImpl::SetNodeSchedule,9097.23
02:35:19.083,20635,vstsn01,NetconfSession::getData,106.97
02:35:19.190,20635,vstsn01,GclParser::parseOperationalGclData,0.41
02:35:19.190,20646,Unknown,NetconfSession::getData,104.35
02:35:19.295,20646,Unknown,GclParser::parseOperationalGclData,0.59
02:35:19.296,20657,Unknown,NetconfSession::getData,37.76
02:35:19.334,20657,Unknown,GclParser::parseOperationalGclData,0.28
02:35:19.335,20635,vstsn01,NetconfSession::editData,31.11
02:35:19.366,20635,vstsn01,NetconfSession::commit,48.13
02:35:09.985,20893,vstsn01,CncServiceImpl::SetNodeSchedule,9428.65
02:35:19.414,20635,vstsn01,NetconfSession::getData,104.78
02:35:19.519,20635,vstsn01,GclParser::parseOperationalGclData,0.24
02:35:19.519,20646,Unknown,NetconfSession::getData,80.58
02:35:19.600,20646,Unknown,GclParser::parseOperationalGclData,0.34
02:35:19.601,20657,Unknown,NetconfSession::getData,35.88
02:35:19.637,20657,Unknown,GclParser::parseOperationalGclData,0.18
02:35:19.637,20635,vstsn01,NetconfSession::editData,29.14
02:35:19.666,20635,vstsn01,NetconfSession::commit,41.07
02:35:09.986,20894,vstsn01,CncServiceImpl::SetNodeSchedule,9721.85
02:35:19.708,20635,vstsn01,NetconfSession::getData,100.78
02:35:19.809,20635,vstsn01,GclParser::parseOperationalGclData,0.28
02:35:19.809,20646,Unknown,NetconfSession::getData,77.43
02:35:19.887,20646,Unknown,GclParser::parseOperationalGclData,0.3
02:35:19.887,20657,Unknown,NetconfSession::getData,41.47
02:35:19.929,20657,Unknown,GclParser::parseOperationalGclData,0.19
02:35:19.929,20635,vstsn01,NetconfSession::editData,28.97
02:35:19.958,20635,vstsn01,NetconfSession::commit,45.52
02:35:09.987,20895,vstsn01,CncServiceImpl::SetNodeSchedule,10016.76
02:35:20.004,20635,vstsn01,NetconfSession::getData,99.85
02:35:20.104,20635,vstsn01,GclParser::parseOperationalGclData,0.3
02:35:20.104,20646,Unknown,NetconfSession::getData,77.41
02:35:20.182,20646,Unknown,GclParser::parseOperationalGclData,0.45
02:35:20.183,20657,Unknown,NetconfSession::getData,37.19
02:35:20.220,20657,Unknown,GclParser::parseOperationalGclData,0.15
02:35:20.220,20635,vstsn01,NetconfSession::editData,30.54
02:35:20.251,20635,vstsn01,NetconfSession::commit,40.93
02:35:09.988,20898,vstsn01,CncServiceImpl::SetNodeSchedule,10303.91
02:35:20.292,20635,vstsn01,NetconfSession::getData,112.89
02:35:20.405,20635,vstsn01,GclParser::parseOperationalGclData,0.33
02:35:20.406,20646,Unknown,NetconfSession::getData,79.37
02:35:20.485,20646,Unknown,GclParser::parseOperationalGclData,0.5
02:35:20.486,20657,Unknown,NetconfSession::getData,55.93
02:35:20.542,20657,Unknown,GclParser::parseOperationalGclData,0.22
02:35:20.543,20635,vstsn01,NetconfSession::editData,28.93
02:35:20.572,20635,vstsn01,NetconfSession::commit,39.12
02:35:09.989,20900,vstsn01,CncServiceImpl::SetNodeSchedule,10621.78
02:35:20.611,20635,vstsn01,NetconfSession::getData,102.65
02:35:20.714,20635,vstsn01,GclParser::parseOperationalGclData,0.34
02:35:20.714,20646,Unknown,NetconfSession::getData,75.58
02:35:20.790,20646,Unknown,GclParser::parseOperationalGclData,0.32
02:35:20.791,20657,Unknown,NetconfSession::getData,36.63
02:35:20.827,20657,Unknown,GclParser::parseOperationalGclData,0.15
02:35:20.828,20635,vstsn01,NetconfSession::editData,29.05
02:35:20.857,20635,vstsn01,NetconfSession::commit,42.64
02:35:09.990,20902,vstsn01,CncServiceImpl::SetNodeSchedule,10909.38
02:35:20.900,20635,vstsn01,NetconfSession::getData,102.78
02:35:21.003,20635,vstsn01,GclParser::parseOperationalGclData,0.31
02:35:21.003,20646,Unknown,NetconfSession::getData,81.91
02:35:21.086,20646,Unknown,GclParser::parseOperationalGclData,1.29
02:35:21.087,20657,Unknown,NetconfSession::getData,37.67
02:35:21.125,20657,Unknown,GclParser::parseOperationalGclData,0.45
02:35:21.126,20635,vstsn01,NetconfSession::editData,27.48
02:35:21.154,20635,vstsn01,NetconfSession::commit,43.08
02:35:10.994,20903,vstsn01,CncServiceImpl::SetNodeSchedule,10202.98
02:35:21.197,20635,vstsn01,NetconfSession::getData,102.96
02:35:21.301,20635,vstsn01,GclParser::parseOperationalGclData,0.24
02:35:21.301,20646,Unknown,NetconfSession::getData,76.5
02:35:21.378,20646,Unknown,GclParser::parseOperationalGclData,0.55
02:35:21.379,20657,Unknown,NetconfSession::getData,37.02
02:35:21.416,20657,Unknown,GclParser::parseOperationalGclData,0.18
02:35:21.416,20635,vstsn01,NetconfSession::editData,29.81
02:35:21.446,20635,vstsn01,NetconfSession::commit,41.53
02:35:10.995,20825,vstsn01,CncServiceImpl::SetNodeSchedule,10492.94
02:35:21.488,20635,vstsn01,NetconfSession::getData,111.14
02:35:21.599,20635,vstsn01,GclParser::parseOperationalGclData,0.43
02:35:21.600,20646,Unknown,NetconfSession::getData,75.78
02:35:21.676,20646,Unknown,GclParser::parseOperationalGclData,0.33
02:35:21.676,20657,Unknown,NetconfSession::getData,37.47
02:35:21.714,20657,Unknown,GclParser::parseOperationalGclData,0.22
02:35:21.715,20635,vstsn01,NetconfSession::editData,28.46
02:35:21.743,20635,vstsn01,NetconfSession::commit,43.28
02:35:10.996,20914,vstsn01,CncServiceImpl::SetNodeSchedule,10790.54
02:35:21.787,20635,vstsn01,NetconfSession::getData,109.88
02:35:21.897,20635,vstsn01,GclParser::parseOperationalGclData,0.21
02:35:21.897,20646,Unknown,NetconfSession::getData,75.22
02:35:21.972,20646,Unknown,GclParser::parseOperationalGclData,0.31
02:35:21.973,20657,Unknown,NetconfSession::getData,36.49
02:35:22.010,20657,Unknown,GclParser::parseOperationalGclData,0.3
02:35:22.010,20635,vstsn01,NetconfSession::editData,28.89
02:35:22.039,20635,vstsn01,NetconfSession::commit,41.62
02:35:10.998,20915,vstsn01,CncServiceImpl::SetNodeSchedule,11083.12
02:35:22.081,20635,vstsn01,NetconfSession::getData,108.74
02:35:22.190,20635,vstsn01,GclParser::parseOperationalGclData,0.28
02:35:22.191,20646,Unknown,NetconfSession::getData,76.3
02:35:22.267,20646,Unknown,GclParser::parseOperationalGclData,0.34
02:35:22.268,20657,Unknown,NetconfSession::getData,36.01
02:35:22.304,20657,Unknown,GclParser::parseOperationalGclData,0.25
02:35:22.305,20635,vstsn01,NetconfSession::editData,28.02
02:35:22.333,20635,vstsn01,NetconfSession::commit,40.97
02:35:10.998,20917,vstsn01,CncServiceImpl::SetNodeSchedule,11375.25
02:35:22.374,20635,vstsn01,NetconfSession::getData,102.16
02:35:22.476,20635,vstsn01,GclParser::parseOperationalGclData,0.26
02:35:22.477,20646,Unknown,NetconfSession::getData,75.58
02:35:22.552,20646,Unknown,GclParser::parseOperationalGclData,0.35
02:35:22.553,20657,Unknown,NetconfSession::getData,36.08
02:35:22.589,20657,Unknown,GclParser::parseOperationalGclData,0.25
02:35:22.590,20635,vstsn01,NetconfSession::editData,29.46
02:35:22.619,20635,vstsn01,NetconfSession::commit,40.6
02:35:11.000,20919,vstsn01,CncServiceImpl::SetNodeSchedule,11660.18
02:35:22.660,20635,vstsn01,NetconfSession::getData,102.56
02:35:22.763,20635,vstsn01,GclParser::parseOperationalGclData,0.27
02:35:22.763,20646,Unknown,NetconfSession::getData,81.12
02:35:22.845,20646,Unknown,GclParser::parseOperationalGclData,0.33
02:35:22.845,20657,Unknown,NetconfSession::getData,38.64
02:35:22.884,20657,Unknown,GclParser::parseOperationalGclData,0.15
02:35:22.884,20635,vstsn01,NetconfSession::editData,29.89
02:35:22.914,20635,vstsn01,NetconfSession::commit,41.29
02:35:11.001,20921,vstsn01,CncServiceImpl::SetNodeSchedule,11954.63
02:35:22.956,20635,vstsn01,NetconfSession::getData,102.27
02:35:23.058,20635,vstsn01,GclParser::parseOperationalGclData,0.23
02:35:23.059,20646,Unknown,NetconfSession::getData,76.4
02:35:23.135,20646,Unknown,GclParser::parseOperationalGclData,0.38
02:35:23.136,20657,Unknown,NetconfSession::getData,38.17
02:35:23.174,20657,Unknown,GclParser::parseOperationalGclData,0.28
02:35:23.175,20635,vstsn01,NetconfSession::editData,28.55
02:35:23.204,20635,vstsn01,NetconfSession::commit,41.47
02:35:11.003,20923,vstsn01,CncServiceImpl::SetNodeSchedule,12241.65
02:35:23.245,20635,vstsn01,NetconfSession::getData,69.37
02:35:23.315,20635,vstsn01,GclParser::parseOperationalGclData,0.26
02:35:23.315,20646,Unknown,NetconfSession::getData,74.06
02:35:23.389,20646,Unknown,GclParser::parseOperationalGclData,0.33
02:35:23.390,20657,Unknown,NetconfSession::getData,35.97
02:35:23.426,20657,Unknown,GclParser::parseOperationalGclData,0.21
02:35:23.427,20635,vstsn01,NetconfSession::editData,28.39
02:35:23.455,20635,vstsn01,NetconfSession::commit,42.49
02:35:11.004,20925,vstsn01,CncServiceImpl::SetNodeSchedule,12493.23
02:35:23.498,20635,vstsn01,NetconfSession::getData,113.29
02:35:23.611,20635,vstsn01,GclParser::parseOperationalGclData,0.32
02:35:23.612,20646,Unknown,NetconfSession::getData,74.65
02:35:23.687,20646,Unknown,GclParser::parseOperationalGclData,0.38
02:35:23.687,20657,Unknown,NetconfSession::getData,34.48
02:35:23.722,20657,Unknown,GclParser::parseOperationalGclData,0.14
02:35:23.722,20635,vstsn01,NetconfSession::editData,29.46
02:35:23.752,20635,vstsn01,NetconfSession::commit,50.07
02:35:11.006,20927,vstsn01,CncServiceImpl::SetNodeSchedule,12795.61
02:35:23.802,20635,vstsn01,NetconfSession::getData,108.12
02:35:23.910,20635,vstsn01,GclParser::parseOperationalGclData,0.2
02:35:23.911,20646,Unknown,NetconfSession::getData,75.14
02:35:23.986,20646,Unknown,GclParser::parseOperationalGclData,0.35
02:35:23.986,20657,Unknown,NetconfSession::getData,35.48
02:35:24.022,20657,Unknown,GclParser::parseOperationalGclData,0.14
02:35:24.023,20635,vstsn01,NetconfSession::editData,27.12
02:35:24.050,20635,vstsn01,NetconfSession::commit,42.44
02:35:11.008,20929,vstsn01,CncServiceImpl::SetNodeSchedule,13084.28
02:35:24.092,20635,vstsn01,NetconfSession::getData,103.27
02:35:24.196,20635,vstsn01,GclParser::parseOperationalGclData,0.21
02:35:24.196,20646,Unknown,NetconfSession::getData,101.35
02:35:24.298,20646,Unknown,GclParser::parseOperationalGclData,0.51
02:35:24.298,20657,Unknown,NetconfSession::getData,38.38
02:35:24.337,20657,Unknown,GclParser::parseOperationalGclData,0.15
02:35:24.338,20635,vstsn01,NetconfSession::editData,28.53
02:35:24.366,20635,vstsn01,NetconfSession::commit,41.36
02:35:11.009,20931,vstsn01,CncServiceImpl::SetNodeSchedule,13399.05
02:35:24.408,20635,vstsn01,NetconfSession::getData,105.65
02:35:24.513,20635,vstsn01,GclParser::parseOperationalGclData,0.24
02:35:24.514,20646,Unknown,NetconfSession::getData,77.2
02:35:24.591,20646,Unknown,GclParser::parseOperationalGclData,0.37
02:35:24.592,20657,Unknown,NetconfSession::getData,35.66
02:35:24.628,20657,Unknown,GclParser::parseOperationalGclData,0.16
02:35:24.628,20635,vstsn01,NetconfSession::editData,27.35
02:35:24.655,20635,vstsn01,NetconfSession::commit,40.04
02:35:12.011,20932,vstsn01,CncServiceImpl::SetNodeSchedule,12684.95
02:35:24.696,20635,vstsn01,NetconfSession::getData,100.38
02:35:24.796,20635,vstsn01,GclParser::parseOperationalGclData,0.29
02:35:24.797,20646,Unknown,NetconfSession::getData,74.39
02:35:24.871,20646,Unknown,GclParser::parseOperationalGclData,0.33
02:35:24.872,20657,Unknown,NetconfSession::getData,40.93
02:35:24.913,20657,Unknown,GclParser::parseOperationalGclData,0.21
02:35:24.913,20635,vstsn01,NetconfSession::editData,29.47
02:35:24.943,20635,vstsn01,NetconfSession::commit,40.05
02:35:12.011,20835,vstsn01,CncServiceImpl::SetNodeSchedule,12971.86
02:35:24.983,20635,vstsn01,NetconfSession::getData,102.98
02:35:25.086,20635,vstsn01,GclParser::parseOperationalGclData,0.33
02:35:25.087,20646,Unknown,NetconfSession::getData,78.86
02:35:25.166,20646,Unknown,GclParser::parseOperationalGclData,0.34
02:35:25.166,20657,Unknown,NetconfSession::getData,37.07
02:35:25.204,20657,Unknown,GclParser::parseOperationalGclData,0.2
02:35:25.204,20635,vstsn01,NetconfSession::editData,27.88
02:35:25.232,20635,vstsn01,NetconfSession::commit,42.76
02:35:12.012,20937,vstsn01,CncServiceImpl::SetNodeSchedule,13263.25
02:35:25.275,20635,vstsn01,NetconfSession::getData,115.77
02:35:25.391,20635,vstsn01,GclParser::parseOperationalGclData,0.33
02:35:25.392,20646,Unknown,NetconfSession::getData,77.07
02:35:25.469,20646,Unknown,GclParser::parseOperationalGclData,0.34
02:35:25.470,20657,Unknown,NetconfSession::getData,37.96
02:35:25.508,20657,Unknown,GclParser::parseOperationalGclData,0.16
02:35:25.508,20635,vstsn01,NetconfSession::editData,28.28
02:35:25.536,20635,vstsn01,NetconfSession::commit,43.36
02:35:12.012,20938,vstsn01,CncServiceImpl::SetNodeSchedule,13567.74
02:35:25.580,20635,vstsn01,NetconfSession::getData,104.07
02:35:25.684,20635,vstsn01,GclParser::parseOperationalGclData,0.32
02:35:25.685,20646,Unknown,NetconfSession::getData,81.65
02:35:25.767,20646,Unknown,GclParser::parseOperationalGclData,0.36
02:35:25.767,20657,Unknown,NetconfSession::getData,47.72
02:35:25.815,20657,Unknown,GclParser::parseOperationalGclData,0.23
02:35:25.816,20635,vstsn01,NetconfSession::editData,32.25
02:35:25.848,20635,vstsn01,NetconfSession::commit,43.25
02:35:12.013,20940,vstsn01,CncServiceImpl::SetNodeSchedule,13878.09
02:35:25.891,20635,vstsn01,NetconfSession::getData,102.64
02:35:25.994,20635,vstsn01,GclParser::parseOperationalGclData,0.23
02:35:25.994,20646,Unknown,NetconfSession::getData,85.44
02:35:26.080,20646,Unknown,GclParser::parseOperationalGclData,0.47
02:35:26.081,20657,Unknown,NetconfSession::getData,36.38
02:35:26.117,20657,Unknown,GclParser::parseOperationalGclData,0.6
02:35:26.121,20635,vstsn01,NetconfSession::editData,30.21
02:35:26.151,20635,vstsn01,NetconfSession::commit,43.43
02:35:12.014,20942,vstsn01,CncServiceImpl::SetNodeSchedule,14181.03
02:35:26.195,20635,vstsn01,NetconfSession::getData,103.75
02:35:26.299,20635,vstsn01,GclParser::parseOperationalGclData,0.63
02:35:26.300,20646,Unknown,NetconfSession::getData,77.5
02:35:26.377,20646,Unknown,GclParser::parseOperationalGclData,0.35
02:35:26.378,20657,Unknown,NetconfSession::getData,34.11
02:35:26.412,20657,Unknown,GclParser::parseOperationalGclData,0.17
02:35:26.413,20635,vstsn01,NetconfSession::editData,29.61
02:35:26.442,20635,vstsn01,NetconfSession::commit,41.11
02:35:12.014,20944,vstsn01,CncServiceImpl::SetNodeSchedule,14469.05
02:35:26.484,20635,vstsn01,NetconfSession::getData,99.65
02:35:26.583,20635,vstsn01,GclParser::parseOperationalGclData,0.3
02:35:26.584,20646,Unknown,NetconfSession::getData,77.31
02:35:26.662,20646,Unknown,GclParser::parseOperationalGclData,0.32
02:35:26.662,20657,Unknown,NetconfSession::getData,38.92
02:35:26.701,20657,Unknown,GclParser::parseOperationalGclData,0.14
02:35:26.702,20635,vstsn01,NetconfSession::editData,30.17
02:35:26.732,20635,vstsn01,NetconfSession::commit,49.94
02:35:12.017,20946,vstsn01,CncServiceImpl::SetNodeSchedule,14764.98
02:35:26.782,20635,vstsn01,NetconfSession::getData,101.79
02:35:26.884,20635,vstsn01,GclParser::parseOperationalGclData,0.26
02:35:26.884,20646,Unknown,NetconfSession::getData,77.65
02:35:26.962,20646,Unknown,GclParser::parseOperationalGclData,0.33
02:35:26.963,20657,Unknown,NetconfSession::getData,36.71
02:35:27.000,20657,Unknown,GclParser::parseOperationalGclData,0.76
02:35:27.001,20635,vstsn01,NetconfSession::editData,30.55
02:35:27.032,20635,vstsn01,NetconfSession::commit,40.66
02:35:12.019,20948,vstsn01,CncServiceImpl::SetNodeSchedule,15053.4
02:35:27.073,20635,vstsn01,NetconfSession::getData,110.5
02:35:27.183,20635,vstsn01,GclParser::parseOperationalGclData,0.43
02:35:27.184,20646,Unknown,NetconfSession::getData,75.48
02:35:27.260,20646,Unknown,GclParser::parseOperationalGclData,0.47
02:35:27.260,20657,Unknown,NetconfSession::getData,36.49
02:35:27.297,20657,Unknown,GclParser::parseOperationalGclData,0.23
02:35:27.298,20635,vstsn01,NetconfSession::editData,28.63
02:35:27.326,20635,vstsn01,NetconfSession::commit,40.87
02:35:12.019,20950,vstsn01,CncServiceImpl::SetNodeSchedule,15348.02
02:35:27.367,20635,vstsn01,NetconfSession::getData,101.66
02:35:27.469,20635,vstsn01,GclParser::parseOperationalGclData,0.29
02:35:27.470,20646,Unknown,NetconfSession::getData,75.37
02:35:27.545,20646,Unknown,GclParser::parseOperationalGclData,0.34
02:35:27.546,20657,Unknown,NetconfSession::getData,37.05
02:35:27.583,20657,Unknown,GclParser::parseOperationalGclData,0.17
02:35:27.583,20635,vstsn01,NetconfSession::editData,28.25
02:35:27.612,20635,vstsn01,NetconfSession::commit,45.62
02:35:12.021,20952,vstsn01,CncServiceImpl::SetNodeSchedule,15636.81
02:35:27.658,20635,vstsn01,NetconfSession::getData,114.1
02:35:27.772,20635,vstsn01,GclParser::parseOperationalGclData,0.3
02:35:27.772,20646,Unknown,NetconfSession::getData,86.58
02:35:27.859,20646,Unknown,GclParser::parseOperationalGclData,0.32
02:35:27.859,20657,Unknown,NetconfSession::getData,43.19
02:35:27.903,20657,Unknown,GclParser::parseOperationalGclData,0.24
02:35:27.903,20635,vstsn01,NetconfSession::editData,28.49
02:35:27.932,20635,vstsn01,NetconfSession::commit,39.24
02:35:12.022,20954,vstsn01,CncServiceImpl::SetNodeSchedule,15949.76
02:35:27.971,20635,vstsn01,NetconfSession::getData,100.19
02:35:28.072,20635,vstsn01,GclParser::parseOperationalGclData,0.27
02:35:28.072,20646,Unknown,NetconfSession::getData,74.47
02:35:28.147,20646,Unknown,GclParser::parseOperationalGclData,0.33
02:35:28.147,20657,Unknown,NetconfSession::getData,38.26
02:35:28.186,20657,Unknown,GclParser::parseOperationalGclData,0.46
02:35:28.187,20635,vstsn01,NetconfSession::editData,29.48
02:35:28.217,20635,vstsn01,NetconfSession::commit,40.28
02:35:12.023,20956,vstsn01,CncServiceImpl::SetNodeSchedule,16234.27
02:35:28.257,20635,vstsn01,NetconfSession::getData,104.44
02:35:28.362,20635,vstsn01,GclParser::parseOperationalGclData,0.25
02:35:28.362,20646,Unknown,NetconfSession::getData,75.12
02:35:28.438,20646,Unknown,GclParser::parseOperationalGclData,0.3
02:35:28.438,20657,Unknown,NetconfSession::getData,36.13
02:35:28.474,20657,Unknown,GclParser::parseOperationalGclData,0.17
02:35:28.475,20635,vstsn01,NetconfSession::editData,37.06
02:35:28.512,20635,vstsn01,NetconfSession::commit,41.36
02:35:13.025,20839,vstsn01,CncServiceImpl::SetNodeSchedule,15528.35
02:35:28.554,20635,vstsn01,NetconfSession::getData,101.19
02:35:28.655,20635,vstsn01,GclParser::parseOperationalGclData,0.28
02:35:28.656,20646,Unknown,NetconfSession::getData,76.85
02:35:28.733,20646,Unknown,GclParser::parseOperationalGclData,0.38
02:35:28.733,20657,Unknown,NetconfSession::getData,35.58
02:35:28.769,20657,Unknown,GclParser::parseOperationalGclData,0.16
02:35:28.770,20635,vstsn01,NetconfSession::editData,29.58
02:35:28.799,20635,vstsn01,NetconfSession::commit,40.65
02:35:13.027,20957,vstsn01,CncServiceImpl::SetNodeSchedule,15812.85
02:35:28.840,20635,vstsn01,NetconfSession::getData,99.27
02:35:28.939,20635,vstsn01,GclParser::parseOperationalGclData,0.24
02:35:28.940,20646,Unknown,NetconfSession::getData,74.73
02:35:29.015,20646,Unknown,GclParser::parseOperationalGclData,0.62
02:35:29.016,20657,Unknown,NetconfSession::getData,47.14
02:35:29.063,20657,Unknown,GclParser::parseOperationalGclData,0.41
02:35:29.064,20635,vstsn01,NetconfSession::editData,28.47
02:35:29.093,20635,vstsn01,NetconfSession::commit,40.5
02:35:13.028,20968,vstsn01,CncServiceImpl::SetNodeSchedule,16105.28
02:35:29.134,20635,vstsn01,NetconfSession::getData,100.87
02:35:29.235,20635,vstsn01,GclParser::parseOperationalGclData,0.23
02:35:29.235,20646,Unknown,NetconfSession::getData,75.39
02:35:29.311,20646,Unknown,GclParser::parseOperationalGclData,0.39
02:35:29.311,20657,Unknown,NetconfSession::getData,38.66
02:35:29.350,20657,Unknown,GclParser::parseOperationalGclData,0.18
02:35:29.350,20635,vstsn01,NetconfSession::editData,28.14
02:35:29.379,20635,vstsn01,NetconfSession::commit,41.11
02:35:13.029,20969,vstsn01,CncServiceImpl::SetNodeSchedule,16390.64
02:35:29.420,20635,vstsn01,NetconfSession::getData,110.28
02:35:29.530,20635,vstsn01,GclParser::parseOperationalGclData,0.27
02:35:29.531,20646,Unknown,NetconfSession::getData,76.42
02:35:29.607,20646,Unknown,GclParser::parseOperationalGclData,0.37
02:35:29.608,20657,Unknown,NetconfSession::getData,35.75
02:35:29.644,20657,Unknown,GclParser::parseOperationalGclData,0.25
02:35:29.644,20635,vstsn01,NetconfSession::editData,35.24
02:35:29.680,20635,vstsn01,NetconfSession::commit,40.46
02:35:13.031,20971,vstsn01,CncServiceImpl::SetNodeSchedule,16689.19
02:35:29.720,20635,vstsn01,NetconfSession::getData,99.16
02:35:29.819,20635,vstsn01,GclParser::parseOperationalGclData,0.3
02:35:29.820,20646,Unknown,NetconfSession::getData,77.49
02:35:29.898,20646,Unknown,GclParser::parseOperationalGclData,0.62
02:35:29.899,20657,Unknown,NetconfSession::getData,39.11
02:35:29.938,20657,Unknown,GclParser::parseOperationalGclData,0.15
02:35:29.938,20635,vstsn01,NetconfSession::editData,32.8
02:35:29.971,20635,vstsn01,NetconfSession::commit,40.28
02:35:13.033,20972,vstsn01,CncServiceImpl::SetNodeSchedule,16978.05
02:35:30.012,20635,vstsn01,NetconfSession::getData,100.94
02:35:30.113,20635,vstsn01,GclParser::parseOperationalGclData,0.28
02:35:30.113,20646,Unknown,NetconfSession::getData,74.59
02:35:30.188,20646,Unknown,GclParser::parseOperationalGclData,0.32
02:35:30.188,20657,Unknown,NetconfSession::getData,36.47
02:35:30.225,20657,Unknown,GclParser::parseOperationalGclData,0.2
02:35:30.226,20635,vstsn01,NetconfSession::editData,28.58
02:35:30.254,20635,vstsn01,NetconfSession::commit,41.6
02:35:13.036,20974,vstsn01,CncServiceImpl::SetNodeSchedule,17260.36
02:35:30.296,20635,vstsn01,NetconfSession::getData,102.15
02:35:30.399,20635,vstsn01,GclParser::parseOperationalGclData,0.25
02:35:30.399,20646,Unknown,NetconfSession::getData,78.33
02:35:30.477,20646,Unknown,GclParser::parseOperationalGclData,0.31
02:35:30.478,20657,Unknown,NetconfSession::getData,35.95
02:35:30.514,20657,Unknown,GclParser::parseOperationalGclData,0.2
02:35:30.515,20635,vstsn01,NetconfSession::editData,28.43
02:35:30.543,20635,vstsn01,NetconfSession::commit,43.24
02:35:13.036,20976,vstsn01,CncServiceImpl::SetNodeSchedule,17550.65
02:35:30.587,20635,vstsn01,NetconfSession::getData,102.48
02:35:30.689,20635,vstsn01,GclParser::parseOperationalGclData,0.25
02:35:30.690,20646,Unknown,NetconfSession::getData,76.65
02:35:30.767,20646,Unknown,GclParser::parseOperationalGclData,0.34
02:35:30.767,20657,Unknown,NetconfSession::getData,37.91
02:35:30.805,20657,Unknown,GclParser::parseOperationalGclData,0.15
02:35:30.806,20635,vstsn01,NetconfSession::editData,29.03
02:35:30.835,20635,vstsn01,NetconfSession::commit,44.41
02:35:13.037,20978,vstsn01,CncServiceImpl::SetNodeSchedule,17842.01
02:35:30.880,20635,vstsn01,NetconfSession::getData,115.35
02:35:30.995,20635,vstsn01,GclParser::parseOperationalGclData,0.22
02:35:30.995,20646,Unknown,NetconfSession::getData,77.23
02:35:31.073,20646,Unknown,GclParser::parseOperationalGclData,0.44
02:35:31.074,20657,Unknown,NetconfSession::getData,39.12
02:35:31.113,20657,Unknown,GclParser::parseOperationalGclData,0.42
02:35:31.114,20635,vstsn01,NetconfSession::editData,38.72
02:35:31.153,20635,vstsn01,NetconfSession::commit,40.9
02:35:13.039,20980,vstsn01,CncServiceImpl::SetNodeSchedule,18155.12
02:35:31.194,20635,vstsn01,NetconfSession::getData,100.9
02:35:31.295,20635,vstsn01,GclParser::parseOperationalGclData,0.26
02:35:31.295,20646,Unknown,NetconfSession::getData,75.61
02:35:31.371,20646,Unknown,GclParser::parseOperationalGclData,0.41
02:35:31.372,20657,Unknown,NetconfSession::getData,39.3
02:35:31.411,20657,Unknown,GclParser::parseOperationalGclData,0.28
02:35:31.412,20635,vstsn01,NetconfSession::editData,28.9
02:35:31.441,20635,vstsn01,NetconfSession::commit,40.37
02:35:13.040,20982,vstsn01,CncServiceImpl::SetNodeSchedule,18441.65
02:35:31.481,20635,vstsn01,NetconfSession::getData,102.78
02:35:31.584,20635,vstsn01,GclParser::parseOperationalGclData,0.28
02:35:31.585,20646,Unknown,NetconfSession::getData,79.6
02:35:31.665,20646,Unknown,GclParser::parseOperationalGclData,0.52
02:35:31.665,20657,Unknown,NetconfSession::getData,41.35
02:35:31.707,20657,Unknown,GclParser::parseOperationalGclData,0.16
02:35:31.707,20635,vstsn01,NetconfSession::editData,29.18
02:35:31.736,20635,vstsn01,NetconfSession::commit,41.05
02:35:13.041,20983,vstsn01,CncServiceImpl::SetNodeSchedule,18736.63
02:35:31.778,20635,vstsn01,NetconfSession::getData,101.46
02:35:31.879,20635,vstsn01,GclParser::parseOperationalGclData,0.24
02:35:31.880,20646,Unknown,NetconfSession::getData,105.08
02:35:31.985,20646,Unknown,GclParser::parseOperationalGclData,0.42
02:35:31.986,20657,Unknown,NetconfSession::getData,40.98
02:35:32.027,20657,Unknown,GclParser::parseOperationalGclData,0.28
02:35:32.027,20635,vstsn01,NetconfSession::editData,28.42
02:35:32.056,20635,vstsn01,NetconfSession::commit,39.41
02:35:13.043,20986,vstsn01,CncServiceImpl::SetNodeSchedule,19052.02
02:35:32.096,20635,vstsn01,NetconfSession::getData,101.71
02:35:32.197,20635,vstsn01,GclParser::parseOperationalGclData,0.31
02:35:32.198,20646,Unknown,NetconfSession::getData,73.4
02:35:32.271,20646,Unknown,GclParser::parseOperationalGclData,0.36
02:35:32.272,20657,Unknown,NetconfSession::getData,45.15
02:35:32.317,20657,Unknown,GclParser::parseOperationalGclData,0.3
02:35:32.318,20635,vstsn01,NetconfSession::editData,28.76
02:35:32.347,20635,vstsn01,NetconfSession::commit,40.14
02:35:13.045,20988,vstsn01,CncServiceImpl::SetNodeSchedule,19342.26
02:35:32.387,20635,vstsn01,NetconfSession::getData,102.26
02:35:32.490,20635,vstsn01,GclParser::parseOperationalGclData,0.26
02:35:32.490,20646,Unknown,NetconfSession::getData,76.99
02:35:32.567,20646,Unknown,GclParser::parseOperationalGclData,0.51
02:35:32.568,20657,Unknown,NetconfSession::getData,36.87
02:35:32.605,20657,Unknown,GclParser::parseOperationalGclData,0.21
02:35:32.606,20635,vstsn01,NetconfSession::editData,29.21
02:35:32.635,20635,vstsn01,NetconfSession::commit,40.5
02:35:14.047,20857,vstsn01,CncServiceImpl::SetNodeSchedule,18628.63
02:35:32.676,20635,vstsn01,NetconfSession::getData,101.17
02:35:32.777,20635,vstsn01,GclParser::parseOperationalGclData,0.47
02:35:32.778,20646,Unknown,NetconfSession::getData,76.96
02:35:32.855,20646,Unknown,GclParser::parseOperationalGclData,0.41
02:35:32.856,20657,Unknown,NetconfSession::getData,42.09
02:35:32.898,20657,Unknown,GclParser::parseOperationalGclData,0.23
02:35:32.898,20635,vstsn01,NetconfSession::editData,28.71
02:35:32.927,20635,vstsn01,NetconfSession::commit,40.21
02:35:14.048,20989,vstsn01,CncServiceImpl::SetNodeSchedule,18919.63
02:35:32.967,20635,vstsn01,NetconfSession::getData,100.21
02:35:33.068,20635,vstsn01,GclParser::parseOperationalGclData,0.25
02:35:33.068,20646,Unknown,NetconfSession::getData,75.79
02:35:33.144,20646,Unknown,GclParser::parseOperationalGclData,0.31
02:35:33.145,20657,Unknown,NetconfSession::getData,37.22
02:35:33.182,20657,Unknown,GclParser::parseOperationalGclData,0.2
02:35:33.183,20635,vstsn01,NetconfSession::editData,30.26
02:35:33.213,20635,vstsn01,NetconfSession::commit,41.15
02:35:14.049,21001,vstsn01,CncServiceImpl::SetNodeSchedule,19205.59
02:35:33.254,20635,vstsn01,NetconfSession::getData,101.75
02:35:33.356,20635,vstsn01,GclParser::parseOperationalGclData,0.24
02:35:33.357,20646,Unknown,NetconfSession::getData,76.36
02:35:33.433,20646,Unknown,GclParser::parseOperationalGclData,0.32
02:35:33.434,20657,Unknown,NetconfSession::getData,44.98
02:35:33.479,20657,Unknown,GclParser::parseOperationalGclData,0.2
02:35:33.479,20635,vstsn01,NetconfSession::editData,28.8
02:35:33.508,20635,vstsn01,NetconfSession::commit,41.55
02:35:14.050,21002,vstsn01,CncServiceImpl::SetNodeSchedule,19500.46
02:35:33.550,20635,vstsn01,NetconfSession::getData,104.38
02:35:33.655,20635,vstsn01,GclParser::parseOperationalGclData,0.24
02:35:33.655,20646,Unknown,NetconfSession::getData,91.99
02:35:33.747,20646,Unknown,GclParser::parseOperationalGclData,0.51
02:35:33.748,20657,Unknown,NetconfSession::getData,37.52
02:35:33.786,20657,Unknown,GclParser::parseOperationalGclData,0.2
02:35:33.786,20635,vstsn01,NetconfSession::editData,54.62
02:35:33.841,20635,vstsn01,NetconfSession::commit,44.11
02:35:14.050,21003,vstsn01,CncServiceImpl::SetNodeSchedule,19834.46
02:35:33.885,20635,vstsn01,NetconfSession::getData,108.91
02:35:33.994,20635,vstsn01,GclParser::parseOperationalGclData,0.46
02:35:33.995,20646,Unknown,NetconfSession::getData,80.45
02:35:34.075,20646,Unknown,GclParser::parseOperationalGclData,0.33
02:35:34.076,20657,Unknown,NetconfSession::getData,39.89
02:35:34.116,20657,Unknown,GclParser::parseOperationalGclData,0.23
02:35:34.116,20635,vstsn01,NetconfSession::editData,28.69
02:35:34.145,20635,vstsn01,NetconfSession::commit,40.31
02:35:14.051,21005,vstsn01,CncServiceImpl::SetNodeSchedule,20134.09
02:35:34.186,20635,vstsn01,NetconfSession::getData,100.58
02:35:34.286,20635,vstsn01,GclParser::parseOperationalGclData,0.33
02:35:34.287,20646,Unknown,NetconfSession::getData,73.92
02:35:34.361,20646,Unknown,GclParser::parseOperationalGclData,0.29
02:35:34.361,20657,Unknown,NetconfSession::getData,37.64
02:35:34.399,20657,Unknown,GclParser::parseOperationalGclData,0.21
02:35:34.400,20635,vstsn01,NetconfSession::editData,29.7
02:35:34.430,20635,vstsn01,NetconfSession::commit,43.18
02:35:14.052,21007,vstsn01,CncServiceImpl::SetNodeSchedule,20420.76
02:35:34.473,20635,vstsn01,NetconfSession::getData,101.72
02:35:34.575,20635,vstsn01,GclParser::parseOperationalGclData,0.27
02:35:34.575,20646,Unknown,NetconfSession::getData,73.51
02:35:34.649,20646,Unknown,GclParser::parseOperationalGclData,0.32
02:35:34.650,20657,Unknown,NetconfSession::getData,37.16
02:35:34.687,20657,Unknown,GclParser::parseOperationalGclData,0.17
02:35:34.687,20635,vstsn01,NetconfSession::editData,28.55
02:35:34.716,20635,vstsn01,NetconfSession::commit,41.38
02:35:14.054,21009,vstsn01,CncServiceImpl::SetNodeSchedule,20703.97
02:35:34.758,20635,vstsn01,NetconfSession::getData,103.83
02:35:34.862,20635,vstsn01,GclParser::parseOperationalGclData,0.26
02:35:34.862,20646,Unknown,NetconfSession::getData,71.11
02:35:34.933,20646,Unknown,GclParser::parseOperationalGclData,0.33
02:35:34.934,20657,Unknown,NetconfSession::getData,40.87
02:35:34.975,20657,Unknown,GclParser::parseOperationalGclData,0.24
02:35:34.976,20635,vstsn01,NetconfSession::editData,38.12
02:35:35.014,20635,vstsn01,NetconfSession::commit,52.34
02:35:14.054,21011,vstsn01,CncServiceImpl::SetNodeSchedule,21011.63
02:35:35.066,20635,vstsn01,NetconfSession::getData,107.56
02:35:35.174,20635,vstsn01,GclParser::parseOperationalGclData,0.24
02:35:35.174,20646,Unknown,NetconfSession::getData,75.07
02:35:35.249,20646,Unknown,GclParser::parseOperationalGclData,0.32
02:35:35.250,20657,Unknown,NetconfSession::getData,39.96
02:35:35.290,20657,Unknown,GclParser::parseOperationalGclData,0.17
02:35:35.291,20635,vstsn01,NetconfSession::editData,29.04
02:35:35.320,20635,vstsn01,NetconfSession::commit,39.52
02:35:14.056,21013,vstsn01,CncServiceImpl::SetNodeSchedule,21303.95
02:35:35.360,20635,vstsn01,NetconfSession::getData,106.29
02:35:35.466,20635,vstsn01,GclParser::parseOperationalGclData,0.24
02:35:35.466,20646,Unknown,NetconfSession::getData,76.36
02:35:35.543,20646,Unknown,GclParser::parseOperationalGclData,0.31
02:35:35.543,20657,Unknown,NetconfSession::getData,39.35
02:35:35.583,20657,Unknown,GclParser::parseOperationalGclData,0.15
02:35:35.583,20635,vstsn01,NetconfSession::editData,30.52
02:35:35.614,20635,vstsn01,NetconfSession::commit,41.22
02:35:14.057,21015,vstsn01,CncServiceImpl::SetNodeSchedule,21598.57
02:35:35.655,20635,vstsn01,NetconfSession::getData,102.6
02:35:35.758,20635,vstsn01,GclParser::parseOperationalGclData,0.24
02:35:35.759,20646,Unknown,NetconfSession::getData,75.62
02:35:35.834,20646,Unknown,GclParser::parseOperationalGclData,0.33
02:35:35.835,20657,Unknown,NetconfSession::getData,36.14
02:35:35.871,20657,Unknown,GclParser::parseOperationalGclData,0.14
02:35:35.872,20635,vstsn01,NetconfSession::editData,27.36
02:35:35.899,20635,vstsn01,NetconfSession::commit,40.4
02:35:14.058,21017,vstsn01,CncServiceImpl::SetNodeSchedule,21881.74
02:35:35.940,20635,vstsn01,NetconfSession::getData,103.13
02:35:36.043,20635,vstsn01,GclParser::parseOperationalGclData,0.24
02:35:36.043,20646,Unknown,NetconfSession::getData,75.72
02:35:36.119,20646,Unknown,GclParser::parseOperationalGclData,0.32
02:35:36.120,20657,Unknown,NetconfSession::getData,39.7
02:35:36.160,20657,Unknown,GclParser::parseOperationalGclData,0.22
02:35:36.160,20635,vstsn01,NetconfSession::editData,29.69
02:35:36.190,20635,vstsn01,NetconfSession::commit,39.22
02:35:14.059,21019,vstsn01,CncServiceImpl::SetNodeSchedule,22170.77
02:35:36.229,20635,vstsn01,NetconfSession::getData,100.47
02:35:36.330,20635,vstsn01,GclParser::parseOperationalGclData,0.35
02:35:36.331,20646,Unknown,NetconfSession::getData,76.55
02:35:36.407,20646,Unknown,GclParser::parseOperationalGclData,0.3
02:35:36.408,20657,Unknown,NetconfSession::getData,35.8
02:35:36.444,20657,Unknown,GclParser::parseOperationalGclData,0.18
02:35:36.444,20635,vstsn01,NetconfSession::editData,28.56
02:35:36.473,20635,vstsn01,NetconfSession::commit,40.75
02:35:14.060,21021,vstsn01,CncServiceImpl::SetNodeSchedule,22454.15
02:35:36.514,20635,vstsn01,NetconfSession::getData,104.59
02:35:36.619,20635,vstsn01,GclParser::parseOperationalGclData,0.38
02:35:36.619,20646,Unknown,NetconfSession::getData,75.99
02:35:36.696,20646,Unknown,GclParser::parseOperationalGclData,0.52
02:35:36.696,20657,Unknown,NetconfSession::getData,38.95
02:35:36.736,20657,Unknown,GclParser::parseOperationalGclData,0.18
02:35:36.736,20635,vstsn01,NetconfSession::editData,29.75
02:35:36.766,20635,vstsn01,NetconfSession::commit,41.29
02:35:14.061,21023,vstsn01,CncServiceImpl::SetNodeSchedule,22746.76
02:35:36.807,20635,vstsn01,NetconfSession::getData,103.47
02:35:36.911,20635,vstsn01,GclParser::parseOperationalGclData,0.47
02:35:36.912,20646,Unknown,NetconfSession::getData,76.3
02:35:36.988,20646,Unknown,GclParser::parseOperationalGclData,0.32
02:35:36.988,20657,Unknown,NetconfSession::getData,35.8
02:35:37.025,20657,Unknown,GclParser::parseOperationalGclData,0.41
02:35:37.026,20635,vstsn01,NetconfSession::editData,29.55
02:35:37.055,20635,vstsn01,NetconfSession::commit,41.46
02:35:15.064,21024,vstsn01,CncServiceImpl::SetNodeSchedule,22032.64
02:35:37.097,20635,vstsn01,NetconfSession::getData,110.31
02:35:37.207,20635,vstsn01,GclParser::parseOperationalGclData,0.22
02:35:37.208,20646,Unknown,NetconfSession::getData,77.97
02:35:37.286,20646,Unknown,GclParser::parseOperationalGclData,0.28
02:35:37.287,20657,Unknown,NetconfSession::getData,37.56
02:35:37.324,20657,Unknown,GclParser::parseOperationalGclData,0.41
02:35:37.326,20635,vstsn01,NetconfSession::editData,29.95
02:35:37.356,20635,vstsn01,NetconfSession::commit,43.82
02:35:15.066,20862,vstsn01,CncServiceImpl::SetNodeSchedule,22333.87
02:35:37.400,20635,vstsn01,NetconfSession::getData,110.11
02:35:37.510,20635,vstsn01,GclParser::parseOperationalGclData,0.43
02:35:37.511,20646,Unknown,NetconfSession::getData,83.48
02:35:37.595,20646,Unknown,GclParser::parseOperationalGclData,0.61
02:35:37.596,20657,Unknown,NetconfSession::getData,41.74
02:35:37.638,20657,Unknown,GclParser::parseOperationalGclData,0.18
02:35:37.638,20635,vstsn01,NetconfSession::editData,33.97
02:35:37.672,20635,vstsn01,NetconfSession::commit,42.36
02:35:15.067,21027,vstsn01,CncServiceImpl::SetNodeSchedule,22647.62
02:35:37.715,20635,vstsn01,NetconfSession::getData,101.06
02:35:37.816,20635,vstsn01,GclParser::parseOperationalGclData,0.26
02:35:37.816,20646,Unknown,NetconfSession::getData,74.97
02:35:37.891,20646,Unknown,GclParser::parseOperationalGclData,0.32
02:35:37.892,20657,Unknown,NetconfSession::getData,40.12
02:35:37.932,20657,Unknown,GclParser::parseOperationalGclData,0.29
02:35:37.933,20635,vstsn01,NetconfSession::editData,30.0
02:35:37.963,20635,vstsn01,NetconfSession::commit,47.19
02:35:15.068,21028,vstsn01,CncServiceImpl::SetNodeSchedule,22942.69
02:35:38.010,20635,vstsn01,NetconfSession::getData,152.4
02:35:38.163,20635,vstsn01,GclParser::parseOperationalGclData,0.35
02:35:38.164,20646,Unknown,NetconfSession::getData,87.64
02:35:38.251,20646,Unknown,GclParser::parseOperationalGclData,0.45
02:35:38.252,20657,Unknown,NetconfSession::getData,37.52
02:35:38.290,20657,Unknown,GclParser::parseOperationalGclData,0.2
02:35:38.290,20635,vstsn01,NetconfSession::editData,27.56
02:35:38.318,20635,vstsn01,NetconfSession::commit,41.74
02:35:15.069,21029,vstsn01,CncServiceImpl::SetNodeSchedule,23290.22
02:35:38.360,20635,vstsn01,NetconfSession::getData,129.16
02:35:38.489,20635,vstsn01,GclParser::parseOperationalGclData,0.4
02:35:38.490,20646,Unknown,NetconfSession::getData,82.22
02:35:38.572,20646,Unknown,GclParser::parseOperationalGclData,0.32
02:35:38.573,20657,Unknown,NetconfSession::getData,46.36
02:35:38.619,20657,Unknown,GclParser::parseOperationalGclData,0.43
02:35:38.620,20635,vstsn01,NetconfSession::editData,33.39
02:35:38.653,20635,vstsn01,NetconfSession::commit,44.08
02:35:15.070,21031,vstsn01,CncServiceImpl::SetNodeSchedule,23627.58
02:35:38.698,20635,vstsn01,NetconfSession::getData,106.11
02:35:38.804,20635,vstsn01,GclParser::parseOperationalGclData,0.41
02:35:38.804,20646,Unknown,NetconfSession::getData,81.81
02:35:38.886,20646,Unknown,GclParser::parseOperationalGclData,0.48
02:35:38.887,20657,Unknown,NetconfSession::getData,38.32
02:35:38.926,20657,Unknown,GclParser::parseOperationalGclData,0.16
02:35:38.926,20635,vstsn01,NetconfSession::editData,28.73
02:35:38.955,20635,vstsn01,NetconfSession::commit,40.5
02:35:15.071,21033,vstsn01,CncServiceImpl::SetNodeSchedule,23924.47
02:35:38.996,20635,vstsn01,NetconfSession::getData,100.78
02:35:39.096,20635,vstsn01,GclParser::parseOperationalGclData,0.23
02:35:39.097,20646,Unknown,NetconfSession::getData,78.26
02:35:39.175,20646,Unknown,GclParser::parseOperationalGclData,0.29
02:35:39.176,20657,Unknown,NetconfSession::getData,36.56
02:35:39.212,20657,Unknown,GclParser::parseOperationalGclData,0.15
02:35:39.213,20635,vstsn01,NetconfSession::editData,28.93
02:35:39.242,20635,vstsn01,NetconfSession::commit,38.91
02:35:15.072,21035,vstsn01,CncServiceImpl::SetNodeSchedule,24209.04
02:35:39.281,20635,vstsn01,NetconfSession::getData,100.85
02:35:39.382,20635,vstsn01,GclParser::parseOperationalGclData,0.28
02:35:39.383,20646,Unknown,NetconfSession::getData,76.38
02:35:39.459,20646,Unknown,GclParser::parseOperationalGclData,0.48
02:35:39.460,20657,Unknown,NetconfSession::getData,39.95
02:35:39.500,20657,Unknown,GclParser::parseOperationalGclData,0.14
02:35:39.500,20635,vstsn01,NetconfSession::editData,28.65
02:35:39.529,20635,vstsn01,NetconfSession::commit,44.96
02:35:15.073,21037,vstsn01,CncServiceImpl::SetNodeSchedule,24501.02
02:35:39.574,20635,vstsn01,NetconfSession::getData,117.97
02:35:39.692,20635,vstsn01,GclParser::parseOperationalGclData,0.24
02:35:39.693,20646,Unknown,NetconfSession::getData,76.91
02:35:39.770,20646,Unknown,GclParser::parseOperationalGclData,0.34
02:35:39.770,20657,Unknown,NetconfSession::getData,38.93
02:35:39.809,20657,Unknown,GclParser::parseOperationalGclData,0.19
02:35:39.810,20635,vstsn01,NetconfSession::editData,28.14
02:35:39.838,20635,vstsn01,NetconfSession::commit,41.35
02:35:15.074,20867,vstsn01,CncServiceImpl::SetNodeSchedule,24805.54
02:35:39.880,20635,vstsn01,NetconfSession::getData,101.51
02:35:39.981,20635,vstsn01,GclParser::parseOperationalGclData,0.43
02:35:39.982,20646,Unknown,NetconfSession::getData,79.43
02:35:40.062,20646,Unknown,GclParser::parseOperationalGclData,0.34
02:35:40.062,20657,Unknown,NetconfSession::getData,43.12
02:35:40.105,20657,Unknown,GclParser::parseOperationalGclData,0.16
02:35:40.106,20635,vstsn01,NetconfSession::editData,30.49
02:35:40.136,20635,vstsn01,NetconfSession::commit,45.45
02:35:15.075,21039,vstsn01,CncServiceImpl::SetNodeSchedule,25106.71
02:35:40.182,20635,vstsn01,NetconfSession::getData,101.12
02:35:40.283,20635,vstsn01,GclParser::parseOperationalGclData,0.24
02:35:40.284,20646,Unknown,NetconfSession::getData,80.08
02:35:40.364,20646,Unknown,GclParser::parseOperationalGclData,0.65
02:35:40.365,20657,Unknown,NetconfSession::getData,37.49
02:35:40.402,20657,Unknown,GclParser::parseOperationalGclData,0.19
02:35:40.403,20635,vstsn01,NetconfSession::editData,29.58
02:35:40.433,20635,vstsn01,NetconfSession::commit,41.15
02:35:15.076,21042,vstsn01,CncServiceImpl::SetNodeSchedule,25397.72
02:35:40.474,20635,vstsn01,NetconfSession::getData,114.18
02:35:40.588,20635,vstsn01,GclParser::parseOperationalGclData,0.21
02:35:40.589,20646,Unknown,NetconfSession::getData,78.2
02:35:40.667,20646,Unknown,GclParser::parseOperationalGclData,0.38
02:35:40.668,20657,Unknown,NetconfSession::getData,44.85
02:35:40.713,20657,Unknown,GclParser::parseOperationalGclData,0.15
02:35:40.713,20635,vstsn01,NetconfSession::editData,31.04
02:35:40.744,20635,vstsn01,NetconfSession::commit,43.43
02:35:15.077,21043,vstsn01,CncServiceImpl::SetNodeSchedule,25710.62
02:35:40.788,20635,vstsn01,NetconfSession::getData,147.13
02:35:40.935,20635,vstsn01,GclParser::parseOperationalGclData,0.27
02:35:40.936,20646,Unknown,NetconfSession::getData,77.77
02:35:41.014,20646,Unknown,GclParser::parseOperationalGclData,0.51
02:35:41.014,20657,Unknown,NetconfSession::getData,42.17
02:35:41.057,20657,Unknown,GclParser::parseOperationalGclData,0.17
02:35:41.057,20635,vstsn01,NetconfSession::editData,28.71
02:35:41.086,20635,vstsn01,NetconfSession::commit,42.72
02:35:15.079,21044,vstsn01,CncServiceImpl::SetNodeSchedule,26049.59
02:35:41.129,20635,vstsn01,NetconfSession::getData,110.97
02:35:41.240,20635,vstsn01,GclParser::parseOperationalGclData,0.26
02:35:41.240,20646,Unknown,NetconfSession::getData,75.62
02:35:41.316,20646,Unknown,GclParser::parseOperationalGclData,0.31
02:35:41.317,20657,Unknown,NetconfSession::getData,39.85
02:35:41.356,20657,Unknown,GclParser::parseOperationalGclData,0.19
02:35:41.357,20635,vstsn01,NetconfSession::editData,29.5
02:35:41.386,20635,vstsn01,NetconfSession::commit,42.12
02:35:15.081,21046,vstsn01,CncServiceImpl::SetNodeSchedule,26347.8
02:35:41.429,20635,vstsn01,NetconfSession::getData,108.59
02:35:41.538,20635,vstsn01,GclParser::parseOperationalGclData,0.26
02:35:41.538,20646,Unknown,NetconfSession::getData,77.31
02:35:41.616,20646,Unknown,GclParser::parseOperationalGclData,0.39
02:35:41.616,20657,Unknown,NetconfSession::getData,38.76
02:35:41.655,20657,Unknown,GclParser::parseOperationalGclData,0.18
02:35:41.656,20635,vstsn01,NetconfSession::editData,29.49
02:35:41.685,20635,vstsn01,NetconfSession::commit,40.13
02:35:15.083,21049,vstsn01,CncServiceImpl::SetNodeSchedule,26642.72
02:35:41.725,20635,vstsn01,NetconfSession::getData,103.39
02:35:41.829,20635,vstsn01,GclParser::parseOperationalGclData,0.25
02:35:41.829,20646,Unknown,NetconfSession::getData,101.36
02:35:41.931,20646,Unknown,GclParser::parseOperationalGclData,0.49
02:35:41.932,20657,Unknown,NetconfSession::getData,40.93
02:35:41.973,20657,Unknown,GclParser::parseOperationalGclData,0.15
02:35:41.973,20635,vstsn01,NetconfSession::editData,27.64
02:35:42.001,20635,vstsn01,NetconfSession::commit,41.73
02:35:16.085,21050,vstsn01,CncServiceImpl::SetNodeSchedule,25957.81
02:35:42.043,20635,vstsn01,NetconfSession::getData,100.56
02:35:42.144,20635,vstsn01,GclParser::parseOperationalGclData,0.23
02:35:42.144,20646,Unknown,NetconfSession::getData,83.39
02:35:42.228,20646,Unknown,GclParser::parseOperationalGclData,0.3
02:35:42.228,20657,Unknown,NetconfSession::getData,38.46
02:35:42.267,20657,Unknown,GclParser::parseOperationalGclData,0.51
02:35:42.268,20635,vstsn01,NetconfSession::editData,31.63
02:35:42.300,20635,vstsn01,NetconfSession::commit,41.15
02:35:16.086,20811,vstsn01,CncServiceImpl::SetNodeSchedule,26255.38
02:35:42.341,20635,vstsn01,NetconfSession::getData,105.63
02:35:42.447,20635,vstsn01,GclParser::parseOperationalGclData,0.31
02:35:42.448,20646,Unknown,NetconfSession::getData,78.41
02:35:42.526,20646,Unknown,GclParser::parseOperationalGclData,0.3
02:35:42.527,20657,Unknown,NetconfSession::getData,42.02
02:35:42.569,20657,Unknown,GclParser::parseOperationalGclData,0.17
02:35:42.569,20635,vstsn01,NetconfSession::editData,29.53
02:35:42.599,20635,vstsn01,NetconfSession::commit,42.04
02:35:16.087,21062,vstsn01,CncServiceImpl::SetNodeSchedule,26554.44
02:35:42.641,20635,vstsn01,NetconfSession::getData,103.49
02:35:42.745,20635,vstsn01,GclParser::parseOperationalGclData,0.27
02:35:42.745,20646,Unknown,NetconfSession::getData,76.77
02:35:42.822,20646,Unknown,GclParser::parseOperationalGclData,0.34
02:35:42.823,20657,Unknown,NetconfSession::getData,38.66
02:35:42.861,20657,Unknown,GclParser::parseOperationalGclData,0.17
02:35:42.862,20635,vstsn01,NetconfSession::editData,33.73
02:35:42.896,20635,vstsn01,NetconfSession::commit,60.76
02:35:16.087,21063,vstsn01,CncServiceImpl::SetNodeSchedule,26869.22
02:35:42.957,20635,vstsn01,NetconfSession::getData,106.91
02:35:43.064,20635,vstsn01,GclParser::parseOperationalGclData,0.26
02:35:43.064,20646,Unknown,NetconfSession::getData,82.47
02:35:43.147,20646,Unknown,GclParser::parseOperationalGclData,0.38
02:35:43.148,20657,Unknown,NetconfSession::getData,42.84
02:35:43.191,20657,Unknown,GclParser::parseOperationalGclData,0.49
02:35:43.192,20635,vstsn01,NetconfSession::editData,45.68
02:35:43.238,20635,vstsn01,NetconfSession::commit,57.51
02:35:16.088,21064,vstsn01,CncServiceImpl::SetNodeSchedule,27207.07
02:35:43.295,20635,vstsn01,NetconfSession::getData,103.21
02:35:43.399,20635,vstsn01,GclParser::parseOperationalGclData,0.75
02:35:43.400,20646,Unknown,NetconfSession::getData,81.48
02:35:43.481,20646,Unknown,GclParser::parseOperationalGclData,0.34
02:35:43.482,20657,Unknown,NetconfSession::getData,41.68
02:35:43.524,20657,Unknown,GclParser::parseOperationalGclData,0.17
02:35:43.524,20635,vstsn01,NetconfSession::editData,42.59
02:35:43.567,20635,vstsn01,NetconfSession::commit,40.44
02:35:16.089,21066,vstsn01,CncServiceImpl::SetNodeSchedule,27518.59
02:35:43.608,20635,vstsn01,NetconfSession::getData,104.34
02:35:43.712,20635,vstsn01,GclParser::parseOperationalGclData,0.31
02:35:43.713,20646,Unknown,NetconfSession::getData,80.91
02:35:43.794,20646,Unknown,GclParser::parseOperationalGclData,0.33
02:35:43.795,20657,Unknown,NetconfSession::getData,42.48
02:35:43.837,20657,Unknown,GclParser::parseOperationalGclData,0.25
02:35:43.838,20635,vstsn01,NetconfSession::editData,30.29
02:35:43.868,20635,vstsn01,NetconfSession::commit,43.77
02:35:16.090,21068,vstsn01,CncServiceImpl::SetNodeSchedule,27821.9
02:35:43.912,20635,vstsn01,NetconfSession::getData,124.9
02:35:44.037,20635,vstsn01,GclParser::parseOperationalGclData,0.22
02:35:44.037,20646,Unknown,NetconfSession::getData,91.46
02:35:44.129,20646,Unknown,GclParser::parseOperationalGclData,0.72
02:35:44.130,20657,Unknown,NetconfSession::getData,37.03
02:35:44.167,20657,Unknown,GclParser::parseOperationalGclData,0.32
02:35:44.168,20635,vstsn01,NetconfSession::editData,75.47
02:35:44.243,20635,vstsn01,NetconfSession::commit,44.95
02:35:16.091,21070,vstsn01,CncServiceImpl::SetNodeSchedule,28197.48
02:35:44.289,20635,vstsn01,NetconfSession::getData,115.55
02:35:44.404,20635,vstsn01,GclParser::parseOperationalGclData,0.21
02:35:44.405,20646,Unknown,NetconfSession::getData,78.46
02:35:44.483,20646,Unknown,GclParser::parseOperationalGclData,0.31
02:35:44.484,20657,Unknown,NetconfSession::getData,42.81
02:35:44.527,20657,Unknown,GclParser::parseOperationalGclData,0.37
02:35:44.528,20635,vstsn01,NetconfSession::editData,39.09
02:35:44.567,20635,vstsn01,NetconfSession::commit,50.47
02:35:16.092,21072,vstsn01,CncServiceImpl::SetNodeSchedule,28525.46
02:35:44.618,20635,vstsn01,NetconfSession::getData,99.66
02:35:44.717,20635,vstsn01,GclParser::parseOperationalGclData,0.4
02:35:44.718,20646,Unknown,NetconfSession::getData,112.37
02:35:44.831,20646,Unknown,GclParser::parseOperationalGclData,0.55
02:35:44.832,20657,Unknown,NetconfSession::getData,66.62
02:35:44.898,20657,Unknown,GclParser::parseOperationalGclData,0.19
02:35:44.899,20635,vstsn01,NetconfSession::editData,45.75
02:35:44.945,20635,vstsn01,NetconfSession::commit,41.46
02:35:16.093,21074,vstsn01,CncServiceImpl::SetNodeSchedule,28893.78
02:35:44.987,20635,vstsn01,NetconfSession::getData,108.56
02:35:45.095,20635,vstsn01,GclParser::parseOperationalGclData,0.24
02:35:45.096,20646,Unknown,NetconfSession::getData,112.79
02:35:45.208,20646,Unknown,GclParser::parseOperationalGclData,0.32
02:35:45.209,20657,Unknown,NetconfSession::getData,40.98
02:35:45.250,20657,Unknown,GclParser::parseOperationalGclData,0.14
02:35:45.251,20635,vstsn01,NetconfSession::editData,31.82
02:35:45.282,20635,vstsn01,NetconfSession::commit,41.26
02:35:16.093,21076,vstsn01,CncServiceImpl::SetNodeSchedule,29230.26
02:35:45.324,20635,vstsn01,NetconfSession::getData,100.72
02:35:45.425,20635,vstsn01,GclParser::parseOperationalGclData,0.25
02:35:45.425,20646,Unknown,NetconfSession::getData,74.44
02:35:45.500,20646,Unknown,GclParser::parseOperationalGclData,0.31
02:35:45.500,20657,Unknown,NetconfSession::getData,37.78
02:35:45.538,20657,Unknown,GclParser::parseOperationalGclData,0.15
02:35:45.539,20635,vstsn01,NetconfSession::editData,28.38
02:35:45.567,20635,vstsn01,NetconfSession::commit,41.13
02:35:16.094,21078,vstsn01,CncServiceImpl::SetNodeSchedule,29513.88
02:35:45.608,20635,vstsn01,NetconfSession::getData,105.4
02:35:45.714,20635,vstsn01,GclParser::parseOperationalGclData,0.28
02:35:45.715,20646,Unknown,NetconfSession::getData,74.67
02:35:45.790,20646,Unknown,GclParser::parseOperationalGclData,0.48
02:35:45.790,20657,Unknown,NetconfSession::getData,37.97
02:35:45.828,20657,Unknown,GclParser::parseOperationalGclData,0.15
02:35:45.829,20635,vstsn01,NetconfSession::editData,30.13
02:35:45.859,20635,vstsn01,NetconfSession::commit,40.64
02:35:16.095,21080,vstsn01,CncServiceImpl::SetNodeSchedule,29804.54
02:35:45.900,20635,vstsn01,NetconfSession::getData,98.81
02:35:45.999,20635,vstsn01,GclParser::parseOperationalGclData,0.21
02:35:45.999,20646,Unknown,NetconfSession::getData,78.41
02:35:46.078,20646,Unknown,GclParser::parseOperationalGclData,1.25
02:35:46.080,20657,Unknown,NetconfSession::getData,38.13
02:35:46.118,20657,Unknown,GclParser::parseOperationalGclData,0.43
02:35:46.119,20635,vstsn01,NetconfSession::editData,30.05
02:35:46.149,20635,vstsn01,NetconfSession::commit,44.91
02:35:16.096,21082,vstsn01,CncServiceImpl::SetNodeSchedule,30098.54
02:35:46.194,20635,vstsn01,NetconfSession::getData,103.71
02:35:46.298,20635,vstsn01,GclParser::parseOperationalGclData,0.34
02:35:46.299,20646,Unknown,NetconfSession::getData,75.01
02:35:46.374,20646,Unknown,GclParser::parseOperationalGclData,0.35
02:35:46.374,20657,Unknown,NetconfSession::getData,38.87
02:35:46.414,20657,Unknown,GclParser::parseOperationalGclData,0.28
02:35:46.414,20635,vstsn01,NetconfSession::editData,29.14
02:35:46.443,20635,vstsn01,NetconfSession::commit,40.59
02:35:16.097,21084,vstsn01,CncServiceImpl::SetNodeSchedule,30387.02
02:35:46.484,20635,vstsn01,NetconfSession::getData,106.14
02:35:46.591,20635,vstsn01,GclParser::parseOperationalGclData,0.24
02:35:46.591,20646,Unknown,NetconfSession::getData,79.96
02:35:46.671,20646,Unknown,GclParser::parseOperationalGclData,0.43
02:35:46.672,20657,Unknown,NetconfSession::getData,40.58
02:35:46.712,20657,Unknown,GclParser::parseOperationalGclData,0.18
02:35:46.713,20635,vstsn01,NetconfSession::editData,30.07
02:35:46.743,20635,vstsn01,NetconfSession::commit,40.76
02:35:16.098,21086,vstsn01,CncServiceImpl::SetNodeSchedule,30685.93
02:35:46.784,20635,vstsn01,NetconfSession::getData,105.74
02:35:46.890,20635,vstsn01,GclParser::parseOperationalGclData,0.25
02:35:46.890,20646,Unknown,NetconfSession::getData,81.3
02:35:46.972,20646,Unknown,GclParser::parseOperationalGclData,0.31
02:35:46.972,20657,Unknown,NetconfSession::getData,35.43
02:35:47.008,20657,Unknown,GclParser::parseOperationalGclData,0.14
02:35:47.009,20635,vstsn01,NetconfSession::editData,28.14
02:35:47.037,20635,vstsn01,NetconfSession::commit,39.35
02:35:16.099,21088,vstsn01,CncServiceImpl::SetNodeSchedule,30977.2
02:35:47.076,20635,vstsn01,NetconfSession::getData,107.87
02:35:47.184,20635,vstsn01,GclParser::parseOperationalGclData,0.24
02:35:47.185,20646,Unknown,NetconfSession::getData,78.19
02:35:47.263,20646,Unknown,GclParser::parseOperationalGclData,0.36
02:35:47.264,20657,Unknown,NetconfSession::getData,37.94
02:35:47.302,20657,Unknown,GclParser::parseOperationalGclData,0.16
02:35:47.302,20635,vstsn01,NetconfSession::editData,29.2
02:35:47.332,20635,vstsn01,NetconfSession::commit,41.92
02:35:17.101,21089,vstsn01,CncServiceImpl::SetNodeSchedule,30272.29
02:35:47.374,20635,vstsn01,NetconfSession::getData,99.28
02:35:47.473,20635,vstsn01,GclParser::parseOperationalGclData,0.41
02:35:47.474,20646,Unknown,NetconfSession::getData,80.57
02:35:47.555,20646,Unknown,GclParser::parseOperationalGclData,0.29
02:35:47.555,20657,Unknown,NetconfSession::getData,38.32
02:35:47.594,20657,Unknown,GclParser::parseOperationalGclData,0.15
02:35:47.595,20635,vstsn01,NetconfSession::editData,28.67
02:35:47.623,20635,vstsn01,NetconfSession::commit,40.69
02:35:17.102,20876,vstsn01,CncServiceImpl::SetNodeSchedule,30561.79
02:35:47.664,20635,vstsn01,NetconfSession::getData,104.28
02:35:47.769,20635,vstsn01,GclParser::parseOperationalGclData,0.36
02:35:47.769,20646,Unknown,NetconfSession::getData,94.26
02:35:47.864,20646,Unknown,GclParser::parseOperationalGclData,0.48
02:35:47.864,20657,Unknown,NetconfSession::getData,45.64
02:35:47.910,20657,Unknown,GclParser::parseOperationalGclData,0.27
02:35:47.911,20635,vstsn01,NetconfSession::editData,36.92
02:35:47.948,20635,vstsn01,NetconfSession::commit,39.47
02:35:17.103,21094,vstsn01,CncServiceImpl::SetNodeSchedule,30884.47
02:35:47.987,20635,vstsn01,NetconfSession::getData,102.52
02:35:48.090,20635,vstsn01,GclParser::parseOperationalGclData,0.23
02:35:48.090,20646,Unknown,NetconfSession::getData,75.44
02:35:48.166,20646,Unknown,GclParser::parseOperationalGclData,0.31
02:35:48.167,20657,Unknown,NetconfSession::getData,38.31
02:35:48.205,20657,Unknown,GclParser::parseOperationalGclData,0.4
02:35:48.206,20635,vstsn01,NetconfSession::editData,28.81
02:35:48.235,20635,vstsn01,NetconfSession::commit,40.05
02:35:17.104,21096,vstsn01,CncServiceImpl::SetNodeSchedule,31171.72
02:35:48.276,20635,vstsn01,NetconfSession::getData,101.43
02:35:48.377,20635,vstsn01,GclParser::parseOperationalGclData,0.24
02:35:48.378,20646,Unknown,NetconfSession::getData,75.96
02:35:48.454,20646,Unknown,GclParser::parseOperationalGclData,0.32
02:35:48.454,20657,Unknown,NetconfSession::getData,36.2
02:35:48.491,20657,Unknown,GclParser::parseOperationalGclData,0.19
02:35:48.491,20635,vstsn01,NetconfSession::editData,29.47
02:35:48.521,20635,vstsn01,NetconfSession::commit,40.83
02:35:17.105,21097,vstsn01,CncServiceImpl::SetNodeSchedule,31457.09
02:35:48.562,20635,vstsn01,NetconfSession::getData,103.43
02:35:48.665,20635,vstsn01,GclParser::parseOperationalGclData,0.38
02:35:48.666,20646,Unknown,NetconfSession::getData,74.83
02:35:48.741,20646,Unknown,GclParser::parseOperationalGclData,0.53
02:35:48.742,20657,Unknown,NetconfSession::getData,36.83
02:35:48.779,20657,Unknown,GclParser::parseOperationalGclData,0.21
02:35:48.779,20635,vstsn01,NetconfSession::editData,34.45
02:35:48.814,20635,vstsn01,NetconfSession::commit,49.94
02:35:17.105,21099,vstsn01,CncServiceImpl::SetNodeSchedule,31758.23
02:35:48.864,20635,vstsn01,NetconfSession::getData,114.52
02:35:48.978,20635,vstsn01,GclParser::parseOperationalGclData,0.25
02:35:48.979,20646,Unknown,NetconfSession::getData,78.29
02:35:49.057,20646,Unknown,GclParser::parseOperationalGclData,0.35
02:35:49.058,20657,Unknown,NetconfSession::getData,40.88
02:35:49.099,20657,Unknown,GclParser::parseOperationalGclData,0.18
02:35:49.100,20635,vstsn01,NetconfSession::editData,29.0
02:35:49.129,20635,vstsn01,NetconfSession::commit,40.36
02:35:17.106,21101,vstsn01,CncServiceImpl::SetNodeSchedule,32063.23
02:35:49.169,20635,vstsn01,NetconfSession::getData,113.67
02:35:49.283,20635,vstsn01,GclParser::parseOperationalGclData,0.25
02:35:49.284,20646,Unknown,NetconfSession::getData,87.48
02:35:49.371,20646,Unknown,GclParser::parseOperationalGclData,0.35
02:35:49.372,20657,Unknown,NetconfSession::getData,46.24
02:35:49.418,20657,Unknown,GclParser::parseOperationalGclData,0.21
02:35:49.419,20635,vstsn01,NetconfSession::editData,28.28
02:35:49.447,20635,vstsn01,NetconfSession::commit,41.24
02:35:17.107,21103,vstsn01,CncServiceImpl::SetNodeSchedule,32381.8
02:35:49.489,20635,vstsn01,NetconfSession::getData,110.06
02:35:49.599,20635,vstsn01,GclParser::parseOperationalGclData,0.22
02:35:49.600,20646,Unknown,NetconfSession::getData,89.11
02:35:49.689,20646,Unknown,GclParser::parseOperationalGclData,0.32
02:35:49.690,20657,Unknown,NetconfSession::getData,37.93
02:35:49.728,20657,Unknown,GclParser::parseOperationalGclData,0.15
02:35:49.728,20635,vstsn01,NetconfSession::editData,30.45
02:35:49.759,20635,vstsn01,NetconfSession::commit,45.29
02:35:17.108,21105,vstsn01,CncServiceImpl::SetNodeSchedule,32696.37
02:35:49.804,20635,vstsn01,NetconfSession::getData,104.22
02:35:49.908,20635,vstsn01,GclParser::parseOperationalGclData,0.24
02:35:49.909,20646,Unknown,NetconfSession::getData,74.26
02:35:49.983,20646,Unknown,GclParser::parseOperationalGclData,0.34
02:35:49.984,20657,Unknown,NetconfSession::getData,37.23
02:35:50.021,20657,Unknown,GclParser::parseOperationalGclData,0.2
02:35:50.022,20635,vstsn01,NetconfSession::editData,28.15
02:35:50.050,20635,vstsn01,NetconfSession::commit,42.8
02:35:17.108,21107,vstsn01,CncServiceImpl::SetNodeSchedule,32984.35
02:35:50.093,20635,vstsn01,NetconfSession::getData,101.48
02:35:50.194,20635,vstsn01,GclParser::parseOperationalGclData,0.31
02:35:50.195,20646,Unknown,NetconfSession::getData,75.73
02:35:50.271,20646,Unknown,GclParser::parseOperationalGclData,0.3
02:35:50.271,20657,Unknown,NetconfSession::getData,38.4
02:35:50.310,20657,Unknown,GclParser::parseOperationalGclData,0.15
02:35:50.310,20635,vstsn01,NetconfSession::editData,28.91
02:35:50.339,20635,vstsn01,NetconfSession::commit,41.49
02:35:17.109,21109,vstsn01,CncServiceImpl::SetNodeSchedule,33271.57
02:35:50.381,20635,vstsn01,NetconfSession::getData,101.22
02:35:50.482,20635,vstsn01,GclParser::parseOperationalGclData,0.25
02:35:50.483,20646,Unknown,NetconfSession::getData,79.99
02:35:50.563,20646,Unknown,GclParser::parseOperationalGclData,0.4
02:35:50.564,20657,Unknown,NetconfSession::getData,36.36
02:35:50.600,20657,Unknown,GclParser::parseOperationalGclData,0.31
02:35:50.601,20635,vstsn01,NetconfSession::editData,30.52
02:35:50.632,20635,vstsn01,NetconfSession::commit,39.83
02:35:17.110,21111,vstsn01,CncServiceImpl::SetNodeSchedule,33561.01
02:35:50.672,20635,vstsn01,NetconfSession::getData,102.82
02:35:50.774,20635,vstsn01,GclParser::parseOperationalGclData,0.28
02:35:50.775,20646,Unknown,NetconfSession::getData,74.36
02:35:50.850,20646,Unknown,GclParser::parseOperationalGclData,0.43
02:35:50.850,20657,Unknown,NetconfSession::getData,40.61
02:35:50.891,20657,Unknown,GclParser::parseOperationalGclData,0.16
02:35:50.891,20635,vstsn01,NetconfSession::editData,29.61
02:35:50.921,20635,vstsn01,NetconfSession::commit,41.27
02:35:17.111,21113,vstsn01,CncServiceImpl::SetNodeSchedule,33851.34
02:35:50.963,20635,vstsn01,NetconfSession::getData,101.71
02:35:51.064,20635,vstsn01,GclParser::parseOperationalGclData,0.22
02:35:51.065,20646,Unknown,NetconfSession::getData,77.61
02:35:51.143,20646,Unknown,GclParser::parseOperationalGclData,0.33
02:35:51.143,20657,Unknown,NetconfSession::getData,35.71
02:35:51.179,20657,Unknown,GclParser::parseOperationalGclData,0.17
02:35:51.179,20635,vstsn01,NetconfSession::editData,28.35
02:35:51.208,20635,vstsn01,NetconfSession::commit,39.55
02:35:17.112,21115,vstsn01,CncServiceImpl::SetNodeSchedule,34135.62
02:35:51.248,20635,vstsn01,NetconfSession::getData,101.52
02:35:51.349,20635,vstsn01,GclParser::parseOperationalGclData,0.25
02:35:51.350,20646,Unknown,NetconfSession::getData,79.01
02:35:51.429,20646,Unknown,GclParser::parseOperationalGclData,0.64
02:35:51.430,20657,Unknown,NetconfSession::getData,38.78
02:35:51.469,20657,Unknown,GclParser::parseOperationalGclData,0.15
02:35:51.469,20635,vstsn01,NetconfSession::editData,30.0
02:35:51.499,20635,vstsn01,NetconfSession::commit,41.3
02:35:17.113,21117,vstsn01,CncServiceImpl::SetNodeSchedule,34427.53
02:35:51.541,20635,vstsn01,NetconfSession::getData,122.02
02:35:51.663,20635,vstsn01,GclParser::parseOperationalGclData,0.41
02:35:51.663,20646,Unknown,NetconfSession::getData,79.74
02:35:51.743,20646,Unknown,GclParser::parseOperationalGclData,0.33
02:35:51.744,20657,Unknown,NetconfSession::getData,37.92
02:35:51.782,20657,Unknown,GclParser::parseOperationalGclData,0.17
02:35:51.782,20635,vstsn01,NetconfSession::editData,30.6
02:35:51.813,20635,vstsn01,NetconfSession::commit,64.07
02:35:17.114,21119,vstsn01,CncServiceImpl::SetNodeSchedule,34763.41
02:35:51.877,20635,vstsn01,NetconfSession::getData,127.44
02:35:52.005,20635,vstsn01,GclParser::parseOperationalGclData,0.26
02:35:52.005,20646,Unknown,NetconfSession::getData,77.36
02:35:52.083,20646,Unknown,GclParser::parseOperationalGclData,0.41
02:35:52.083,20657,Unknown,NetconfSession::getData,38.59
02:35:52.122,20657,Unknown,GclParser::parseOperationalGclData,0.54
02:35:52.124,20635,vstsn01,NetconfSession::editData,29.76
02:35:52.153,20635,vstsn01,NetconfSession::commit,64.89
02:35:17.115,21121,vstsn01,CncServiceImpl::SetNodeSchedule,35103.55
02:35:52.219,20635,vstsn01,NetconfSession::getData,107.04
02:35:52.326,20635,vstsn01,GclParser::parseOperationalGclData,0.24
02:35:52.326,20646,Unknown,NetconfSession::getData,76.94
02:35:52.403,20646,Unknown,GclParser::parseOperationalGclData,0.3
02:35:52.404,20657,Unknown,NetconfSession::getData,39.09
02:35:52.443,20657,Unknown,GclParser::parseOperationalGclData,0.2
02:35:52.444,20635,vstsn01,NetconfSession::editData,28.17
02:35:52.472,20635,vstsn01,NetconfSession::commit,40.39
02:35:17.118,21123,vstsn01,CncServiceImpl::SetNodeSchedule,35394.81
02:35:52.513,20635,vstsn01,NetconfSession::getData,102.28
02:35:52.615,20635,vstsn01,GclParser::parseOperationalGclData,0.23
02:35:52.615,20646,Unknown,NetconfSession::getData,78.43
02:35:52.694,20646,Unknown,GclParser::parseOperationalGclData,0.4
02:35:52.695,20657,Unknown,NetconfSession::getData,42.32
02:35:52.737,20657,Unknown,GclParser::parseOperationalGclData,0.15
02:35:52.737,20635,vstsn01,NetconfSession::editData,47.94
02:35:52.785,20635,vstsn01,NetconfSession::commit,60.07
02:35:18.120,20881,vstsn01,CncServiceImpl::SetNodeSchedule,34726.16
02:35:52.846,20635,vstsn01,NetconfSession::getData,101.9
02:35:52.948,20635,vstsn01,GclParser::parseOperationalGclData,0.23
02:35:52.948,20646,Unknown,NetconfSession::getData,75.4
02:35:53.024,20646,Unknown,GclParser::parseOperationalGclData,0.54
02:35:53.025,20657,Unknown,NetconfSession::getData,39.32
02:35:53.064,20657,Unknown,GclParser::parseOperationalGclData,0.15
02:35:53.065,20635,vstsn01,NetconfSession::editData,27.06
02:35:53.092,20635,vstsn01,NetconfSession::commit,42.71
02:35:18.120,21124,vstsn01,CncServiceImpl::SetNodeSchedule,35014.31
02:35:53.135,20635,vstsn01,NetconfSession::getData,106.3
02:35:53.241,20635,vstsn01,GclParser::parseOperationalGclData,0.25
02:35:53.242,20646,Unknown,NetconfSession::getData,80.61
02:35:53.323,20646,Unknown,GclParser::parseOperationalGclData,0.3
02:35:53.323,20657,Unknown,NetconfSession::getData,41.07
02:35:53.364,20657,Unknown,GclParser::parseOperationalGclData,0.56
02:35:53.366,20635,vstsn01,NetconfSession::editData,29.44
02:35:53.395,20635,vstsn01,NetconfSession::commit,42.55
02:35:18.121,21136,vstsn01,CncServiceImpl::SetNodeSchedule,35316.88
02:35:53.438,20635,vstsn01,NetconfSession::getData,102.0
02:35:53.540,20635,vstsn01,GclParser::parseOperationalGclData,0.23
02:35:53.540,20646,Unknown,NetconfSession::getData,77.96
02:35:53.619,20646,Unknown,GclParser::parseOperationalGclData,0.48
02:35:53.619,20657,Unknown,NetconfSession::getData,46.3
02:35:53.666,20657,Unknown,GclParser::parseOperationalGclData,0.16
02:35:53.666,20635,vstsn01,NetconfSession::editData,31.17
02:35:53.697,20635,vstsn01,NetconfSession::commit,40.1
02:35:18.121,21137,vstsn01,CncServiceImpl::SetNodeSchedule,35616.13
02:35:53.738,20635,vstsn01,NetconfSession::getData,100.63
02:35:53.838,20635,vstsn01,GclParser::parseOperationalGclData,0.24
02:35:53.839,20646,Unknown,NetconfSession::getData,76.77
02:35:53.916,20646,Unknown,GclParser::parseOperationalGclData,0.39
02:35:53.916,20657,Unknown,NetconfSession::getData,39.64
02:35:53.956,20657,Unknown,GclParser::parseOperationalGclData,0.19
02:35:53.957,20635,vstsn01,NetconfSession::editData,28.07
02:35:53.985,20635,vstsn01,NetconfSession::commit,40.77
02:35:18.122,21138,vstsn01,CncServiceImpl::SetNodeSchedule,35903.43
02:35:54.026,20635,vstsn01,NetconfSession::getData,99.4
02:35:54.125,20635,vstsn01,GclParser::parseOperationalGclData,0.28
02:35:54.126,20646,Unknown,NetconfSession::getData,78.61
02:35:54.204,20646,Unknown,GclParser::parseOperationalGclData,0.31
02:35:54.205,20657,Unknown,NetconfSession::getData,38.88
02:35:54.244,20657,Unknown,GclParser::parseOperationalGclData,0.22
02:35:54.245,20635,vstsn01,NetconfSession::editData,35.03
02:35:54.280,20635,vstsn01,NetconfSession::commit,42.96
02:35:18.123,21140,vstsn01,CncServiceImpl::SetNodeSchedule,36199.55
02:35:54.323,20635,vstsn01,NetconfSession::getData,101.94
02:35:54.425,20635,vstsn01,GclParser::parseOperationalGclData,0.23
02:35:54.426,20646,Unknown,NetconfSession::getData,77.18
02:35:54.503,20646,Unknown,GclParser::parseOperationalGclData,0.32
02:35:54.503,20657,Unknown,NetconfSession::getData,37.15
02:35:54.541,20657,Unknown,GclParser::parseOperationalGclData,0.16
02:35:54.541,20635,vstsn01,NetconfSession::editData,29.18
02:35:54.571,20635,vstsn01,NetconfSession::commit,48.21
02:35:18.125,21142,vstsn01,CncServiceImpl::SetNodeSchedule,36494.47
02:35:54.619,20635,vstsn01,NetconfSession::getData,107.54
02:35:54.727,20635,vstsn01,GclParser::parseOperationalGclData,0.23
02:35:54.728,20646,Unknown,NetconfSession::getData,75.52
02:35:54.803,20646,Unknown,GclParser::parseOperationalGclData,0.31
02:35:54.804,20657,Unknown,NetconfSession::getData,35.83
02:35:54.840,20657,Unknown,GclParser::parseOperationalGclData,0.18
02:35:54.840,20635,vstsn01,NetconfSession::editData,33.55
02:35:54.874,20635,vstsn01,NetconfSession::commit,42.43
02:35:18.126,21143,vstsn01,CncServiceImpl::SetNodeSchedule,36790.71
02:35:54.916,20635,vstsn01,NetconfSession::getData,115.81
02:35:55.032,20635,vstsn01,GclParser::parseOperationalGclData,0.37
02:35:55.033,20646,Unknown,NetconfSession::getData,72.92
02:35:55.106,20646,Unknown,GclParser::parseOperationalGclData,0.31
02:35:55.106,20657,Unknown,NetconfSession::getData,36.58
02:35:55.143,20657,Unknown,GclParser::parseOperationalGclData,0.42
02:35:55.144,20635,vstsn01,NetconfSession::editData,30.75
02:35:55.175,20635,vstsn01,NetconfSession::commit,39.98
02:35:18.127,21145,vstsn01,CncServiceImpl::SetNodeSchedule,37088.55
02:35:55.215,20635,vstsn01,NetconfSession::getData,102.91
02:35:55.319,20635,vstsn01,GclParser::parseOperationalGclData,0.29
02:35:55.319,20646,Unknown,NetconfSession::getData,77.89
02:35:55.397,20646,Unknown,GclParser::parseOperationalGclData,0.36
02:35:55.398,20657,Unknown,NetconfSession::getData,38.77
02:35:55.437,20657,Unknown,GclParser::parseOperationalGclData,0.2
02:35:55.437,20635,vstsn01,NetconfSession::editData,29.01
02:35:55.466,20635,vstsn01,NetconfSession::commit,40.9
02:35:18.128,21147,vstsn01,CncServiceImpl::SetNodeSchedule,37379.59
02:35:55.508,20635,vstsn01,NetconfSession::getData,101.75
02:35:55.609,20635,vstsn01,GclParser::parseOperationalGclData,0.27
02:35:55.610,20646,Unknown,NetconfSession::getData,79.36
02:35:55.689,20646,Unknown,GclParser::parseOperationalGclData,0.29
02:35:55.690,20657,Unknown,NetconfSession::getData,51.65
02:35:55.742,20657,Unknown,GclParser::parseOperationalGclData,0.23
02:35:55.742,20635,vstsn01,NetconfSession::editData,29.14
02:35:55.771,20635,vstsn01,NetconfSession::commit,40.26
02:35:18.129,21149,vstsn01,CncServiceImpl::SetNodeSchedule,37683.06
02:35:55.812,20635,vstsn01,NetconfSession::getData,100.81
02:35:55.913,20635,vstsn01,GclParser::parseOperationalGclData,0.36
02:35:55.913,20646,Unknown,NetconfSession::getData,77.42
02:35:55.991,20646,Unknown,GclParser::parseOperationalGclData,0.42
02:35:55.992,20657,Unknown,NetconfSession::getData,37.36
02:35:56.029,20657,Unknown,GclParser::parseOperationalGclData,0.25
02:35:56.030,20635,vstsn01,NetconfSession::editData,29.34
02:35:56.059,20635,vstsn01,NetconfSession::commit,40.95
02:35:18.130,21151,vstsn01,CncServiceImpl::SetNodeSchedule,37970.51
02:35:56.100,20635,vstsn01,NetconfSession::getData,103.08
02:35:56.204,20635,vstsn01,GclParser::parseOperationalGclData,0.29
02:35:56.204,20646,Unknown,NetconfSession::getData,73.09
02:35:56.277,20646,Unknown,GclParser::parseOperationalGclData,0.34
02:35:56.278,20657,Unknown,NetconfSession::getData,43.51
02:35:56.321,20657,Unknown,GclParser::parseOperationalGclData,0.15
02:35:56.322,20635,vstsn01,NetconfSession::editData,29.88
02:35:56.352,20635,vstsn01,NetconfSession::commit,43.09
02:35:18.131,21153,vstsn01,CncServiceImpl::SetNodeSchedule,38264.7
02:35:56.396,20635,vstsn01,NetconfSession::getData,107.58
02:35:56.503,20635,vstsn01,GclParser::parseOperationalGclData,0.24
02:35:56.504,20646,Unknown,NetconfSession::getData,77.19
02:35:56.581,20646,Unknown,GclParser::parseOperationalGclData,0.42
02:35:56.582,20657,Unknown,NetconfSession::getData,40.29
02:35:56.622,20657,Unknown,GclParser::parseOperationalGclData,0.17
02:35:56.623,20635,vstsn01,NetconfSession::editData,28.84
02:35:56.651,20635,vstsn01,NetconfSession::commit,41.94
02:35:18.132,21155,vstsn01,CncServiceImpl::SetNodeSchedule,38561.39
02:35:56.694,20635,vstsn01,NetconfSession::getData,102.1
02:35:56.796,20635,vstsn01,GclParser::parseOperationalGclData,0.27
02:35:56.796,20646,Unknown,NetconfSession::getData,78.4
02:35:56.875,20646,Unknown,GclParser::parseOperationalGclData,0.42
02:35:56.876,20657,Unknown,NetconfSession::getData,41.72
02:35:56.917,20657,Unknown,GclParser::parseOperationalGclData,0.15
02:35:56.918,20635,vstsn01,NetconfSession::editData,28.93
02:35:56.947,20635,vstsn01,NetconfSession::commit,42.44
02:35:18.134,21157,vstsn01,CncServiceImpl::SetNodeSchedule,38855.45
02:35:56.990,20635,vstsn01,NetconfSession::getData,102.5
02:35:57.092,20635,vstsn01,GclParser::parseOperationalGclData,0.22
02:35:57.093,20646,Unknown,NetconfSession::getData,73.52
02:35:57.166,20646,Unknown,GclParser::parseOperationalGclData,0.34
02:35:57.167,20657,Unknown,NetconfSession::getData,37.1
02:35:57.205,20657,Unknown,GclParser::parseOperationalGclData,0.19
02:35:57.205,20635,vstsn01,NetconfSession::editData,29.48
02:35:57.235,20635,vstsn01,NetconfSession::commit,42.64
02:35:18.136,21159,vstsn01,CncServiceImpl::SetNodeSchedule,39141.9
02:35:57.278,20635,vstsn01,NetconfSession::getData,103.42
02:35:57.381,20635,vstsn01,GclParser::parseOperationalGclData,0.29
02:35:57.382,20646,Unknown,NetconfSession::getData,76.21
02:35:57.458,20646,Unknown,GclParser::parseOperationalGclData,0.33
02:35:57.459,20657,Unknown,NetconfSession::getData,37.96
02:35:57.497,20657,Unknown,GclParser::parseOperationalGclData,0.22
02:35:57.497,20635,vstsn01,NetconfSession::editData,30.53
02:35:57.528,20635,vstsn01,NetconfSession::commit,39.35
02:35:18.137,21161,vstsn01,CncServiceImpl::SetNodeSchedule,39430.35
02:35:57.567,20635,vstsn01,NetconfSession::getData,101.6
02:35:57.669,20635,vstsn01,GclParser::parseOperationalGclData,0.39
02:35:57.670,20646,Unknown,NetconfSession::getData,77.44
02:35:57.747,20646,Unknown,GclParser::parseOperationalGclData,0.34
02:35:57.748,20657,Unknown,NetconfSession::getData,49.03
02:35:57.797,20657,Unknown,GclParser::parseOperationalGclData,0.19
02:35:57.797,20635,vstsn01,NetconfSession::editData,32.38
02:35:57.830,20635,vstsn01,NetconfSession::commit,41.49
02:35:18.138,21163,vstsn01,CncServiceImpl::SetNodeSchedule,39733.54
02:35:57.872,20635,vstsn01,NetconfSession::getData,103.59
02:35:57.975,20635,vstsn01,GclParser::parseOperationalGclData,0.22
02:35:57.976,20646,Unknown,NetconfSession::getData,83.21
02:35:58.059,20646,Unknown,GclParser::parseOperationalGclData,0.28
02:35:58.060,20657,Unknown,NetconfSession::getData,41.87
02:35:58.102,20657,Unknown,GclParser::parseOperationalGclData,0.22
02:35:58.102,20635,vstsn01,NetconfSession::editData,28.39
02:35:58.131,20635,vstsn01,NetconfSession::commit,45.95
02:35:18.139,21165,vstsn01,CncServiceImpl::SetNodeSchedule,40037.76
02:35:58.177,20635,vstsn01,NetconfSession::getData,104.56
02:35:58.281,20635,vstsn01,GclParser::parseOperationalGclData,0.23
02:35:58.282,20646,Unknown,NetconfSession::getData,78.48
02:35:58.360,20646,Unknown,GclParser::parseOperationalGclData,0.34
02:35:58.361,20657,Unknown,NetconfSession::getData,36.29
02:35:58.397,20657,Unknown,GclParser::parseOperationalGclData,0.26
02:35:58.398,20635,vstsn01,NetconfSession::editData,28.64
02:35:58.427,20635,vstsn01,NetconfSession::commit,43.89
02:35:19.144,20886,vstsn01,CncServiceImpl::SetNodeSchedule,39327.23
02:35:58.471,20635,vstsn01,NetconfSession::getData,114.11
02:35:58.585,20635,vstsn01,GclParser::parseOperationalGclData,0.24
02:35:58.586,20646,Unknown,NetconfSession::getData,89.79
02:35:58.676,20646,Unknown,GclParser::parseOperationalGclData,0.42
02:35:58.676,20657,Unknown,NetconfSession::getData,45.99
02:35:58.722,20657,Unknown,GclParser::parseOperationalGclData,0.22
02:35:58.723,20635,vstsn01,NetconfSession::editData,63.89
02:35:58.787,20635,vstsn01,NetconfSession::commit,66.46
02:35:19.146,21166,vstsn01,CncServiceImpl::SetNodeSchedule,39707.73
02:35:58.854,20635,vstsn01,NetconfSession::getData,111.18
02:35:58.965,20635,vstsn01,GclParser::parseOperationalGclData,0.37
02:35:58.965,20646,Unknown,NetconfSession::getData,83.89
02:35:59.050,20646,Unknown,GclParser::parseOperationalGclData,0.32
02:35:59.050,20657,Unknown,NetconfSession::getData,49.93
02:35:59.100,20657,Unknown,GclParser::parseOperationalGclData,0.16
02:35:59.100,20635,vstsn01,NetconfSession::editData,28.47
02:35:59.129,20635,vstsn01,NetconfSession::commit,41.07
02:35:19.148,21171,vstsn01,CncServiceImpl::SetNodeSchedule,40022.78
02:35:59.171,20635,vstsn01,NetconfSession::getData,100.06
02:35:59.271,20635,vstsn01,GclParser::parseOperationalGclData,0.22
02:35:59.271,20646,Unknown,NetconfSession::getData,85.92
02:35:59.358,20646,Unknown,GclParser::parseOperationalGclData,0.95
02:35:59.359,20657,Unknown,NetconfSession::getData,45.48
02:35:59.405,20657,Unknown,GclParser::parseOperationalGclData,0.57
02:35:59.406,20635,vstsn01,NetconfSession::editData,30.34
02:35:59.436,20635,vstsn01,NetconfSession::commit,42.59
02:35:19.150,21173,vstsn01,CncServiceImpl::SetNodeSchedule,40328.61
02:35:59.479,20635,vstsn01,NetconfSession::getData,101.17
02:35:59.580,20635,vstsn01,GclParser::parseOperationalGclData,0.22
02:35:59.581,20646,Unknown,NetconfSession::getData,75.31
02:35:59.656,20646,Unknown,GclParser::parseOperationalGclData,0.29
02:35:59.657,20657,Unknown,NetconfSession::getData,39.6
02:35:59.696,20657,Unknown,GclParser::parseOperationalGclData,0.25
02:35:59.697,20635,vstsn01,NetconfSession::editData,29.87
02:35:59.727,20635,vstsn01,NetconfSession::commit,40.36
02:35:19.153,21174,vstsn01,CncServiceImpl::SetNodeSchedule,40614.2
02:35:59.768,20635,vstsn01,NetconfSession::getData,124.5
02:35:59.892,20635,vstsn01,GclParser::parseOperationalGclData,0.27
02:35:59.893,20646,Unknown,NetconfSession::getData,80.19
02:35:59.973,20646,Unknown,GclParser::parseOperationalGclData,0.35
02:35:59.973,20657,Unknown,NetconfSession::getData,38.44
02:36:00.012,20657,Unknown,GclParser::parseOperationalGclData,0.24
02:36:00.013,20635,vstsn01,NetconfSession::editData,28.91
02:36:00.042,20635,vstsn01,NetconfSession::commit,40.48
02:35:19.155,21176,vstsn01,CncServiceImpl::SetNodeSchedule,40927.4
02:36:00.082,20635,vstsn01,NetconfSession::getData,305.83
02:36:00.388,20635,vstsn01,GclParser::parseOperationalGclData,0.23
02:36:00.389,20646,Unknown,NetconfSession::getData,81.66
02:36:00.471,20646,Unknown,GclParser::parseOperationalGclData,0.63
02:36:00.472,20657,Unknown,NetconfSession::getData,37.83
02:36:00.510,20657,Unknown,GclParser::parseOperationalGclData,0.26
02:36:00.510,20635,vstsn01,NetconfSession::editData,39.65
02:36:00.550,20635,vstsn01,NetconfSession::commit,55.31
02:35:19.156,21178,vstsn01,CncServiceImpl::SetNodeSchedule,41449.39
02:36:00.605,20635,vstsn01,NetconfSession::getData,109.61
02:36:00.715,20635,vstsn01,GclParser::parseOperationalGclData,0.26
02:36:00.716,20646,Unknown,NetconfSession::getData,80.21
02:36:00.796,20646,Unknown,GclParser::parseOperationalGclData,0.54
02:36:00.797,20657,Unknown,NetconfSession::getData,48.07
02:36:00.845,20657,Unknown,GclParser::parseOperationalGclData,0.26
02:36:00.846,20635,vstsn01,NetconfSession::editData,34.44
02:36:00.880,20635,vstsn01,NetconfSession::commit,41.31
02:35:19.157,21180,vstsn01,CncServiceImpl::SetNodeSchedule,41764.47
02:36:00.922,20635,vstsn01,NetconfSession::getData,99.68
02:36:01.022,20635,vstsn01,GclParser::parseOperationalGclData,0.26
02:36:01.022,20646,Unknown,NetconfSession::getData,76.29
02:36:01.099,20646,Unknown,GclParser::parseOperationalGclData,0.31
02:36:01.099,20657,Unknown,NetconfSession::getData,36.75
02:36:01.136,20657,Unknown,GclParser::parseOperationalGclData,0.16
02:36:01.137,20635,vstsn01,NetconfSession::editData,28.15
02:36:01.165,20635,vstsn01,NetconfSession::commit,40.36
02:35:19.158,21182,vstsn01,CncServiceImpl::SetNodeSchedule,42047.23
02:36:01.205,20635,vstsn01,NetconfSession::getData,104.29
02:36:01.310,20635,vstsn01,GclParser::parseOperationalGclData,0.23
02:36:01.310,20646,Unknown,NetconfSession::getData,77.14
02:36:01.388,20646,Unknown,GclParser::parseOperationalGclData,0.69
02:36:01.389,20657,Unknown,NetconfSession::getData,38.82
02:36:01.427,20657,Unknown,GclParser::parseOperationalGclData,0.17
02:36:01.428,20635,vstsn01,NetconfSession::editData,29.64
02:36:01.458,20635,vstsn01,NetconfSession::commit,41.18
02:35:19.159,21184,vstsn01,CncServiceImpl::SetNodeSchedule,42339.67
02:36:01.499,20635,vstsn01,NetconfSession::getData,104.22
02:36:01.603,20635,vstsn01,GclParser::parseOperationalGclData,0.24
02:36:01.604,20646,Unknown,NetconfSession::getData,80.13
02:36:01.684,20646,Unknown,GclParser::parseOperationalGclData,0.35
02:36:01.685,20657,Unknown,NetconfSession::getData,36.02
02:36:01.721,20657,Unknown,GclParser::parseOperationalGclData,0.26
02:36:01.722,20635,vstsn01,NetconfSession::editData,28.32
02:36:01.750,20635,vstsn01,NetconfSession::commit,41.52
02:35:19.161,21186,vstsn01,CncServiceImpl::SetNodeSchedule,42630.71
02:36:01.792,20635,vstsn01,NetconfSession::getData,101.2
02:36:01.893,20635,vstsn01,GclParser::parseOperationalGclData,0.26
02:36:01.893,20646,Unknown,NetconfSession::getData,81.19
02:36:01.975,20646,Unknown,GclParser::parseOperationalGclData,0.29
02:36:01.975,20657,Unknown,NetconfSession::getData,42.43
02:36:02.018,20657,Unknown,GclParser::parseOperationalGclData,0.15
02:36:02.018,20635,vstsn01,NetconfSession::editData,28.8
02:36:02.047,20635,vstsn01,NetconfSession::commit,42.35
02:35:19.163,21188,vstsn01,CncServiceImpl::SetNodeSchedule,42927.05
02:36:02.090,20635,vstsn01,NetconfSession::getData,101.58
02:36:02.191,20635,vstsn01,GclParser::parseOperationalGclData,0.24
02:36:02.192,20646,Unknown,NetconfSession::getData,81.02
02:36:02.273,20646,Unknown,GclParser::parseOperationalGclData,0.34
02:36:02.274,20657,Unknown,NetconfSession::getData,33.74
02:36:02.307,20657,Unknown,GclParser::parseOperationalGclData,0.15
02:36:02.308,20635,vstsn01,NetconfSession::editData,29.33
02:36:02.337,20635,vstsn01,NetconfSession::commit,41.51
02:35:19.163,21190,vstsn01,CncServiceImpl::SetNodeSchedule,43215.7
02:36:02.379,20635,vstsn01,NetconfSession::getData,102.38
02:36:02.482,20635,vstsn01,GclParser::parseOperationalGclData,0.26
02:36:02.482,20646,Unknown,NetconfSession::getData,80.12
02:36:02.562,20646,Unknown,GclParser::parseOperationalGclData,0.53
02:36:02.563,20657,Unknown,NetconfSession::getData,49.07
02:36:02.613,20657,Unknown,GclParser::parseOperationalGclData,0.32
02:36:02.613,20635,vstsn01,NetconfSession::editData,28.88
02:36:02.642,20635,vstsn01,NetconfSession::commit,46.23
02:35:19.164,21192,vstsn01,CncServiceImpl::SetNodeSchedule,43524.18
02:36:02.689,20635,vstsn01,NetconfSession::getData,102.37
02:36:02.791,20635,vstsn01,GclParser::parseOperationalGclData,0.27
02:36:02.792,20646,Unknown,NetconfSession::getData,89.04
02:36:02.881,20646,Unknown,GclParser::parseOperationalGclData,0.93
02:36:02.882,20657,Unknown,NetconfSession::getData,37.93
02:36:02.920,20657,Unknown,GclParser::parseOperationalGclData,0.17
02:36:02.921,20635,vstsn01,NetconfSession::editData,34.83
02:36:02.956,20635,vstsn01,NetconfSession::commit,40.79
02:35:19.166,21194,vstsn01,CncServiceImpl::SetNodeSchedule,43830.86
02:36:02.997,20635,vstsn01,NetconfSession::getData,103.69
02:36:03.100,20635,vstsn01,GclParser::parseOperationalGclData,0.21
02:36:03.101,20646,Unknown,NetconfSession::getData,85.34
02:36:03.186,20646,Unknown,GclParser::parseOperationalGclData,0.31
02:36:03.187,20657,Unknown,NetconfSession::getData,38.67
02:36:03.226,20657,Unknown,GclParser::parseOperationalGclData,0.32
02:36:03.226,20635,vstsn01,NetconfSession::editData,29.99
02:36:03.256,20635,vstsn01,NetconfSession::commit,40.86
02:35:19.167,21196,vstsn01,CncServiceImpl::SetNodeSchedule,44130.4
02:36:03.297,20635,vstsn01,NetconfSession::getData,101.45
02:36:03.399,20635,vstsn01,GclParser::parseOperationalGclData,0.22
02:36:03.399,20646,Unknown,NetconfSession::getData,77.64
02:36:03.477,20646,Unknown,GclParser::parseOperationalGclData,0.31
02:36:03.478,20657,Unknown,NetconfSession::getData,37.3
02:36:03.515,20657,Unknown,GclParser::parseOperationalGclData,0.29
02:36:03.516,20635,vstsn01,NetconfSession::editData,29.36
02:36:03.546,20635,vstsn01,NetconfSession::commit,46.16
02:35:19.168,21198,vstsn01,CncServiceImpl::SetNodeSchedule,44423.63
02:36:03.592,20635,vstsn01,NetconfSession::getData,104.35
02:36:03.696,20635,vstsn01,GclParser::parseOperationalGclData,0.25
02:36:03.697,20646,Unknown,NetconfSession::getData,80.45
02:36:03.777,20646,Unknown,GclParser::parseOperationalGclData,0.28
02:36:03.778,20657,Unknown,NetconfSession::getData,34.84
02:36:03.813,20657,Unknown,GclParser::parseOperationalGclData,0.15
02:36:03.813,20635,vstsn01,NetconfSession::editData,29.6
02:36:03.843,20635,vstsn01,NetconfSession::commit,45.07
02:35:19.170,21200,vstsn01,CncServiceImpl::SetNodeSchedule,44718.67
02:36:03.888,20635,vstsn01,NetconfSession::getData,102.63
02:36:03.991,20635,vstsn01,GclParser::parseOperationalGclData,0.33
02:36:03.992,20646,Unknown,NetconfSession::getData,80.46
02:36:04.072,20646,Unknown,GclParser::parseOperationalGclData,0.32
02:36:04.073,20657,Unknown,NetconfSession::getData,39.68
02:36:04.113,20657,Unknown,GclParser::parseOperationalGclData,0.17
02:36:04.113,20635,vstsn01,NetconfSession::editData,29.17
02:36:04.142,20635,vstsn01,NetconfSession::commit,39.95
02:35:19.171,21202,vstsn01,CncServiceImpl::SetNodeSchedule,45011.21
02:36:04.183,20635,vstsn01,NetconfSession::getData,105.17
02:36:04.288,20635,vstsn01,GclParser::parseOperationalGclData,0.83
02:36:04.289,20646,Unknown,NetconfSession::getData,79.92
02:36:04.370,20646,Unknown,GclParser::parseOperationalGclData,0.9
02:36:04.371,20657,Unknown,NetconfSession::getData,39.68
02:36:04.411,20657,Unknown,GclParser::parseOperationalGclData,0.93
02:36:04.413,20635,vstsn01,NetconfSession::editData,32.11
02:36:04.445,20635,vstsn01,NetconfSession::commit,43.29
02:35:19.172,21204,vstsn01,CncServiceImpl::SetNodeSchedule,45315.93
02:36:04.488,20635,vstsn01,NetconfSession::getData,104.3
02:36:04.593,20635,vstsn01,GclParser::parseOperationalGclData,0.55
02:36:04.594,20646,Unknown,NetconfSession::getData,87.77
02:36:04.682,20646,Unknown,GclParser::parseOperationalGclData,0.53
02:36:04.683,20657,Unknown,NetconfSession::getData,38.68
02:36:04.722,20657,Unknown,GclParser::parseOperationalGclData,0.3
