[2026-04-17 02:26:31.612092] | Thread:19365 | [CncServiceImpl::SetNodeSchedule] | Start setting node schedule for node: vstsn01
[2026-04-17 02:26:31.612159] | Thread:19365 | [NetworkManager::deployConfigToNode] | Start config deployment for node: vstsn01
[2026-04-17 02:26:31.612293] | Thread:19350 | [NetconfSession::editData] | Start edit-config with XML length: 3260
[2026-04-17 02:26:31.641633] | Thread:19350 | [NetconfSession::editData] | Finished edit-config with XML length: 3260
[2026-04-17 02:26:31.641660] | Thread:19350 | [NetconfSession::commit] | Start commit operation.
[2026-04-17 02:26:31.684050] | Thread:19350 | [NetconfSession::commit] | Finished commit operation.
[2026-04-17 02:26:31.684074] | Thread:19350 | [NetworkManager::deployConfigToNode] | Successfully deployed config for node: vstsn01
[2026-04-17 02:26:31.684127] | Thread:19365 | [CncServiceImpl::SetNodeSchedule] | Finished deploying config to node: vstsn01
[2026-04-17 02:26:31.684154] | Thread:19365 | [CncServiceImpl::SetNodeSchedule] | Finished setting node schedule (with verification) for node: vstsn01
[2026-04-17 02:26:32.612068] | Thread:19436 | [CncServiceImpl::SetNodeSchedule] | Start setting node schedule for node: vstsn01
[2026-04-17 02:26:32.612323] | Thread:19436 | [NetworkManager::deployConfigToNode] | Start config deployment for node: vstsn01
[2026-04-17 02:26:32.612653] | Thread:19350 | [NetconfSession::editData] | Start edit-config with XML length: 3260
[2026-04-17 02:26:32.614167] | Thread:19365 | [CncServiceImpl::SetNodeSchedule] | Start setting node schedule for node: vstsn01
[2026-04-17 02:26:32.643243] | Thread:19350 | [NetconfSession::editData] | Finished edit-config with XML length: 3260
[2026-04-17 02:26:32.643273] | Thread:19350 | [NetconfSession::commit] | Start commit operation.
[2026-04-17 02:26:32.684843] | Thread:19350 | [NetconfSession::commit] | Finished commit operation.
[2026-04-17 02:26:32.684866] | Thread:19350 | [NetworkManager::deployConfigToNode] | Successfully deployed config for node: vstsn01
[2026-04-17 02:26:32.684914] | Thread:19436 | [CncServiceImpl::SetNodeSchedule] | Finished deploying config to node: vstsn01
[2026-04-17 02:26:32.684951] | Thread:19436 | [CncServiceImpl::SetNodeSchedule] | Finished setting node schedule (with verification) for node: vstsn01
[2026-04-17 02:26:32.685003] | Thread:19365 | [NetworkManager::deployConfigToNode] | Start config deployment for node: vstsn01
[2026-04-17 02:26:32.685202] | Thread:19350 | [NetconfSession::editData] | Start edit-config with XML length: 3260
[2026-04-17 02:26:32.718800] | Thread:19350 | [NetconfSession::editData] | Finished edit-config with XML length: 3260
[2026-04-17 02:26:32.718842] | Thread:19350 | [NetconfSession::commit] | Start commit operation.
[2026-04-17 02:26:32.764568] | Thread:19350 | [NetconfSession::commit] | Finished commit operation.
[2026-04-17 02:26:32.764597] | Thread:19350 | [NetworkManager::deployConfigToNode] | Successfully deployed config for node: vstsn01
[2026-04-17 02:26:32.764675] | Thread:19365 | [CncServiceImpl::SetNodeSchedule] | Finished deploying config to node: vstsn01
[2026-04-17 02:26:32.764710] | Thread:19365 | [CncServiceImpl::SetNodeSchedule] | Finished setting node schedule (with verification) for node: vstsn01
[2026-04-17 02:26:33.616914] | Thread:19436 | [CncServiceImpl::SetNodeSchedule] | Start setting node schedule for node: vstsn01
[2026-04-17 02:26:33.617008] | Thread:19436 | [NetworkManager::deployConfigToNode] | Start config deployment for node: vstsn01
[2026-04-17 02:26:33.617125] | Thread:19350 | [NetconfSession::editData] | Start edit-config with XML length: 3260
[2026-04-17 02:26:33.617124] | Thread:19459 | [CncServiceImpl::SetNodeSchedule] | Start setting node schedule for node: vstsn01
[2026-04-17 02:26:33.617915] | Thread:19484 | [CncServiceImpl::SetNodeSchedule] | Start setting node schedule for node: vstsn01
[2026-04-17 02:26:33.648597] | Thread:19350 | [NetconfSession::editData] | Finished edit-config with XML length: 3260
[2026-04-17 02:26:33.648623] | Thread:19350 | [NetconfSession::commit] | Start commit operation.
[2026-04-17 02:26:33.691163] | Thread:19350 | [NetconfSession::commit] | Finished commit operation.
[2026-04-17 02:26:33.691192] | Thread:19350 | [NetworkManager::deployConfigToNode] | Successfully deployed config for node: vstsn01
[2026-04-17 02:26:33.691238] | Thread:19436 | [CncServiceImpl::SetNodeSchedule] | Finished deploying config to node: vstsn01
[2026-04-17 02:26:33.691264] | Thread:19436 | [CncServiceImpl::SetNodeSchedule] | Finished setting node schedule (with verification) for node: vstsn01
[2026-04-17 02:26:33.691303] | Thread:19459 | [NetworkManager::deployConfigToNode] | Start config deployment for node: vstsn01
[2026-04-17 02:26:33.691424] | Thread:19350 | [NetconfSession::editData] | Start edit-config with XML length: 3260
[2026-04-17 02:26:33.732865] | Thread:19350 | [NetconfSession::editData] | Finished edit-config with XML length: 3260
[2026-04-17 02:26:33.732888] | Thread:19350 | [NetconfSession::commit] | Start commit operation.
[2026-04-17 02:26:33.773866] | Thread:19350 | [NetconfSession::commit] | Finished commit operation.
[2026-04-17 02:26:33.773894] | Thread:19350 | [NetworkManager::deployConfigToNode] | Successfully deployed config for node: vstsn01
[2026-04-17 02:26:33.773935] | Thread:19459 | [CncServiceImpl::SetNodeSchedule] | Finished deploying config to node: vstsn01
[2026-04-17 02:26:33.773964] | Thread:19459 | [CncServiceImpl::SetNodeSchedule] | Finished setting node schedule (with verification) for node: vstsn01
[2026-04-17 02:26:33.774008] | Thread:19484 | [NetworkManager::deployConfigToNode] | Start config deployment for node: vstsn01
[2026-04-17 02:26:33.774124] | Thread:19350 | [NetconfSession::editData] | Start edit-config with XML length: 3260
[2026-04-17 02:26:33.801934] | Thread:19350 | [NetconfSession::editData] | Finished edit-config with XML length: 3260
[2026-04-17 02:26:33.801960] | Thread:19350 | [NetconfSession::commit] | Start commit operation.
[2026-04-17 02:26:33.844591] | Thread:19350 | [NetconfSession::commit] | Finished commit operation.
[2026-04-17 02:26:33.844633] | Thread:19350 | [NetworkManager::deployConfigToNode] | Successfully deployed config for node: vstsn01
[2026-04-17 02:26:33.844773] | Thread:19484 | [CncServiceImpl::SetNodeSchedule] | Finished deploying config to node: vstsn01
[2026-04-17 02:26:33.844824] | Thread:19484 | [CncServiceImpl::SetNodeSchedule] | Finished setting node schedule (with verification) for node: vstsn01
[2026-04-17 02:26:34.624612] | Thread:19485 | [CncServiceImpl::SetNodeSchedule] | Start setting node schedule for node: vstsn01
[2026-04-17 02:26:34.624799] | Thread:19485 | [NetworkManager::deployConfigToNode] | Start config deployment for node: vstsn01
[2026-04-17 02:26:34.625127] | Thread:19350 | [NetconfSession::editData] | Start edit-config with XML length: 3260
[2026-04-17 02:26:34.626269] | Thread:19436 | [CncServiceImpl::SetNodeSchedule] | Start setting node schedule for node: vstsn01
[2026-04-17 02:26:34.628935] | Thread:19501 | [CncServiceImpl::SetNodeSchedule] | Start setting node schedule for node: vstsn01
[2026-04-17 02:26:34.631223] | Thread:19502 | [CncServiceImpl::SetNodeSchedule] | Start setting node schedule for node: vstsn01
[2026-04-17 02:26:34.657500] | Thread:19350 | [NetconfSession::editData] | Finished edit-config with XML length: 3260
[2026-04-17 02:26:34.657535] | Thread:19350 | [NetconfSession::commit] | Start commit operation.
[2026-04-17 02:26:34.703484] | Thread:19350 | [NetconfSession::commit] | Finished commit operation.
[2026-04-17 02:26:34.703512] | Thread:19350 | [NetworkManager::deployConfigToNode] | Successfully deployed config for node: vstsn01
[2026-04-17 02:26:34.703594] | Thread:19485 | [CncServiceImpl::SetNodeSchedule] | Finished deploying config to node: vstsn01
[2026-04-17 02:26:34.703632] | Thread:19485 | [CncServiceImpl::SetNodeSchedule] | Finished setting node schedule (with verification) for node: vstsn01
[2026-04-17 02:26:34.703697] | Thread:19436 | [NetworkManager::deployConfigToNode] | Start config deployment for node: vstsn01
[2026-04-17 02:26:34.703858] | Thread:19350 | [NetconfSession::editData] | Start edit-config with XML length: 3260
[2026-04-17 02:26:34.734480] | Thread:19350 | [NetconfSession::editData] | Finished edit-config with XML length: 3260
[2026-04-17 02:26:34.734506] | Thread:19350 | [NetconfSession::commit] | Start commit operation.
[2026-04-17 02:26:34.776158] | Thread:19350 | [NetconfSession::commit] | Finished commit operation.
[2026-04-17 02:26:34.776183] | Thread:19350 | [NetworkManager::deployConfigToNode] | Successfully deployed config for node: vstsn01
[2026-04-17 02:26:34.776263] | Thread:19436 | [CncServiceImpl::SetNodeSchedule] | Finished deploying config to node: vstsn01
[2026-04-17 02:26:34.776322] | Thread:19436 | [CncServiceImpl::SetNodeSchedule] | Finished setting node schedule (with verification) for node: vstsn01
[2026-04-17 02:26:34.776369] | Thread:19501 | [NetworkManager::deployConfigToNode] | Start config deployment for node: vstsn01
[2026-04-17 02:26:34.776449] | Thread:19350 | [NetconfSession::editData] | Start edit-config with XML length: 3260
[2026-04-17 02:26:34.807719] | Thread:19350 | [NetconfSession::editData] | Finished edit-config with XML length: 3260
[2026-04-17 02:26:34.807737] | Thread:19350 | [NetconfSession::commit] | Start commit operation.
[2026-04-17 02:26:34.849938] | Thread:19350 | [NetconfSession::commit] | Finished commit operation.
[2026-04-17 02:26:34.849964] | Thread:19350 | [NetworkManager::deployConfigToNode] | Successfully deployed config for node: vstsn01
[2026-04-17 02:26:34.850023] | Thread:19501 | [CncServiceImpl::SetNodeSchedule] | Finished deploying config to node: vstsn01
[2026-04-17 02:26:34.850073] | Thread:19501 | [CncServiceImpl::SetNodeSchedule] | Finished setting node schedule (with verification) for node: vstsn01
[2026-04-17 02:26:34.850171] | Thread:19502 | [NetworkManager::deployConfigToNode] | Start config deployment for node: vstsn01
[2026-04-17 02:26:34.850342] | Thread:19350 | [NetconfSession::editData] | Start edit-config with XML length: 3260
[2026-04-17 02:26:34.879153] | Thread:19350 | [NetconfSession::editData] | Finished edit-config with XML length: 3260
[2026-04-17 02:26:34.879177] | Thread:19350 | [NetconfSession::commit] | Start commit operation.
[2026-04-17 02:26:34.926139] | Thread:19350 | [NetconfSession::commit] | Finished commit operation.
[2026-04-17 02:26:34.926171] | Thread:19350 | [NetworkManager::deployConfigToNode] | Successfully deployed config for node: vstsn01
[2026-04-17 02:26:34.926221] | Thread:19502 | [CncServiceImpl::SetNodeSchedule] | Finished deploying config to node: vstsn01
[2026-04-17 02:26:34.926266] | Thread:19502 | [CncServiceImpl::SetNodeSchedule] | Finished setting node schedule (with verification) for node: vstsn01
[2026-04-17 02:26:35.629255] | Thread:19503 | [CncServiceImpl::SetNodeSchedule] | Start setting node schedule for node: vstsn01
[2026-04-17 02:26:35.629316] | Thread:19503 | [NetworkManager::deployConfigToNode] | Start config deployment for node: vstsn01
[2026-04-17 02:26:35.629438] | Thread:19350 | [NetconfSession::editData] | Start edit-config with XML length: 3260
[2026-04-17 02:26:35.629515] | Thread:19485 | [CncServiceImpl::SetNodeSchedule] | Start setting node schedule for node: vstsn01
[2026-04-17 02:26:35.630071] | Thread:19525 | [CncServiceImpl::SetNodeSchedule] | Start setting node schedule for node: vstsn01
[2026-04-17 02:26:35.630947] | Thread:19526 | [CncServiceImpl::SetNodeSchedule] | Start setting node schedule for node: vstsn01
[2026-04-17 02:26:35.632142] | Thread:19527 | [CncServiceImpl::SetNodeSchedule] | Start setting node schedule for node: vstsn01
[2026-04-17 02:26:35.659987] | Thread:19350 | [NetconfSession::editData] | Finished edit-config with XML length: 3260
[2026-04-17 02:26:35.660018] | Thread:19350 | [NetconfSession::commit] | Start commit operation.
[2026-04-17 02:26:35.704731] | Thread:19350 | [NetconfSession::commit] | Finished commit operation.
[2026-04-17 02:26:35.704763] | Thread:19350 | [NetworkManager::deployConfigToNode] | Successfully deployed config for node: vstsn01
[2026-04-17 02:26:35.704818] | Thread:19503 | [CncServiceImpl::SetNodeSchedule] | Finished deploying config to node: vstsn01
[2026-04-17 02:26:35.704914] | Thread:19503 | [CncServiceImpl::SetNodeSchedule] | Finished setting node schedule (with verification) for node: vstsn01
[2026-04-17 02:26:35.704959] | Thread:19485 | [NetworkManager::deployConfigToNode] | Start config deployment for node: vstsn01
[2026-04-17 02:26:35.705098] | Thread:19350 | [NetconfSession::editData] | Start edit-config with XML length: 3260
[2026-04-17 02:26:35.737547] | Thread:19350 | [NetconfSession::editData] | Finished edit-config with XML length: 3260
[2026-04-17 02:26:35.737577] | Thread:19350 | [NetconfSession::commit] | Start commit operation.
[2026-04-17 02:26:35.778994] | Thread:19350 | [NetconfSession::commit] | Finished commit operation.
[2026-04-17 02:26:35.779040] | Thread:19350 | [NetworkManager::deployConfigToNode] | Successfully deployed config for node: vstsn01
[2026-04-17 02:26:35.779111] | Thread:19485 | [CncServiceImpl::SetNodeSchedule] | Finished deploying config to node: vstsn01
[2026-04-17 02:26:35.779147] | Thread:19485 | [CncServiceImpl::SetNodeSchedule] | Finished setting node schedule (with verification) for node: vstsn01
[2026-04-17 02:26:35.779258] | Thread:19525 | [NetworkManager::deployConfigToNode] | Start config deployment for node: vstsn01
[2026-04-17 02:26:35.779486] | Thread:19350 | [NetconfSession::editData] | Start edit-config with XML length: 3260
[2026-04-17 02:26:35.807846] | Thread:19350 | [NetconfSession::editData] | Finished edit-config with XML length: 3260
[2026-04-17 02:26:35.807871] | Thread:19350 | [NetconfSession::commit] | Start commit operation.
[2026-04-17 02:26:35.849880] | Thread:19350 | [NetconfSession::commit] | Finished commit operation.
[2026-04-17 02:26:35.849901] | Thread:19350 | [NetworkManager::deployConfigToNode] | Successfully deployed config for node: vstsn01
[2026-04-17 02:26:35.850028] | Thread:19525 | [CncServiceImpl::SetNodeSchedule] | Finished deploying config to node: vstsn01
[2026-04-17 02:26:35.850079] | Thread:19525 | [CncServiceImpl::SetNodeSchedule] | Finished setting node schedule (with verification) for node: vstsn01
[2026-04-17 02:26:35.850161] | Thread:19526 | [NetworkManager::deployConfigToNode] | Start config deployment for node: vstsn01
[2026-04-17 02:26:35.850349] | Thread:19350 | [NetconfSession::editData] | Start edit-config with XML length: 3260
[2026-04-17 02:26:35.880703] | Thread:19350 | [NetconfSession::editData] | Finished edit-config with XML length: 3260
[2026-04-17 02:26:35.880725] | Thread:19350 | [NetconfSession::commit] | Start commit operation.
[2026-04-17 02:26:35.922444] | Thread:19350 | [NetconfSession::commit] | Finished commit operation.
[2026-04-17 02:26:35.922463] | Thread:19350 | [NetworkManager::deployConfigToNode] | Successfully deployed config for node: vstsn01
[2026-04-17 02:26:35.922596] | Thread:19526 | [CncServiceImpl::SetNodeSchedule] | Finished deploying config to node: vstsn01
[2026-04-17 02:26:35.922658] | Thread:19526 | [CncServiceImpl::SetNodeSchedule] | Finished setting node schedule (with verification) for node: vstsn01
[2026-04-17 02:26:35.922691] | Thread:19527 | [NetworkManager::deployConfigToNode] | Start config deployment for node: vstsn01
[2026-04-17 02:26:35.922812] | Thread:19350 | [NetconfSession::editData] | Start edit-config with XML length: 3260
[2026-04-17 02:26:35.956013] | Thread:19350 | [NetconfSession::editData] | Finished edit-config with XML length: 3260
[2026-04-17 02:26:35.956042] | Thread:19350 | [NetconfSession::commit] | Start commit operation.
[2026-04-17 02:26:35.996554] | Thread:19350 | [NetconfSession::commit] | Finished commit operation.
[2026-04-17 02:26:35.996577] | Thread:19350 | [NetworkManager::deployConfigToNode] | Successfully deployed config for node: vstsn01
[2026-04-17 02:26:35.996629] | Thread:19527 | [CncServiceImpl::SetNodeSchedule] | Finished deploying config to node: vstsn01
[2026-04-17 02:26:35.996657] | Thread:19527 | [CncServiceImpl::SetNodeSchedule] | Finished setting node schedule (with verification) for node: vstsn01
[2026-04-17 02:26:36.635210] | Thread:19503 | [CncServiceImpl::SetNodeSchedule] | Start setting node schedule for node: vstsn01
[2026-04-17 02:26:36.635301] | Thread:19503 | [NetworkManager::deployConfigToNode] | Start config deployment for node: vstsn01
[2026-04-17 02:26:36.635460] | Thread:19350 | [NetconfSession::editData] | Start edit-config with XML length: 3260
[2026-04-17 02:26:36.635653] | Thread:19528 | [CncServiceImpl::SetNodeSchedule] | Start setting node schedule for node: vstsn01
[2026-04-17 02:26:36.636532] | Thread:19544 | [CncServiceImpl::SetNodeSchedule] | Start setting node schedule for node: vstsn01
[2026-04-17 02:26:36.637266] | Thread:19545 | [CncServiceImpl::SetNodeSchedule] | Start setting node schedule for node: vstsn01
[2026-04-17 02:26:36.638528] | Thread:19546 | [CncServiceImpl::SetNodeSchedule] | Start setting node schedule for node: vstsn01
[2026-04-17 02:26:36.639182] | Thread:19547 | [CncServiceImpl::SetNodeSchedule] | Start setting node schedule for node: vstsn01
[2026-04-17 02:26:36.667620] | Thread:19350 | [NetconfSession::editData] | Finished edit-config with XML length: 3260
[2026-04-17 02:26:36.667635] | Thread:19350 | [NetconfSession::commit] | Start commit operation.
[2026-04-17 02:26:36.710274] | Thread:19350 | [NetconfSession::commit] | Finished commit operation.
[2026-04-17 02:26:36.710309] | Thread:19350 | [NetworkManager::deployConfigToNode] | Successfully deployed config for node: vstsn01
[2026-04-17 02:26:36.710354] | Thread:19503 | [CncServiceImpl::SetNodeSchedule] | Finished deploying config to node: vstsn01
[2026-04-17 02:26:36.710396] | Thread:19503 | [CncServiceImpl::SetNodeSchedule] | Finished setting node schedule (with verification) for node: vstsn01
[2026-04-17 02:26:36.710479] | Thread:19528 | [NetworkManager::deployConfigToNode] | Start config deployment for node: vstsn01
[2026-04-17 02:26:36.710591] | Thread:19350 | [NetconfSession::editData] | Start edit-config with XML length: 3260
[2026-04-17 02:26:36.739538] | Thread:19350 | [NetconfSession::editData] | Finished edit-config with XML length: 3260
[2026-04-17 02:26:36.739571] | Thread:19350 | [NetconfSession::commit] | Start commit operation.
[2026-04-17 02:26:36.781128] | Thread:19350 | [NetconfSession::commit] | Finished commit operation.
[2026-04-17 02:26:36.781166] | Thread:19350 | [NetworkManager::deployConfigToNode] | Successfully deployed config for node: vstsn01
[2026-04-17 02:26:36.781212] | Thread:19528 | [CncServiceImpl::SetNodeSchedule] | Finished deploying config to node: vstsn01
[2026-04-17 02:26:36.781249] | Thread:19528 | [CncServiceImpl::SetNodeSchedule] | Finished setting node schedule (with verification) for node: vstsn01
[2026-04-17 02:26:36.781301] | Thread:19544 | [NetworkManager::deployConfigToNode] | Start config deployment for node: vstsn01
[2026-04-17 02:26:36.781391] | Thread:19350 | [NetconfSession::editData] | Start edit-config with XML length: 3260
[2026-04-17 02:26:36.810515] | Thread:19350 | [NetconfSession::editData] | Finished edit-config with XML length: 3260
[2026-04-17 02:26:36.810555] | Thread:19350 | [NetconfSession::commit] | Start commit operation.
[2026-04-17 02:26:36.851206] | Thread:19350 | [NetconfSession::commit] | Finished commit operation.
[2026-04-17 02:26:36.851241] | Thread:19350 | [NetworkManager::deployConfigToNode] | Successfully deployed config for node: vstsn01
[2026-04-17 02:26:36.851288] | Thread:19544 | [CncServiceImpl::SetNodeSchedule] | Finished deploying config to node: vstsn01
[2026-04-17 02:26:36.851335] | Thread:19544 | [CncServiceImpl::SetNodeSchedule] | Finished setting node schedule (with verification) for node: vstsn01
[2026-04-17 02:26:36.851395] | Thread:19545 | [NetworkManager::deployConfigToNode] | Start config deployment for node: vstsn01
[2026-04-17 02:26:36.851524] | Thread:19350 | [NetconfSession::editData] | Start edit-config with XML length: 3260
[2026-04-17 02:26:36.883075] | Thread:19350 | [NetconfSession::editData] | Finished edit-config with XML length: 3260
[2026-04-17 02:26:36.883096] | Thread:19350 | [NetconfSession::commit] | Start commit operation.
[2026-04-17 02:26:36.925272] | Thread:19350 | [NetconfSession::commit] | Finished commit operation.
[2026-04-17 02:26:36.925300] | Thread:19350 | [NetworkManager::deployConfigToNode] | Successfully deployed config for node: vstsn01
[2026-04-17 02:26:36.925351] | Thread:19545 | [CncServiceImpl::SetNodeSchedule] | Finished deploying config to node: vstsn01
[2026-04-17 02:26:36.925399] | Thread:19545 | [CncServiceImpl::SetNodeSchedule] | Finished setting node schedule (with verification) for node: vstsn01
[2026-04-17 02:26:36.925454] | Thread:19546 | [NetworkManager::deployConfigToNode] | Start config deployment for node: vstsn01
[2026-04-17 02:26:36.925669] | Thread:19350 | [NetconfSession::editData] | Start edit-config with XML length: 3260
[2026-04-17 02:26:36.955449] | Thread:19350 | [NetconfSession::editData] | Finished edit-config with XML length: 3260
[2026-04-17 02:26:36.955480] | Thread:19350 | [NetconfSession::commit] | Start commit operation.
[2026-04-17 02:26:37.000933] | Thread:19350 | [NetconfSession::commit] | Finished commit operation.
[2026-04-17 02:26:37.000958] | Thread:19350 | [NetworkManager::deployConfigToNode] | Successfully deployed config for node: vstsn01
[2026-04-17 02:26:37.000997] | Thread:19546 | [CncServiceImpl::SetNodeSchedule] | Finished deploying config to node: vstsn01
[2026-04-17 02:26:37.001020] | Thread:19546 | [CncServiceImpl::SetNodeSchedule] | Finished setting node schedule (with verification) for node: vstsn01
[2026-04-17 02:26:37.001103] | Thread:19547 | [NetworkManager::deployConfigToNode] | Start config deployment for node: vstsn01
[2026-04-17 02:26:37.001260] | Thread:19350 | [NetconfSession::editData] | Start edit-config with XML length: 3260
[2026-04-17 02:26:37.030318] | Thread:19350 | [NetconfSession::editData] | Finished edit-config with XML length: 3260
[2026-04-17 02:26:37.030345] | Thread:19350 | [NetconfSession::commit] | Start commit operation.
[2026-04-17 02:26:37.070647] | Thread:19350 | [NetconfSession::commit] | Finished commit operation.
[2026-04-17 02:26:37.070678] | Thread:19350 | [NetworkManager::deployConfigToNode] | Successfully deployed config for node: vstsn01
[2026-04-17 02:26:37.070736] | Thread:19547 | [CncServiceImpl::SetNodeSchedule] | Finished deploying config to node: vstsn01
[2026-04-17 02:26:37.070771] | Thread:19547 | [CncServiceImpl::SetNodeSchedule] | Finished setting node schedule (with verification) for node: vstsn01
[2026-04-17 02:26:37.639461] | Thread:19548 | [CncServiceImpl::SetNodeSchedule] | Start setting node schedule for node: vstsn01
[2026-04-17 02:26:37.639540] | Thread:19548 | [NetworkManager::deployConfigToNode] | Start config deployment for node: vstsn01
[2026-04-17 02:26:37.639651] | Thread:19350 | [NetconfSession::editData] | Start edit-config with XML length: 3260
[2026-04-17 02:26:37.639786] | Thread:19503 | [CncServiceImpl::SetNodeSchedule] | Start setting node schedule for node: vstsn01
[2026-04-17 02:26:37.640534] | Thread:19570 | [CncServiceImpl::SetNodeSchedule] | Start setting node schedule for node: vstsn01
[2026-04-17 02:26:37.641299] | Thread:19571 | [CncServiceImpl::SetNodeSchedule] | Start setting node schedule for node: vstsn01
[2026-04-17 02:26:37.641901] | Thread:19572 | [CncServiceImpl::SetNodeSchedule] | Start setting node schedule for node: vstsn01
[2026-04-17 02:26:37.642741] | Thread:19573 | [CncServiceImpl::SetNodeSchedule] | Start setting node schedule for node: vstsn01
[2026-04-17 02:26:37.643183] | Thread:19574 | [CncServiceImpl::SetNodeSchedule] | Start setting node schedule for node: vstsn01
[2026-04-17 02:26:37.668424] | Thread:19350 | [NetconfSession::editData] | Finished edit-config with XML length: 3260
[2026-04-17 02:26:37.668445] | Thread:19350 | [NetconfSession::commit] | Start commit operation.
[2026-04-17 02:26:37.710583] | Thread:19350 | [NetconfSession::commit] | Finished commit operation.
[2026-04-17 02:26:37.710608] | Thread:19350 | [NetworkManager::deployConfigToNode] | Successfully deployed config for node: vstsn01
[2026-04-17 02:26:37.710635] | Thread:19548 | [CncServiceImpl::SetNodeSchedule] | Finished deploying config to node: vstsn01
[2026-04-17 02:26:37.710656] | Thread:19548 | [CncServiceImpl::SetNodeSchedule] | Finished setting node schedule (with verification) for node: vstsn01
[2026-04-17 02:26:37.710710] | Thread:19503 | [NetworkManager::deployConfigToNode] | Start config deployment for node: vstsn01
[2026-04-17 02:26:37.710835] | Thread:19350 | [NetconfSession::editData] | Start edit-config with XML length: 3260
[2026-04-17 02:26:37.740181] | Thread:19350 | [NetconfSession::editData] | Finished edit-config with XML length: 3260
[2026-04-17 02:26:37.740208] | Thread:19350 | [NetconfSession::commit] | Start commit operation.
[2026-04-17 02:26:37.780863] | Thread:19350 | [NetconfSession::commit] | Finished commit operation.
[2026-04-17 02:26:37.780886] | Thread:19350 | [NetworkManager::deployConfigToNode] | Successfully deployed config for node: vstsn01
[2026-04-17 02:26:37.780977] | Thread:19503 | [CncServiceImpl::SetNodeSchedule] | Finished deploying config to node: vstsn01
[2026-04-17 02:26:37.781023] | Thread:19503 | [CncServiceImpl::SetNodeSchedule] | Finished setting node schedule (with verification) for node: vstsn01
[2026-04-17 02:26:37.781071] | Thread:19570 | [NetworkManager::deployConfigToNode] | Start config deployment for node: vstsn01
[2026-04-17 02:26:37.781153] | Thread:19350 | [NetconfSession::editData] | Start edit-config with XML length: 3260
[2026-04-17 02:26:37.810351] | Thread:19350 | [NetconfSession::editData] | Finished edit-config with XML length: 3260
[2026-04-17 02:26:37.810379] | Thread:19350 | [NetconfSession::commit] | Start commit operation.
[2026-04-17 02:26:37.854014] | Thread:19350 | [NetconfSession::commit] | Finished commit operation.
[2026-04-17 02:26:37.854042] | Thread:19350 | [NetworkManager::deployConfigToNode] | Successfully deployed config for node: vstsn01
[2026-04-17 02:26:37.854096] | Thread:19570 | [CncServiceImpl::SetNodeSchedule] | Finished deploying config to node: vstsn01
[2026-04-17 02:26:37.854160] | Thread:19570 | [CncServiceImpl::SetNodeSchedule] | Finished setting node schedule (with verification) for node: vstsn01
[2026-04-17 02:26:37.854219] | Thread:19571 | [NetworkManager::deployConfigToNode] | Start config deployment for node: vstsn01
[2026-04-17 02:26:37.854366] | Thread:19350 | [NetconfSession::editData] | Start edit-config with XML length: 3260
[2026-04-17 02:26:37.885656] | Thread:19350 | [NetconfSession::editData] | Finished edit-config with XML length: 3260
[2026-04-17 02:26:37.885683] | Thread:19350 | [NetconfSession::commit] | Start commit operation.
[2026-04-17 02:26:37.926758] | Thread:19350 | [NetconfSession::commit] | Finished commit operation.
[2026-04-17 02:26:37.926787] | Thread:19350 | [NetworkManager::deployConfigToNode] | Successfully deployed config for node: vstsn01
[2026-04-17 02:26:37.926868] | Thread:19571 | [CncServiceImpl::SetNodeSchedule] | Finished deploying config to node: vstsn01
[2026-04-17 02:26:37.926945] | Thread:19571 | [CncServiceImpl::SetNodeSchedule] | Finished setting node schedule (with verification) for node: vstsn01
[2026-04-17 02:26:37.927012] | Thread:19572 | [NetworkManager::deployConfigToNode] | Start config deployment for node: vstsn01
[2026-04-17 02:26:37.927139] | Thread:19350 | [NetconfSession::editData] | Start edit-config with XML length: 3260
[2026-04-17 02:26:37.954364] | Thread:19350 | [NetconfSession::editData] | Finished edit-config with XML length: 3260
[2026-04-17 02:26:37.954400] | Thread:19350 | [NetconfSession::commit] | Start commit operation.
[2026-04-17 02:26:37.995675] | Thread:19350 | [NetconfSession::commit] | Finished commit operation.
[2026-04-17 02:26:37.995703] | Thread:19350 | [NetworkManager::deployConfigToNode] | Successfully deployed config for node: vstsn01
[2026-04-17 02:26:37.995756] | Thread:19572 | [CncServiceImpl::SetNodeSchedule] | Finished deploying config to node: vstsn01
[2026-04-17 02:26:37.995784] | Thread:19572 | [CncServiceImpl::SetNodeSchedule] | Finished setting node schedule (with verification) for node: vstsn01
[2026-04-17 02:26:37.995839] | Thread:19573 | [NetworkManager::deployConfigToNode] | Start config deployment for node: vstsn01
[2026-04-17 02:26:37.995933] | Thread:19350 | [NetconfSession::editData] | Start edit-config with XML length: 3260
[2026-04-17 02:26:38.028684] | Thread:19350 | [NetconfSession::editData] | Finished edit-config with XML length: 3260
[2026-04-17 02:26:38.028718] | Thread:19350 | [NetconfSession::commit] | Start commit operation.
[2026-04-17 02:26:38.070878] | Thread:19350 | [NetconfSession::commit] | Finished commit operation.
[2026-04-17 02:26:38.070910] | Thread:19350 | [NetworkManager::deployConfigToNode] | Successfully deployed config for node: vstsn01
[2026-04-17 02:26:38.070962] | Thread:19573 | [CncServiceImpl::SetNodeSchedule] | Finished deploying config to node: vstsn01
[2026-04-17 02:26:38.071015] | Thread:19573 | [CncServiceImpl::SetNodeSchedule] | Finished setting node schedule (with verification) for node: vstsn01
[2026-04-17 02:26:38.071067] | Thread:19574 | [NetworkManager::deployConfigToNode] | Start config deployment for node: vstsn01
[2026-04-17 02:26:38.071200] | Thread:19350 | [NetconfSession::editData] | Start edit-config with XML length: 3260
[2026-04-17 02:26:38.107358] | Thread:19350 | [NetconfSession::editData] | Finished edit-config with XML length: 3260
[2026-04-17 02:26:38.107387] | Thread:19350 | [NetconfSession::commit] | Start commit operation.
[2026-04-17 02:26:38.149814] | Thread:19350 | [NetconfSession::commit] | Finished commit operation.
[2026-04-17 02:26:38.149836] | Thread:19350 | [NetworkManager::deployConfigToNode] | Successfully deployed config for node: vstsn01
[2026-04-17 02:26:38.149898] | Thread:19574 | [CncServiceImpl::SetNodeSchedule] | Finished deploying config to node: vstsn01
[2026-04-17 02:26:38.149927] | Thread:19574 | [CncServiceImpl::SetNodeSchedule] | Finished setting node schedule (with verification) for node: vstsn01
[2026-04-17 02:26:38.644991] | Thread:19575 | [CncServiceImpl::SetNodeSchedule] | Start setting node schedule for node: vstsn01
[2026-04-17 02:26:38.645078] | Thread:19575 | [NetworkManager::deployConfigToNode] | Start config deployment for node: vstsn01
[2026-04-17 02:26:38.645147] | Thread:19350 | [NetconfSession::editData] | Start edit-config with XML length: 3260
[2026-04-17 02:26:38.645210] | Thread:19548 | [CncServiceImpl::SetNodeSchedule] | Start setting node schedule for node: vstsn01
[2026-04-17 02:26:38.646027] | Thread:19591 | [CncServiceImpl::SetNodeSchedule] | Start setting node schedule for node: vstsn01
[2026-04-17 02:26:38.646849] | Thread:19592 | [CncServiceImpl::SetNodeSchedule] | Start setting node schedule for node: vstsn01
[2026-04-17 02:26:38.647613] | Thread:19593 | [CncServiceImpl::SetNodeSchedule] | Start setting node schedule for node: vstsn01
[2026-04-17 02:26:38.648333] | Thread:19594 | [CncServiceImpl::SetNodeSchedule] | Start setting node schedule for node: vstsn01
[2026-04-17 02:26:38.648866] | Thread:19595 | [CncServiceImpl::SetNodeSchedule] | Start setting node schedule for node: vstsn01
[2026-04-17 02:26:38.650817] | Thread:19596 | [CncServiceImpl::SetNodeSchedule] | Start setting node schedule for node: vstsn01
[2026-04-17 02:26:38.673471] | Thread:19350 | [NetconfSession::editData] | Finished edit-config with XML length: 3260
[2026-04-17 02:26:38.673500] | Thread:19350 | [NetconfSession::commit] | Start commit operation.
[2026-04-17 02:26:38.715571] | Thread:19350 | [NetconfSession::commit] | Finished commit operation.
[2026-04-17 02:26:38.715596] | Thread:19350 | [NetworkManager::deployConfigToNode] | Successfully deployed config for node: vstsn01
[2026-04-17 02:26:38.715656] | Thread:19575 | [CncServiceImpl::SetNodeSchedule] | Finished deploying config to node: vstsn01
[2026-04-17 02:26:38.715689] | Thread:19575 | [CncServiceImpl::SetNodeSchedule] | Finished setting node schedule (with verification) for node: vstsn01
[2026-04-17 02:26:38.715725] | Thread:19548 | [NetworkManager::deployConfigToNode] | Start config deployment for node: vstsn01
[2026-04-17 02:26:38.715821] | Thread:19350 | [NetconfSession::editData] | Start edit-config with XML length: 3260
[2026-04-17 02:26:38.746121] | Thread:19350 | [NetconfSession::editData] | Finished edit-config with XML length: 3260
[2026-04-17 02:26:38.746144] | Thread:19350 | [NetconfSession::commit] | Start commit operation.
[2026-04-17 02:26:38.786474] | Thread:19350 | [NetconfSession::commit] | Finished commit operation.
[2026-04-17 02:26:38.786502] | Thread:19350 | [NetworkManager::deployConfigToNode] | Successfully deployed config for node: vstsn01
[2026-04-17 02:26:38.786548] | Thread:19548 | [CncServiceImpl::SetNodeSchedule] | Finished deploying config to node: vstsn01
[2026-04-17 02:26:38.786563] | Thread:19548 | [CncServiceImpl::SetNodeSchedule] | Finished setting node schedule (with verification) for node: vstsn01
[2026-04-17 02:26:38.786612] | Thread:19591 | [NetworkManager::deployConfigToNode] | Start config deployment for node: vstsn01
[2026-04-17 02:26:38.786740] | Thread:19350 | [NetconfSession::editData] | Start edit-config with XML length: 3260
[2026-04-17 02:26:38.814237] | Thread:19350 | [NetconfSession::editData] | Finished edit-config with XML length: 3260
[2026-04-17 02:26:38.814260] | Thread:19350 | [NetconfSession::commit] | Start commit operation.
[2026-04-17 02:26:38.856069] | Thread:19350 | [NetconfSession::commit] | Finished commit operation.
[2026-04-17 02:26:38.856132] | Thread:19350 | [NetworkManager::deployConfigToNode] | Successfully deployed config for node: vstsn01
[2026-04-17 02:26:38.856273] | Thread:19591 | [CncServiceImpl::SetNodeSchedule] | Finished deploying config to node: vstsn01
[2026-04-17 02:26:38.856371] | Thread:19591 | [CncServiceImpl::SetNodeSchedule] | Finished setting node schedule (with verification) for node: vstsn01
[2026-04-17 02:26:38.856480] | Thread:19592 | [NetworkManager::deployConfigToNode] | Start config deployment for node: vstsn01
[2026-04-17 02:26:38.856836] | Thread:19350 | [NetconfSession::editData] | Start edit-config with XML length: 3260
[2026-04-17 02:26:38.889472] | Thread:19350 | [NetconfSession::editData] | Finished edit-config with XML length: 3260
[2026-04-17 02:26:38.889532] | Thread:19350 | [NetconfSession::commit] | Start commit operation.
[2026-04-17 02:26:38.932577] | Thread:19350 | [NetconfSession::commit] | Finished commit operation.
[2026-04-17 02:26:38.932621] | Thread:19350 | [NetworkManager::deployConfigToNode] | Successfully deployed config for node: vstsn01
[2026-04-17 02:26:38.932772] | Thread:19592 | [CncServiceImpl::SetNodeSchedule] | Finished deploying config to node: vstsn01
[2026-04-17 02:26:38.932887] | Thread:19592 | [CncServiceImpl::SetNodeSchedule] | Finished setting node schedule (with verification) for node: vstsn01
[2026-04-17 02:26:38.932994] | Thread:19593 | [NetworkManager::deployConfigToNode] | Start config deployment for node: vstsn01
[2026-04-17 02:26:38.933197] | Thread:19350 | [NetconfSession::editData] | Start edit-config with XML length: 3260
[2026-04-17 02:26:38.962958] | Thread:19350 | [NetconfSession::editData] | Finished edit-config with XML length: 3260
[2026-04-17 02:26:38.963005] | Thread:19350 | [NetconfSession::commit] | Start commit operation.
[2026-04-17 02:26:39.003559] | Thread:19350 | [NetconfSession::commit] | Finished commit operation.
[2026-04-17 02:26:39.003589] | Thread:19350 | [NetworkManager::deployConfigToNode] | Successfully deployed config for node: vstsn01
[2026-04-17 02:26:39.003637] | Thread:19593 | [CncServiceImpl::SetNodeSchedule] | Finished deploying config to node: vstsn01
[2026-04-17 02:26:39.003680] | Thread:19593 | [CncServiceImpl::SetNodeSchedule] | Finished setting node schedule (with verification) for node: vstsn01
[2026-04-17 02:26:39.003728] | Thread:19594 | [NetworkManager::deployConfigToNode] | Start config deployment for node: vstsn01
[2026-04-17 02:26:39.003860] | Thread:19350 | [NetconfSession::editData] | Start edit-config with XML length: 3260
[2026-04-17 02:26:39.058254] | Thread:19350 | [NetconfSession::editData] | Finished edit-config with XML length: 3260
[2026-04-17 02:26:39.058300] | Thread:19350 | [NetconfSession::commit] | Start commit operation.
[2026-04-17 02:26:39.099876] | Thread:19350 | [NetconfSession::commit] | Finished commit operation.
[2026-04-17 02:26:39.099905] | Thread:19350 | [NetworkManager::deployConfigToNode] | Successfully deployed config for node: vstsn01
[2026-04-17 02:26:39.099958] | Thread:19594 | [CncServiceImpl::SetNodeSchedule] | Finished deploying config to node: vstsn01
[2026-04-17 02:26:39.100017] | Thread:19594 | [CncServiceImpl::SetNodeSchedule] | Finished setting node schedule (with verification) for node: vstsn01
[2026-04-17 02:26:39.100096] | Thread:19595 | [NetworkManager::deployConfigToNode] | Start config deployment for node: vstsn01
[2026-04-17 02:26:39.100216] | Thread:19350 | [NetconfSession::editData] | Start edit-config with XML length: 3260
[2026-04-17 02:26:39.139565] | Thread:19350 | [NetconfSession::editData] | Finished edit-config with XML length: 3260
[2026-04-17 02:26:39.139599] | Thread:19350 | [NetconfSession::commit] | Start commit operation.
[2026-04-17 02:26:39.188154] | Thread:19350 | [NetconfSession::commit] | Finished commit operation.
[2026-04-17 02:26:39.188193] | Thread:19350 | [NetworkManager::deployConfigToNode] | Successfully deployed config for node: vstsn01
[2026-04-17 02:26:39.188238] | Thread:19595 | [CncServiceImpl::SetNodeSchedule] | Finished deploying config to node: vstsn01
[2026-04-17 02:26:39.188291] | Thread:19595 | [CncServiceImpl::SetNodeSchedule] | Finished setting node schedule (with verification) for node: vstsn01
[2026-04-17 02:26:39.188349] | Thread:19596 | [NetworkManager::deployConfigToNode] | Start config deployment for node: vstsn01
[2026-04-17 02:26:39.188479] | Thread:19350 | [NetconfSession::editData] | Start edit-config with XML length: 3260
[2026-04-17 02:26:39.222092] | Thread:19350 | [NetconfSession::editData] | Finished edit-config with XML length: 3260
[2026-04-17 02:26:39.222120] | Thread:19350 | [NetconfSession::commit] | Start commit operation.
[2026-04-17 02:26:39.262909] | Thread:19350 | [NetconfSession::commit] | Finished commit operation.
[2026-04-17 02:26:39.262939] | Thread:19350 | [NetworkManager::deployConfigToNode] | Successfully deployed config for node: vstsn01
[2026-04-17 02:26:39.262996] | Thread:19596 | [CncServiceImpl::SetNodeSchedule] | Finished deploying config to node: vstsn01
[2026-04-17 02:26:39.263019] | Thread:19596 | [CncServiceImpl::SetNodeSchedule] | Finished setting node schedule (with verification) for node: vstsn01
[2026-04-17 02:26:39.650239] | Thread:19575 | [CncServiceImpl::SetNodeSchedule] | Start setting node schedule for node: vstsn01
[2026-04-17 02:26:39.650302] | Thread:19575 | [NetworkManager::deployConfigToNode] | Start config deployment for node: vstsn01
[2026-04-17 02:26:39.650432] | Thread:19350 | [NetconfSession::editData] | Start edit-config with XML length: 3260
[2026-04-17 02:26:39.650651] | Thread:19597 | [CncServiceImpl::SetNodeSchedule] | Start setting node schedule for node: vstsn01
[2026-04-17 02:26:39.651496] | Thread:19610 | [CncServiceImpl::SetNodeSchedule] | Start setting node schedule for node: vstsn01
[2026-04-17 02:26:39.652436] | Thread:19611 | [CncServiceImpl::SetNodeSchedule] | Start setting node schedule for node: vstsn01
[2026-04-17 02:26:39.653194] | Thread:19612 | [CncServiceImpl::SetNodeSchedule] | Start setting node schedule for node: vstsn01
[2026-04-17 02:26:39.653805] | Thread:19613 | [CncServiceImpl::SetNodeSchedule] | Start setting node schedule for node: vstsn01
[2026-04-17 02:26:39.654517] | Thread:19614 | [CncServiceImpl::SetNodeSchedule] | Start setting node schedule for node: vstsn01
[2026-04-17 02:26:39.655319] | Thread:19615 | [CncServiceImpl::SetNodeSchedule] | Start setting node schedule for node: vstsn01
[2026-04-17 02:26:39.656037] | Thread:19616 | [CncServiceImpl::SetNodeSchedule] | Start setting node schedule for node: vstsn01
[2026-04-17 02:26:39.680245] | Thread:19350 | [NetconfSession::editData] | Finished edit-config with XML length: 3260
[2026-04-17 02:26:39.680269] | Thread:19350 | [NetconfSession::commit] | Start commit operation.
[2026-04-17 02:26:39.722368] | Thread:19350 | [NetconfSession::commit] | Finished commit operation.
[2026-04-17 02:26:39.722398] | Thread:19350 | [NetworkManager::deployConfigToNode] | Successfully deployed config for node: vstsn01
[2026-04-17 02:26:39.722449] | Thread:19575 | [CncServiceImpl::SetNodeSchedule] | Finished deploying config to node: vstsn01
[2026-04-17 02:26:39.722501] | Thread:19575 | [CncServiceImpl::SetNodeSchedule] | Finished setting node schedule (with verification) for node: vstsn01
[2026-04-17 02:26:39.722560] | Thread:19597 | [NetworkManager::deployConfigToNode] | Start config deployment for node: vstsn01
[2026-04-17 02:26:39.722668] | Thread:19350 | [NetconfSession::editData] | Start edit-config with XML length: 3260
[2026-04-17 02:26:39.751423] | Thread:19350 | [NetconfSession::editData] | Finished edit-config with XML length: 3260
[2026-04-17 02:26:39.751448] | Thread:19350 | [NetconfSession::commit] | Start commit operation.
[2026-04-17 02:26:39.793804] | Thread:19350 | [NetconfSession::commit] | Finished commit operation.
[2026-04-17 02:26:39.793828] | Thread:19350 | [NetworkManager::deployConfigToNode] | Successfully deployed config for node: vstsn01
[2026-04-17 02:26:39.793907] | Thread:19597 | [CncServiceImpl::SetNodeSchedule] | Finished deploying config to node: vstsn01
[2026-04-17 02:26:39.794027] | Thread:19597 | [CncServiceImpl::SetNodeSchedule] | Finished setting node schedule (with verification) for node: vstsn01
[2026-04-17 02:26:39.794180] | Thread:19610 | [NetworkManager::deployConfigToNode] | Start config deployment for node: vstsn01
[2026-04-17 02:26:39.794326] | Thread:19350 | [NetconfSession::editData] | Start edit-config with XML length: 3260
[2026-04-17 02:26:39.824170] | Thread:19350 | [NetconfSession::editData] | Finished edit-config with XML length: 3260
[2026-04-17 02:26:39.824193] | Thread:19350 | [NetconfSession::commit] | Start commit operation.
[2026-04-17 02:26:39.876724] | Thread:19350 | [NetconfSession::commit] | Finished commit operation.
[2026-04-17 02:26:39.876745] | Thread:19350 | [NetworkManager::deployConfigToNode] | Successfully deployed config for node: vstsn01
[2026-04-17 02:26:39.876881] | Thread:19610 | [CncServiceImpl::SetNodeSchedule] | Finished deploying config to node: vstsn01
[2026-04-17 02:26:39.876920] | Thread:19610 | [CncServiceImpl::SetNodeSchedule] | Finished setting node schedule (with verification) for node: vstsn01
[2026-04-17 02:26:39.876972] | Thread:19611 | [NetworkManager::deployConfigToNode] | Start config deployment for node: vstsn01
[2026-04-17 02:26:39.877099] | Thread:19350 | [NetconfSession::editData] | Start edit-config with XML length: 3260
[2026-04-17 02:26:39.911092] | Thread:19350 | [NetconfSession::editData] | Finished edit-config with XML length: 3260
[2026-04-17 02:26:39.911116] | Thread:19350 | [NetconfSession::commit] | Start commit operation.
[2026-04-17 02:26:39.968097] | Thread:19350 | [NetconfSession::commit] | Finished commit operation.
[2026-04-17 02:26:39.968121] | Thread:19350 | [NetworkManager::deployConfigToNode] | Successfully deployed config for node: vstsn01
[2026-04-17 02:26:39.968175] | Thread:19611 | [CncServiceImpl::SetNodeSchedule] | Finished deploying config to node: vstsn01
[2026-04-17 02:26:39.968201] | Thread:19611 | [CncServiceImpl::SetNodeSchedule] | Finished setting node schedule (with verification) for node: vstsn01
[2026-04-17 02:26:39.968255] | Thread:19612 | [NetworkManager::deployConfigToNode] | Start config deployment for node: vstsn01
[2026-04-17 02:26:39.968417] | Thread:19350 | [NetconfSession::editData] | Start edit-config with XML length: 3260
[2026-04-17 02:26:39.998429] | Thread:19350 | [NetconfSession::editData] | Finished edit-config with XML length: 3260
[2026-04-17 02:26:39.998455] | Thread:19350 | [NetconfSession::commit] | Start commit operation.
[2026-04-17 02:26:40.038474] | Thread:19350 | [NetconfSession::commit] | Finished commit operation.
[2026-04-17 02:26:40.038509] | Thread:19350 | [NetworkManager::deployConfigToNode] | Successfully deployed config for node: vstsn01
[2026-04-17 02:26:40.038581] | Thread:19612 | [CncServiceImpl::SetNodeSchedule] | Finished deploying config to node: vstsn01
[2026-04-17 02:26:40.038612] | Thread:19612 | [CncServiceImpl::SetNodeSchedule] | Finished setting node schedule (with verification) for node: vstsn01
[2026-04-17 02:26:40.038653] | Thread:19613 | [NetworkManager::deployConfigToNode] | Start config deployment for node: vstsn01
[2026-04-17 02:26:40.038772] | Thread:19350 | [NetconfSession::editData] | Start edit-config with XML length: 3260
[2026-04-17 02:26:40.067423] | Thread:19350 | [NetconfSession::editData] | Finished edit-config with XML length: 3260
[2026-04-17 02:26:40.067447] | Thread:19350 | [NetconfSession::commit] | Start commit operation.
[2026-04-17 02:26:40.109450] | Thread:19350 | [NetconfSession::commit] | Finished commit operation.
[2026-04-17 02:26:40.109476] | Thread:19350 | [NetworkManager::deployConfigToNode] | Successfully deployed config for node: vstsn01
[2026-04-17 02:26:40.109616] | Thread:19613 | [CncServiceImpl::SetNodeSchedule] | Finished deploying config to node: vstsn01
[2026-04-17 02:26:40.109653] | Thread:19613 | [CncServiceImpl::SetNodeSchedule] | Finished setting node schedule (with verification) for node: vstsn01
[2026-04-17 02:26:40.109697] | Thread:19614 | [NetworkManager::deployConfigToNode] | Start config deployment for node: vstsn01
[2026-04-17 02:26:40.109804] | Thread:19350 | [NetconfSession::editData] | Start edit-config with XML length: 3260
[2026-04-17 02:26:40.140948] | Thread:19350 | [NetconfSession::editData] | Finished edit-config with XML length: 3260
[2026-04-17 02:26:40.140975] | Thread:19350 | [NetconfSession::commit] | Start commit operation.
[2026-04-17 02:26:40.180506] | Thread:19350 | [NetconfSession::commit] | Finished commit operation.
[2026-04-17 02:26:40.180539] | Thread:19350 | [NetworkManager::deployConfigToNode] | Successfully deployed config for node: vstsn01
[2026-04-17 02:26:40.180652] | Thread:19614 | [CncServiceImpl::SetNodeSchedule] | Finished deploying config to node: vstsn01
[2026-04-17 02:26:40.180788] | Thread:19614 | [CncServiceImpl::SetNodeSchedule] | Finished setting node schedule (with verification) for node: vstsn01
[2026-04-17 02:26:40.180860] | Thread:19615 | [NetworkManager::deployConfigToNode] | Start config deployment for node: vstsn01
[2026-04-17 02:26:40.180987] | Thread:19350 | [NetconfSession::editData] | Start edit-config with XML length: 3260
[2026-04-17 02:26:40.209109] | Thread:19350 | [NetconfSession::editData] | Finished edit-config with XML length: 3260
[2026-04-17 02:26:40.209124] | Thread:19350 | [NetconfSession::commit] | Start commit operation.
[2026-04-17 02:26:40.250062] | Thread:19350 | [NetconfSession::commit] | Finished commit operation.
[2026-04-17 02:26:40.250078] | Thread:19350 | [NetworkManager::deployConfigToNode] | Successfully deployed config for node: vstsn01
[2026-04-17 02:26:40.250166] | Thread:19615 | [CncServiceImpl::SetNodeSchedule] | Finished deploying config to node: vstsn01
[2026-04-17 02:26:40.250212] | Thread:19615 | [CncServiceImpl::SetNodeSchedule] | Finished setting node schedule (with verification) for node: vstsn01
[2026-04-17 02:26:40.250257] | Thread:19616 | [NetworkManager::deployConfigToNode] | Start config deployment for node: vstsn01
[2026-04-17 02:26:40.250347] | Thread:19350 | [NetconfSession::editData] | Start edit-config with XML length: 3260
[2026-04-17 02:26:40.278980] | Thread:19350 | [NetconfSession::editData] | Finished edit-config with XML length: 3260
[2026-04-17 02:26:40.279012] | Thread:19350 | [NetconfSession::commit] | Start commit operation.
[2026-04-17 02:26:40.318940] | Thread:19350 | [NetconfSession::commit] | Finished commit operation.
[2026-04-17 02:26:40.318954] | Thread:19350 | [NetworkManager::deployConfigToNode] | Successfully deployed config for node: vstsn01
[2026-04-17 02:26:40.319042] | Thread:19616 | [CncServiceImpl::SetNodeSchedule] | Finished deploying config to node: vstsn01
[2026-04-17 02:26:40.319162] | Thread:19616 | [CncServiceImpl::SetNodeSchedule] | Finished setting node schedule (with verification) for node: vstsn01
[2026-04-17 02:26:40.652986] | Thread:19617 | [CncServiceImpl::SetNodeSchedule] | Start setting node schedule for node: vstsn01
[2026-04-17 02:26:40.653041] | Thread:19617 | [NetworkManager::deployConfigToNode] | Start config deployment for node: vstsn01
[2026-04-17 02:26:40.653150] | Thread:19350 | [NetconfSession::editData] | Start edit-config with XML length: 3260
[2026-04-17 02:26:40.653511] | Thread:19575 | [CncServiceImpl::SetNodeSchedule] | Start setting node schedule for node: vstsn01
[2026-04-17 02:26:40.654382] | Thread:19639 | [CncServiceImpl::SetNodeSchedule] | Start setting node schedule for node: vstsn01
[2026-04-17 02:26:40.655066] | Thread:19640 | [CncServiceImpl::SetNodeSchedule] | Start setting node schedule for node: vstsn01
[2026-04-17 02:26:40.655801] | Thread:19641 | [CncServiceImpl::SetNodeSchedule] | Start setting node schedule for node: vstsn01
[2026-04-17 02:26:40.656485] | Thread:19642 | [CncServiceImpl::SetNodeSchedule] | Start setting node schedule for node: vstsn01
[2026-04-17 02:26:40.656994] | Thread:19643 | [CncServiceImpl::SetNodeSchedule] | Start setting node schedule for node: vstsn01
[2026-04-17 02:26:40.657674] | Thread:19644 | [CncServiceImpl::SetNodeSchedule] | Start setting node schedule for node: vstsn01
[2026-04-17 02:26:40.658702] | Thread:19645 | [CncServiceImpl::SetNodeSchedule] | Start setting node schedule for node: vstsn01
[2026-04-17 02:26:40.658929] | Thread:19646 | [CncServiceImpl::SetNodeSchedule] | Start setting node schedule for node: vstsn01
[2026-04-17 02:26:40.681606] | Thread:19350 | [NetconfSession::editData] | Finished edit-config with XML length: 3260
[2026-04-17 02:26:40.681627] | Thread:19350 | [NetconfSession::commit] | Start commit operation.
[2026-04-17 02:26:40.724794] | Thread:19350 | [NetconfSession::commit] | Finished commit operation.
[2026-04-17 02:26:40.724832] | Thread:19350 | [NetworkManager::deployConfigToNode] | Successfully deployed config for node: vstsn01
[2026-04-17 02:26:40.724952] | Thread:19617 | [CncServiceImpl::SetNodeSchedule] | Finished deploying config to node: vstsn01
[2026-04-17 02:26:40.724984] | Thread:19617 | [CncServiceImpl::SetNodeSchedule] | Finished setting node schedule (with verification) for node: vstsn01
[2026-04-17 02:26:40.725045] | Thread:19575 | [NetworkManager::deployConfigToNode] | Start config deployment for node: vstsn01
[2026-04-17 02:26:40.725170] | Thread:19350 | [NetconfSession::editData] | Start edit-config with XML length: 3260
[2026-04-17 02:26:40.755003] | Thread:19350 | [NetconfSession::editData] | Finished edit-config with XML length: 3260
[2026-04-17 02:26:40.755035] | Thread:19350 | [NetconfSession::commit] | Start commit operation.
[2026-04-17 02:26:40.795642] | Thread:19350 | [NetconfSession::commit] | Finished commit operation.
[2026-04-17 02:26:40.795665] | Thread:19350 | [NetworkManager::deployConfigToNode] | Successfully deployed config for node: vstsn01
[2026-04-17 02:26:40.795838] | Thread:19575 | [CncServiceImpl::SetNodeSchedule] | Finished deploying config to node: vstsn01
[2026-04-17 02:26:40.795906] | Thread:19575 | [CncServiceImpl::SetNodeSchedule] | Finished setting node schedule (with verification) for node: vstsn01
[2026-04-17 02:26:40.795949] | Thread:19639 | [NetworkManager::deployConfigToNode] | Start config deployment for node: vstsn01
[2026-04-17 02:26:40.796062] | Thread:19350 | [NetconfSession::editData] | Start edit-config with XML length: 3260
[2026-04-17 02:26:40.825071] | Thread:19350 | [NetconfSession::editData] | Finished edit-config with XML length: 3260
[2026-04-17 02:26:40.825096] | Thread:19350 | [NetconfSession::commit] | Start commit operation.
[2026-04-17 02:26:40.866134] | Thread:19350 | [NetconfSession::commit] | Finished commit operation.
[2026-04-17 02:26:40.866161] | Thread:19350 | [NetworkManager::deployConfigToNode] | Successfully deployed config for node: vstsn01
[2026-04-17 02:26:40.866321] | Thread:19639 | [CncServiceImpl::SetNodeSchedule] | Finished deploying config to node: vstsn01
[2026-04-17 02:26:40.866381] | Thread:19639 | [CncServiceImpl::SetNodeSchedule] | Finished setting node schedule (with verification) for node: vstsn01
[2026-04-17 02:26:40.866433] | Thread:19640 | [NetworkManager::deployConfigToNode] | Start config deployment for node: vstsn01
[2026-04-17 02:26:40.866536] | Thread:19350 | [NetconfSession::editData] | Start edit-config with XML length: 3260
[2026-04-17 02:26:40.894583] | Thread:19350 | [NetconfSession::editData] | Finished edit-config with XML length: 3260
[2026-04-17 02:26:40.894606] | Thread:19350 | [NetconfSession::commit] | Start commit operation.
[2026-04-17 02:26:40.935715] | Thread:19350 | [NetconfSession::commit] | Finished commit operation.
[2026-04-17 02:26:40.935740] | Thread:19350 | [NetworkManager::deployConfigToNode] | Successfully deployed config for node: vstsn01
[2026-04-17 02:26:40.935887] | Thread:19640 | [CncServiceImpl::SetNodeSchedule] | Finished deploying config to node: vstsn01
[2026-04-17 02:26:40.935927] | Thread:19640 | [CncServiceImpl::SetNodeSchedule] | Finished setting node schedule (with verification) for node: vstsn01
[2026-04-17 02:26:40.936001] | Thread:19641 | [NetworkManager::deployConfigToNode] | Start config deployment for node: vstsn01
[2026-04-17 02:26:40.936133] | Thread:19350 | [NetconfSession::editData] | Start edit-config with XML length: 3260
[2026-04-17 02:26:40.972249] | Thread:19350 | [NetconfSession::editData] | Finished edit-config with XML length: 3260
[2026-04-17 02:26:40.972284] | Thread:19350 | [NetconfSession::commit] | Start commit operation.
[2026-04-17 02:26:41.015926] | Thread:19350 | [NetconfSession::commit] | Finished commit operation.
[2026-04-17 02:26:41.015949] | Thread:19350 | [NetworkManager::deployConfigToNode] | Successfully deployed config for node: vstsn01
[2026-04-17 02:26:41.016004] | Thread:19641 | [CncServiceImpl::SetNodeSchedule] | Finished deploying config to node: vstsn01
[2026-04-17 02:26:41.016074] | Thread:19641 | [CncServiceImpl::SetNodeSchedule] | Finished setting node schedule (with verification) for node: vstsn01
[2026-04-17 02:26:41.016131] | Thread:19642 | [NetworkManager::deployConfigToNode] | Start config deployment for node: vstsn01
[2026-04-17 02:26:41.016224] | Thread:19350 | [NetconfSession::editData] | Start edit-config with XML length: 3260
[2026-04-17 02:26:41.046406] | Thread:19350 | [NetconfSession::editData] | Finished edit-config with XML length: 3260
[2026-04-17 02:26:41.046447] | Thread:19350 | [NetconfSession::commit] | Start commit operation.
[2026-04-17 02:26:41.096587] | Thread:19350 | [NetconfSession::commit] | Finished commit operation.
[2026-04-17 02:26:41.096613] | Thread:19350 | [NetworkManager::deployConfigToNode] | Successfully deployed config for node: vstsn01
[2026-04-17 02:26:41.096677] | Thread:19642 | [CncServiceImpl::SetNodeSchedule] | Finished deploying config to node: vstsn01
[2026-04-17 02:26:41.096756] | Thread:19642 | [CncServiceImpl::SetNodeSchedule] | Finished setting node schedule (with verification) for node: vstsn01
[2026-04-17 02:26:41.096851] | Thread:19643 | [NetworkManager::deployConfigToNode] | Start config deployment for node: vstsn01
[2026-04-17 02:26:41.097013] | Thread:19350 | [NetconfSession::editData] | Start edit-config with XML length: 3260
[2026-04-17 02:26:41.124619] | Thread:19350 | [NetconfSession::editData] | Finished edit-config with XML length: 3260
[2026-04-17 02:26:41.124656] | Thread:19350 | [NetconfSession::commit] | Start commit operation.
[2026-04-17 02:26:41.167164] | Thread:19350 | [NetconfSession::commit] | Finished commit operation.
[2026-04-17 02:26:41.167192] | Thread:19350 | [NetworkManager::deployConfigToNode] | Successfully deployed config for node: vstsn01
[2026-04-17 02:26:41.167229] | Thread:19643 | [CncServiceImpl::SetNodeSchedule] | Finished deploying config to node: vstsn01
[2026-04-17 02:26:41.167254] | Thread:19643 | [CncServiceImpl::SetNodeSchedule] | Finished setting node schedule (with verification) for node: vstsn01
[2026-04-17 02:26:41.167307] | Thread:19644 | [NetworkManager::deployConfigToNode] | Start config deployment for node: vstsn01
[2026-04-17 02:26:41.167500] | Thread:19350 | [NetconfSession::editData] | Start edit-config with XML length: 3260
[2026-04-17 02:26:41.211288] | Thread:19350 | [NetconfSession::editData] | Finished edit-config with XML length: 3260
[2026-04-17 02:26:41.211314] | Thread:19350 | [NetconfSession::commit] | Start commit operation.
[2026-04-17 02:26:41.250585] | Thread:19350 | [NetconfSession::commit] | Finished commit operation.
[2026-04-17 02:26:41.250615] | Thread:19350 | [NetworkManager::deployConfigToNode] | Successfully deployed config for node: vstsn01
[2026-04-17 02:26:41.250674] | Thread:19644 | [CncServiceImpl::SetNodeSchedule] | Finished deploying config to node: vstsn01
[2026-04-17 02:26:41.250711] | Thread:19644 | [CncServiceImpl::SetNodeSchedule] | Finished setting node schedule (with verification) for node: vstsn01
[2026-04-17 02:26:41.250731] | Thread:19645 | [NetworkManager::deployConfigToNode] | Start config deployment for node: vstsn01
[2026-04-17 02:26:41.250835] | Thread:19350 | [NetconfSession::editData] | Start edit-config with XML length: 3260
[2026-04-17 02:26:41.278315] | Thread:19350 | [NetconfSession::editData] | Finished edit-config with XML length: 3260
[2026-04-17 02:26:41.278338] | Thread:19350 | [NetconfSession::commit] | Start commit operation.
[2026-04-17 02:26:41.318691] | Thread:19350 | [NetconfSession::commit] | Finished commit operation.
[2026-04-17 02:26:41.318724] | Thread:19350 | [NetworkManager::deployConfigToNode] | Successfully deployed config for node: vstsn01
[2026-04-17 02:26:41.318876] | Thread:19645 | [CncServiceImpl::SetNodeSchedule] | Finished deploying config to node: vstsn01
[2026-04-17 02:26:41.318929] | Thread:19645 | [CncServiceImpl::SetNodeSchedule] | Finished setting node schedule (with verification) for node: vstsn01
[2026-04-17 02:26:41.319003] | Thread:19646 | [NetworkManager::deployConfigToNode] | Start config deployment for node: vstsn01
[2026-04-17 02:26:41.319174] | Thread:19350 | [NetconfSession::editData] | Start edit-config with XML length: 3260
[2026-04-17 02:26:41.347664] | Thread:19350 | [NetconfSession::editData] | Finished edit-config with XML length: 3260
[2026-04-17 02:26:41.347688] | Thread:19350 | [NetconfSession::commit] | Start commit operation.
[2026-04-17 02:26:41.388734] | Thread:19350 | [NetconfSession::commit] | Finished commit operation.
[2026-04-17 02:26:41.388787] | Thread:19350 | [NetworkManager::deployConfigToNode] | Successfully deployed config for node: vstsn01
[2026-04-17 02:26:41.388880] | Thread:19646 | [CncServiceImpl::SetNodeSchedule] | Finished deploying config to node: vstsn01
[2026-04-17 02:26:41.388944] | Thread:19646 | [CncServiceImpl::SetNodeSchedule] | Finished setting node schedule (with verification) for node: vstsn01
[2026-04-17 02:26:41.657206] | Thread:19647 | [CncServiceImpl::SetNodeSchedule] | Start setting node schedule for node: vstsn01
[2026-04-17 02:26:41.657285] | Thread:19647 | [NetworkManager::deployConfigToNode] | Start config deployment for node: vstsn01
[2026-04-17 02:26:41.657385] | Thread:19350 | [NetconfSession::editData] | Start edit-config with XML length: 3260
[2026-04-17 02:26:41.657497] | Thread:19617 | [CncServiceImpl::SetNodeSchedule] | Start setting node schedule for node: vstsn01
[2026-04-17 02:26:41.658291] | Thread:19669 | [CncServiceImpl::SetNodeSchedule] | Start setting node schedule for node: vstsn01
[2026-04-17 02:26:41.659008] | Thread:19670 | [CncServiceImpl::SetNodeSchedule] | Start setting node schedule for node: vstsn01
[2026-04-17 02:26:41.659926] | Thread:19671 | [CncServiceImpl::SetNodeSchedule] | Start setting node schedule for node: vstsn01
[2026-04-17 02:26:41.660455] | Thread:19672 | [CncServiceImpl::SetNodeSchedule] | Start setting node schedule for node: vstsn01
[2026-04-17 02:26:41.661459] | Thread:19673 | [CncServiceImpl::SetNodeSchedule] | Start setting node schedule for node: vstsn01
[2026-04-17 02:26:41.661625] | Thread:19674 | [CncServiceImpl::SetNodeSchedule] | Start setting node schedule for node: vstsn01
[2026-04-17 02:26:41.662305] | Thread:19675 | [CncServiceImpl::SetNodeSchedule] | Start setting node schedule for node: vstsn01
[2026-04-17 02:26:41.663325] | Thread:19676 | [CncServiceImpl::SetNodeSchedule] | Start setting node schedule for node: vstsn01
[2026-04-17 02:26:41.663896] | Thread:19677 | [CncServiceImpl::SetNodeSchedule] | Start setting node schedule for node: vstsn01
[2026-04-17 02:26:41.686973] | Thread:19350 | [NetconfSession::editData] | Finished edit-config with XML length: 3260
[2026-04-17 02:26:41.687004] | Thread:19350 | [NetconfSession::commit] | Start commit operation.
[2026-04-17 02:26:41.727298] | Thread:19350 | [NetconfSession::commit] | Finished commit operation.
[2026-04-17 02:26:41.727330] | Thread:19350 | [NetworkManager::deployConfigToNode] | Successfully deployed config for node: vstsn01
[2026-04-17 02:26:41.727386] | Thread:19647 | [CncServiceImpl::SetNodeSchedule] | Finished deploying config to node: vstsn01
[2026-04-17 02:26:41.727400] | Thread:19647 | [CncServiceImpl::SetNodeSchedule] | Finished setting node schedule (with verification) for node: vstsn01
[2026-04-17 02:26:41.727496] | Thread:19617 | [NetworkManager::deployConfigToNode] | Start config deployment for node: vstsn01
[2026-04-17 02:26:41.727668] | Thread:19350 | [NetconfSession::editData] | Start edit-config with XML length: 3260
[2026-04-17 02:26:41.753987] | Thread:19350 | [NetconfSession::editData] | Finished edit-config with XML length: 3260
[2026-04-17 02:26:41.754021] | Thread:19350 | [NetconfSession::commit] | Start commit operation.
[2026-04-17 02:26:41.795994] | Thread:19350 | [NetconfSession::commit] | Finished commit operation.
[2026-04-17 02:26:41.796017] | Thread:19350 | [NetworkManager::deployConfigToNode] | Successfully deployed config for node: vstsn01
[2026-04-17 02:26:41.796063] | Thread:19617 | [CncServiceImpl::SetNodeSchedule] | Finished deploying config to node: vstsn01
[2026-04-17 02:26:41.796114] | Thread:19617 | [CncServiceImpl::SetNodeSchedule] | Finished setting node schedule (with verification) for node: vstsn01
[2026-04-17 02:26:41.796179] | Thread:19669 | [NetworkManager::deployConfigToNode] | Start config deployment for node: vstsn01
[2026-04-17 02:26:41.796281] | Thread:19350 | [NetconfSession::editData] | Start edit-config with XML length: 3260
[2026-04-17 02:26:41.824143] | Thread:19350 | [NetconfSession::editData] | Finished edit-config with XML length: 3260
[2026-04-17 02:26:41.824184] | Thread:19350 | [NetconfSession::commit] | Start commit operation.
[2026-04-17 02:26:41.864577] | Thread:19350 | [NetconfSession::commit] | Finished commit operation.
[2026-04-17 02:26:41.864601] | Thread:19350 | [NetworkManager::deployConfigToNode] | Successfully deployed config for node: vstsn01
[2026-04-17 02:26:41.864704] | Thread:19669 | [CncServiceImpl::SetNodeSchedule] | Finished deploying config to node: vstsn01
[2026-04-17 02:26:41.864741] | Thread:19669 | [CncServiceImpl::SetNodeSchedule] | Finished setting node schedule (with verification) for node: vstsn01
[2026-04-17 02:26:41.864793] | Thread:19670 | [NetworkManager::deployConfigToNode] | Start config deployment for node: vstsn01
[2026-04-17 02:26:41.864909] | Thread:19350 | [NetconfSession::editData] | Start edit-config with XML length: 3260
[2026-04-17 02:26:41.893308] | Thread:19350 | [NetconfSession::editData] | Finished edit-config with XML length: 3260
[2026-04-17 02:26:41.893332] | Thread:19350 | [NetconfSession::commit] | Start commit operation.
[2026-04-17 02:26:41.933509] | Thread:19350 | [NetconfSession::commit] | Finished commit operation.
[2026-04-17 02:26:41.933529] | Thread:19350 | [NetworkManager::deployConfigToNode] | Successfully deployed config for node: vstsn01
[2026-04-17 02:26:41.933572] | Thread:19670 | [CncServiceImpl::SetNodeSchedule] | Finished deploying config to node: vstsn01
[2026-04-17 02:26:41.933599] | Thread:19670 | [CncServiceImpl::SetNodeSchedule] | Finished setting node schedule (with verification) for node: vstsn01
[2026-04-17 02:26:41.933635] | Thread:19671 | [NetworkManager::deployConfigToNode] | Start config deployment for node: vstsn01
[2026-04-17 02:26:41.933731] | Thread:19350 | [NetconfSession::editData] | Start edit-config with XML length: 3260
[2026-04-17 02:26:41.963264] | Thread:19350 | [NetconfSession::editData] | Finished edit-config with XML length: 3260
[2026-04-17 02:26:41.963292] | Thread:19350 | [NetconfSession::commit] | Start commit operation.
[2026-04-17 02:26:42.004977] | Thread:19350 | [NetconfSession::commit] | Finished commit operation.
[2026-04-17 02:26:42.005014] | Thread:19350 | [NetworkManager::deployConfigToNode] | Successfully deployed config for node: vstsn01
[2026-04-17 02:26:42.005072] | Thread:19671 | [CncServiceImpl::SetNodeSchedule] | Finished deploying config to node: vstsn01
[2026-04-17 02:26:42.005148] | Thread:19671 | [CncServiceImpl::SetNodeSchedule] | Finished setting node schedule (with verification) for node: vstsn01
[2026-04-17 02:26:42.005209] | Thread:19672 | [NetworkManager::deployConfigToNode] | Start config deployment for node: vstsn01
[2026-04-17 02:26:42.005394] | Thread:19350 | [NetconfSession::editData] | Start edit-config with XML length: 3260
[2026-04-17 02:26:42.034277] | Thread:19350 | [NetconfSession::editData] | Finished edit-config with XML length: 3260
[2026-04-17 02:26:42.034302] | Thread:19350 | [NetconfSession::commit] | Start commit operation.
[2026-04-17 02:26:42.077379] | Thread:19350 | [NetconfSession::commit] | Finished commit operation.
[2026-04-17 02:26:42.077405] | Thread:19350 | [NetworkManager::deployConfigToNode] | Successfully deployed config for node: vstsn01
[2026-04-17 02:26:42.077466] | Thread:19672 | [CncServiceImpl::SetNodeSchedule] | Finished deploying config to node: vstsn01
[2026-04-17 02:26:42.077499] | Thread:19672 | [CncServiceImpl::SetNodeSchedule] | Finished setting node schedule (with verification) for node: vstsn01
[2026-04-17 02:26:42.077552] | Thread:19673 | [NetworkManager::deployConfigToNode] | Start config deployment for node: vstsn01
[2026-04-17 02:26:42.077686] | Thread:19350 | [NetconfSession::editData] | Start edit-config with XML length: 3260
[2026-04-17 02:26:42.122812] | Thread:19350 | [NetconfSession::editData] | Finished edit-config with XML length: 3260
[2026-04-17 02:26:42.122865] | Thread:19350 | [NetconfSession::commit] | Start commit operation.
[2026-04-17 02:26:42.162934] | Thread:19350 | [NetconfSession::commit] | Finished commit operation.
[2026-04-17 02:26:42.162964] | Thread:19350 | [NetworkManager::deployConfigToNode] | Successfully deployed config for node: vstsn01
[2026-04-17 02:26:42.163020] | Thread:19673 | [CncServiceImpl::SetNodeSchedule] | Finished deploying config to node: vstsn01
[2026-04-17 02:26:42.163075] | Thread:19673 | [CncServiceImpl::SetNodeSchedule] | Finished setting node schedule (with verification) for node: vstsn01
[2026-04-17 02:26:42.163155] | Thread:19674 | [NetworkManager::deployConfigToNode] | Start config deployment for node: vstsn01
[2026-04-17 02:26:42.163468] | Thread:19350 | [NetconfSession::editData] | Start edit-config with XML length: 3260
[2026-04-17 02:26:42.190700] | Thread:19350 | [NetconfSession::editData] | Finished edit-config with XML length: 3260
[2026-04-17 02:26:42.190731] | Thread:19350 | [NetconfSession::commit] | Start commit operation.
[2026-04-17 02:26:42.230702] | Thread:19350 | [NetconfSession::commit] | Finished commit operation.
[2026-04-17 02:26:42.230728] | Thread:19350 | [NetworkManager::deployConfigToNode] | Successfully deployed config for node: vstsn01
[2026-04-17 02:26:42.230778] | Thread:19674 | [CncServiceImpl::SetNodeSchedule] | Finished deploying config to node: vstsn01
[2026-04-17 02:26:42.230826] | Thread:19674 | [CncServiceImpl::SetNodeSchedule] | Finished setting node schedule (with verification) for node: vstsn01
[2026-04-17 02:26:42.230913] | Thread:19675 | [NetworkManager::deployConfigToNode] | Start config deployment for node: vstsn01
[2026-04-17 02:26:42.231052] | Thread:19350 | [NetconfSession::editData] | Start edit-config with XML length: 3260
[2026-04-17 02:26:42.258276] | Thread:19350 | [NetconfSession::editData] | Finished edit-config with XML length: 3260
[2026-04-17 02:26:42.258320] | Thread:19350 | [NetconfSession::commit] | Start commit operation.
[2026-04-17 02:26:42.299945] | Thread:19350 | [NetconfSession::commit] | Finished commit operation.
[2026-04-17 02:26:42.299983] | Thread:19350 | [NetworkManager::deployConfigToNode] | Successfully deployed config for node: vstsn01
[2026-04-17 02:26:42.300091] | Thread:19675 | [CncServiceImpl::SetNodeSchedule] | Finished deploying config to node: vstsn01
[2026-04-17 02:26:42.300122] | Thread:19675 | [CncServiceImpl::SetNodeSchedule] | Finished setting node schedule (with verification) for node: vstsn01
[2026-04-17 02:26:42.300203] | Thread:19676 | [NetworkManager::deployConfigToNode] | Start config deployment for node: vstsn01
[2026-04-17 02:26:42.300330] | Thread:19350 | [NetconfSession::editData] | Start edit-config with XML length: 3260
[2026-04-17 02:26:42.328043] | Thread:19350 | [NetconfSession::editData] | Finished edit-config with XML length: 3260
[2026-04-17 02:26:42.328070] | Thread:19350 | [NetconfSession::commit] | Start commit operation.
[2026-04-17 02:26:42.368921] | Thread:19350 | [NetconfSession::commit] | Finished commit operation.
[2026-04-17 02:26:42.368960] | Thread:19350 | [NetworkManager::deployConfigToNode] | Successfully deployed config for node: vstsn01
[2026-04-17 02:26:42.369074] | Thread:19676 | [CncServiceImpl::SetNodeSchedule] | Finished deploying config to node: vstsn01
[2026-04-17 02:26:42.369169] | Thread:19676 | [CncServiceImpl::SetNodeSchedule] | Finished setting node schedule (with verification) for node: vstsn01
[2026-04-17 02:26:42.369281] | Thread:19677 | [NetworkManager::deployConfigToNode] | Start config deployment for node: vstsn01
[2026-04-17 02:26:42.369452] | Thread:19350 | [NetconfSession::editData] | Start edit-config with XML length: 3260
[2026-04-17 02:26:42.401987] | Thread:19350 | [NetconfSession::editData] | Finished edit-config with XML length: 3260
[2026-04-17 02:26:42.402016] | Thread:19350 | [NetconfSession::commit] | Start commit operation.
[2026-04-17 02:26:42.442646] | Thread:19350 | [NetconfSession::commit] | Finished commit operation.
[2026-04-17 02:26:42.442673] | Thread:19350 | [NetworkManager::deployConfigToNode] | Successfully deployed config for node: vstsn01
[2026-04-17 02:26:42.442709] | Thread:19677 | [CncServiceImpl::SetNodeSchedule] | Finished deploying config to node: vstsn01
[2026-04-17 02:26:42.442733] | Thread:19677 | [CncServiceImpl::SetNodeSchedule] | Finished setting node schedule (with verification) for node: vstsn01
[2026-04-17 02:26:42.659913] | Thread:19647 | [CncServiceImpl::SetNodeSchedule] | Start setting node schedule for node: vstsn01
[2026-04-17 02:26:42.659996] | Thread:19647 | [NetworkManager::deployConfigToNode] | Start config deployment for node: vstsn01
[2026-04-17 02:26:42.660163] | Thread:19350 | [NetconfSession::editData] | Start edit-config with XML length: 3260
[2026-04-17 02:26:42.660235] | Thread:19678 | [CncServiceImpl::SetNodeSchedule] | Start setting node schedule for node: vstsn01
[2026-04-17 02:26:42.661051] | Thread:19700 | [CncServiceImpl::SetNodeSchedule] | Start setting node schedule for node: vstsn01
[2026-04-17 02:26:42.661975] | Thread:19701 | [CncServiceImpl::SetNodeSchedule] | Start setting node schedule for node: vstsn01
[2026-04-17 02:26:42.662762] | Thread:19702 | [CncServiceImpl::SetNodeSchedule] | Start setting node schedule for node: vstsn01
[2026-04-17 02:26:42.663478] | Thread:19703 | [CncServiceImpl::SetNodeSchedule] | Start setting node schedule for node: vstsn01
[2026-04-17 02:26:42.664345] | Thread:19704 | [CncServiceImpl::SetNodeSchedule] | Start setting node schedule for node: vstsn01
[2026-04-17 02:26:42.665123] | Thread:19705 | [CncServiceImpl::SetNodeSchedule] | Start setting node schedule for node: vstsn01
[2026-04-17 02:26:42.665953] | Thread:19706 | [CncServiceImpl::SetNodeSchedule] | Start setting node schedule for node: vstsn01
[2026-04-17 02:26:42.667510] | Thread:19707 | [CncServiceImpl::SetNodeSchedule] | Start setting node schedule for node: vstsn01
[2026-04-17 02:26:42.667631] | Thread:19708 | [CncServiceImpl::SetNodeSchedule] | Start setting node schedule for node: vstsn01
[2026-04-17 02:26:42.667796] | Thread:19709 | [CncServiceImpl::SetNodeSchedule] | Start setting node schedule for node: vstsn01
[2026-04-17 02:26:42.687940] | Thread:19350 | [NetconfSession::editData] | Finished edit-config with XML length: 3260
[2026-04-17 02:26:42.687972] | Thread:19350 | [NetconfSession::commit] | Start commit operation.
[2026-04-17 02:26:42.728604] | Thread:19350 | [NetconfSession::commit] | Finished commit operation.
[2026-04-17 02:26:42.728626] | Thread:19350 | [NetworkManager::deployConfigToNode] | Successfully deployed config for node: vstsn01
[2026-04-17 02:26:42.728775] | Thread:19647 | [CncServiceImpl::SetNodeSchedule] | Finished deploying config to node: vstsn01
[2026-04-17 02:26:42.728805] | Thread:19647 | [CncServiceImpl::SetNodeSchedule] | Finished setting node schedule (with verification) for node: vstsn01
[2026-04-17 02:26:42.728853] | Thread:19678 | [NetworkManager::deployConfigToNode] | Start config deployment for node: vstsn01
[2026-04-17 02:26:42.728975] | Thread:19350 | [NetconfSession::editData] | Start edit-config with XML length: 3260
[2026-04-17 02:26:42.756782] | Thread:19350 | [NetconfSession::editData] | Finished edit-config with XML length: 3260
[2026-04-17 02:26:42.756807] | Thread:19350 | [NetconfSession::commit] | Start commit operation.
[2026-04-17 02:26:42.798576] | Thread:19350 | [NetconfSession::commit] | Finished commit operation.
[2026-04-17 02:26:42.798615] | Thread:19350 | [NetworkManager::deployConfigToNode] | Successfully deployed config for node: vstsn01
[2026-04-17 02:26:42.798745] | Thread:19678 | [CncServiceImpl::SetNodeSchedule] | Finished deploying config to node: vstsn01
[2026-04-17 02:26:42.798783] | Thread:19678 | [CncServiceImpl::SetNodeSchedule] | Finished setting node schedule (with verification) for node: vstsn01
[2026-04-17 02:26:42.798848] | Thread:19700 | [NetworkManager::deployConfigToNode] | Start config deployment for node: vstsn01
[2026-04-17 02:26:42.798985] | Thread:19350 | [NetconfSession::editData] | Start edit-config with XML length: 3260
[2026-04-17 02:26:42.832803] | Thread:19350 | [NetconfSession::editData] | Finished edit-config with XML length: 3260
[2026-04-17 02:26:42.832822] | Thread:19350 | [NetconfSession::commit] | Start commit operation.
[2026-04-17 02:26:42.873235] | Thread:19350 | [NetconfSession::commit] | Finished commit operation.
[2026-04-17 02:26:42.873277] | Thread:19350 | [NetworkManager::deployConfigToNode] | Successfully deployed config for node: vstsn01
[2026-04-17 02:26:42.873389] | Thread:19700 | [CncServiceImpl::SetNodeSchedule] | Finished deploying config to node: vstsn01
[2026-04-17 02:26:42.873422] | Thread:19700 | [CncServiceImpl::SetNodeSchedule] | Finished setting node schedule (with verification) for node: vstsn01
[2026-04-17 02:26:42.873470] | Thread:19701 | [NetworkManager::deployConfigToNode] | Start config deployment for node: vstsn01
[2026-04-17 02:26:42.873553] | Thread:19350 | [NetconfSession::editData] | Start edit-config with XML length: 3260
[2026-04-17 02:26:42.903371] | Thread:19350 | [NetconfSession::editData] | Finished edit-config with XML length: 3260
[2026-04-17 02:26:42.903397] | Thread:19350 | [NetconfSession::commit] | Start commit operation.
[2026-04-17 02:26:42.942896] | Thread:19350 | [NetconfSession::commit] | Finished commit operation.
[2026-04-17 02:26:42.942923] | Thread:19350 | [NetworkManager::deployConfigToNode] | Successfully deployed config for node: vstsn01
[2026-04-17 02:26:42.942982] | Thread:19701 | [CncServiceImpl::SetNodeSchedule] | Finished deploying config to node: vstsn01
[2026-04-17 02:26:42.943009] | Thread:19701 | [CncServiceImpl::SetNodeSchedule] | Finished setting node schedule (with verification) for node: vstsn01
[2026-04-17 02:26:42.943065] | Thread:19702 | [NetworkManager::deployConfigToNode] | Start config deployment for node: vstsn01
[2026-04-17 02:26:42.943180] | Thread:19350 | [NetconfSession::editData] | Start edit-config with XML length: 3260
[2026-04-17 02:26:42.969945] | Thread:19350 | [NetconfSession::editData] | Finished edit-config with XML length: 3260
[2026-04-17 02:26:42.969982] | Thread:19350 | [NetconfSession::commit] | Start commit operation.
[2026-04-17 02:26:43.014062] | Thread:19350 | [NetconfSession::commit] | Finished commit operation.
[2026-04-17 02:26:43.014090] | Thread:19350 | [NetworkManager::deployConfigToNode] | Successfully deployed config for node: vstsn01
[2026-04-17 02:26:43.014135] | Thread:19702 | [CncServiceImpl::SetNodeSchedule] | Finished deploying config to node: vstsn01
[2026-04-17 02:26:43.014189] | Thread:19702 | [CncServiceImpl::SetNodeSchedule] | Finished setting node schedule (with verification) for node: vstsn01
[2026-04-17 02:26:43.014238] | Thread:19703 | [NetworkManager::deployConfigToNode] | Start config deployment for node: vstsn01
[2026-04-17 02:26:43.014432] | Thread:19350 | [NetconfSession::editData] | Start edit-config with XML length: 3260
[2026-04-17 02:26:43.053598] | Thread:19350 | [NetconfSession::editData] | Finished edit-config with XML length: 3260
[2026-04-17 02:26:43.053627] | Thread:19350 | [NetconfSession::commit] | Start commit operation.
[2026-04-17 02:26:43.095137] | Thread:19350 | [NetconfSession::commit] | Finished commit operation.
[2026-04-17 02:26:43.095165] | Thread:19350 | [NetworkManager::deployConfigToNode] | Successfully deployed config for node: vstsn01
[2026-04-17 02:26:43.095256] | Thread:19703 | [CncServiceImpl::SetNodeSchedule] | Finished deploying config to node: vstsn01
[2026-04-17 02:26:43.095315] | Thread:19703 | [CncServiceImpl::SetNodeSchedule] | Finished setting node schedule (with verification) for node: vstsn01
[2026-04-17 02:26:43.095372] | Thread:19704 | [NetworkManager::deployConfigToNode] | Start config deployment for node: vstsn01
[2026-04-17 02:26:43.095481] | Thread:19350 | [NetconfSession::editData] | Start edit-config with XML length: 3260
[2026-04-17 02:26:43.126485] | Thread:19350 | [NetconfSession::editData] | Finished edit-config with XML length: 3260
[2026-04-17 02:26:43.126518] | Thread:19350 | [NetconfSession::commit] | Start commit operation.
[2026-04-17 02:26:43.166694] | Thread:19350 | [NetconfSession::commit] | Finished commit operation.
[2026-04-17 02:26:43.166731] | Thread:19350 | [NetworkManager::deployConfigToNode] | Successfully deployed config for node: vstsn01
[2026-04-17 02:26:43.166785] | Thread:19704 | [CncServiceImpl::SetNodeSchedule] | Finished deploying config to node: vstsn01
[2026-04-17 02:26:43.166835] | Thread:19704 | [CncServiceImpl::SetNodeSchedule] | Finished setting node schedule (with verification) for node: vstsn01
[2026-04-17 02:26:43.166883] | Thread:19705 | [NetworkManager::deployConfigToNode] | Start config deployment for node: vstsn01
[2026-04-17 02:26:43.166975] | Thread:19350 | [NetconfSession::editData] | Start edit-config with XML length: 3260
[2026-04-17 02:26:43.194246] | Thread:19350 | [NetconfSession::editData] | Finished edit-config with XML length: 3260
[2026-04-17 02:26:43.194276] | Thread:19350 | [NetconfSession::commit] | Start commit operation.
[2026-04-17 02:26:43.235913] | Thread:19350 | [NetconfSession::commit] | Finished commit operation.
[2026-04-17 02:26:43.235941] | Thread:19350 | [NetworkManager::deployConfigToNode] | Successfully deployed config for node: vstsn01
[2026-04-17 02:26:43.236089] | Thread:19705 | [CncServiceImpl::SetNodeSchedule] | Finished deploying config to node: vstsn01
[2026-04-17 02:26:43.236132] | Thread:19705 | [CncServiceImpl::SetNodeSchedule] | Finished setting node schedule (with verification) for node: vstsn01
[2026-04-17 02:26:43.236223] | Thread:19706 | [NetworkManager::deployConfigToNode] | Start config deployment for node: vstsn01
[2026-04-17 02:26:43.236619] | Thread:19350 | [NetconfSession::editData] | Start edit-config with XML length: 3260
[2026-04-17 02:26:43.266928] | Thread:19350 | [NetconfSession::editData] | Finished edit-config with XML length: 3260
[2026-04-17 02:26:43.266952] | Thread:19350 | [NetconfSession::commit] | Start commit operation.
[2026-04-17 02:26:43.307567] | Thread:19350 | [NetconfSession::commit] | Finished commit operation.
[2026-04-17 02:26:43.307598] | Thread:19350 | [NetworkManager::deployConfigToNode] | Successfully deployed config for node: vstsn01
[2026-04-17 02:26:43.307677] | Thread:19706 | [CncServiceImpl::SetNodeSchedule] | Finished deploying config to node: vstsn01
[2026-04-17 02:26:43.307699] | Thread:19706 | [CncServiceImpl::SetNodeSchedule] | Finished setting node schedule (with verification) for node: vstsn01
[2026-04-17 02:26:43.307771] | Thread:19707 | [NetworkManager::deployConfigToNode] | Start config deployment for node: vstsn01
[2026-04-17 02:26:43.307858] | Thread:19350 | [NetconfSession::editData] | Start edit-config with XML length: 3260
[2026-04-17 02:26:43.338274] | Thread:19350 | [NetconfSession::editData] | Finished edit-config with XML length: 3260
[2026-04-17 02:26:43.338301] | Thread:19350 | [NetconfSession::commit] | Start commit operation.
[2026-04-17 02:26:43.378898] | Thread:19350 | [NetconfSession::commit] | Finished commit operation.
[2026-04-17 02:26:43.378922] | Thread:19350 | [NetworkManager::deployConfigToNode] | Successfully deployed config for node: vstsn01
[2026-04-17 02:26:43.379069] | Thread:19707 | [CncServiceImpl::SetNodeSchedule] | Finished deploying config to node: vstsn01
[2026-04-17 02:26:43.379080] | Thread:19707 | [CncServiceImpl::SetNodeSchedule] | Finished setting node schedule (with verification) for node: vstsn01
[2026-04-17 02:26:43.379152] | Thread:19708 | [NetworkManager::deployConfigToNode] | Start config deployment for node: vstsn01
[2026-04-17 02:26:43.379307] | Thread:19350 | [NetconfSession::editData] | Start edit-config with XML length: 3260
[2026-04-17 02:26:43.413371] | Thread:19350 | [NetconfSession::editData] | Finished edit-config with XML length: 3260
[2026-04-17 02:26:43.413393] | Thread:19350 | [NetconfSession::commit] | Start commit operation.
[2026-04-17 02:26:43.456826] | Thread:19350 | [NetconfSession::commit] | Finished commit operation.
[2026-04-17 02:26:43.456852] | Thread:19350 | [NetworkManager::deployConfigToNode] | Successfully deployed config for node: vstsn01
[2026-04-17 02:26:43.456915] | Thread:19708 | [CncServiceImpl::SetNodeSchedule] | Finished deploying config to node: vstsn01
[2026-04-17 02:26:43.456940] | Thread:19708 | [CncServiceImpl::SetNodeSchedule] | Finished setting node schedule (with verification) for node: vstsn01
[2026-04-17 02:26:43.457051] | Thread:19709 | [NetworkManager::deployConfigToNode] | Start config deployment for node: vstsn01
[2026-04-17 02:26:43.457175] | Thread:19350 | [NetconfSession::editData] | Start edit-config with XML length: 3260
[2026-04-17 02:26:43.484066] | Thread:19350 | [NetconfSession::editData] | Finished edit-config with XML length: 3260
[2026-04-17 02:26:43.484089] | Thread:19350 | [NetconfSession::commit] | Start commit operation.
[2026-04-17 02:26:43.524805] | Thread:19350 | [NetconfSession::commit] | Finished commit operation.
[2026-04-17 02:26:43.524827] | Thread:19350 | [NetworkManager::deployConfigToNode] | Successfully deployed config for node: vstsn01
[2026-04-17 02:26:43.524874] | Thread:19709 | [CncServiceImpl::SetNodeSchedule] | Finished deploying config to node: vstsn01
[2026-04-17 02:26:43.524902] | Thread:19709 | [CncServiceImpl::SetNodeSchedule] | Finished setting node schedule (with verification) for node: vstsn01
[2026-04-17 02:26:43.662874] | Thread:19647 | [CncServiceImpl::SetNodeSchedule] | Start setting node schedule for node: vstsn01
[2026-04-17 02:26:43.662961] | Thread:19647 | [NetworkManager::deployConfigToNode] | Start config deployment for node: vstsn01
[2026-04-17 02:26:43.663075] | Thread:19350 | [NetconfSession::editData] | Start edit-config with XML length: 3260
[2026-04-17 02:26:43.663287] | Thread:19710 | [CncServiceImpl::SetNodeSchedule] | Start setting node schedule for node: vstsn01
[2026-04-17 02:26:43.664100] | Thread:19726 | [CncServiceImpl::SetNodeSchedule] | Start setting node schedule for node: vstsn01
[2026-04-17 02:26:43.665161] | Thread:19727 | [CncServiceImpl::SetNodeSchedule] | Start setting node schedule for node: vstsn01
[2026-04-17 02:26:43.666050] | Thread:19728 | [CncServiceImpl::SetNodeSchedule] | Start setting node schedule for node: vstsn01
[2026-04-17 02:26:43.666841] | Thread:19729 | [CncServiceImpl::SetNodeSchedule] | Start setting node schedule for node: vstsn01
[2026-04-17 02:26:43.667727] | Thread:19730 | [CncServiceImpl::SetNodeSchedule] | Start setting node schedule for node: vstsn01
[2026-04-17 02:26:43.668364] | Thread:19731 | [CncServiceImpl::SetNodeSchedule] | Start setting node schedule for node: vstsn01
[2026-04-17 02:26:43.669104] | Thread:19732 | [CncServiceImpl::SetNodeSchedule] | Start setting node schedule for node: vstsn01
[2026-04-17 02:26:43.669966] | Thread:19733 | [CncServiceImpl::SetNodeSchedule] | Start setting node schedule for node: vstsn01
[2026-04-17 02:26:43.670975] | Thread:19734 | [CncServiceImpl::SetNodeSchedule] | Start setting node schedule for node: vstsn01
[2026-04-17 02:26:43.671604] | Thread:19735 | [CncServiceImpl::SetNodeSchedule] | Start setting node schedule for node: vstsn01
[2026-04-17 02:26:43.672303] | Thread:19736 | [CncServiceImpl::SetNodeSchedule] | Start setting node schedule for node: vstsn01
[2026-04-17 02:26:43.692713] | Thread:19350 | [NetconfSession::editData] | Finished edit-config with XML length: 3260
[2026-04-17 02:26:43.692758] | Thread:19350 | [NetconfSession::commit] | Start commit operation.
[2026-04-17 02:26:43.733146] | Thread:19350 | [NetconfSession::commit] | Finished commit operation.
[2026-04-17 02:26:43.733186] | Thread:19350 | [NetworkManager::deployConfigToNode] | Successfully deployed config for node: vstsn01
[2026-04-17 02:26:43.733229] | Thread:19647 | [CncServiceImpl::SetNodeSchedule] | Finished deploying config to node: vstsn01
[2026-04-17 02:26:43.733242] | Thread:19647 | [CncServiceImpl::SetNodeSchedule] | Finished setting node schedule (with verification) for node: vstsn01
[2026-04-17 02:26:43.733293] | Thread:19710 | [NetworkManager::deployConfigToNode] | Start config deployment for node: vstsn01
[2026-04-17 02:26:43.733443] | Thread:19350 | [NetconfSession::editData] | Start edit-config with XML length: 3260
[2026-04-17 02:26:43.760438] | Thread:19350 | [NetconfSession::editData] | Finished edit-config with XML length: 3260
[2026-04-17 02:26:43.760471] | Thread:19350 | [NetconfSession::commit] | Start commit operation.
[2026-04-17 02:26:43.803660] | Thread:19350 | [NetconfSession::commit] | Finished commit operation.
[2026-04-17 02:26:43.803695] | Thread:19350 | [NetworkManager::deployConfigToNode] | Successfully deployed config for node: vstsn01
[2026-04-17 02:26:43.803747] | Thread:19710 | [CncServiceImpl::SetNodeSchedule] | Finished deploying config to node: vstsn01
[2026-04-17 02:26:43.803781] | Thread:19710 | [CncServiceImpl::SetNodeSchedule] | Finished setting node schedule (with verification) for node: vstsn01
[2026-04-17 02:26:43.803831] | Thread:19726 | [NetworkManager::deployConfigToNode] | Start config deployment for node: vstsn01
[2026-04-17 02:26:43.803969] | Thread:19350 | [NetconfSession::editData] | Start edit-config with XML length: 3260
[2026-04-17 02:26:43.832347] | Thread:19350 | [NetconfSession::editData] | Finished edit-config with XML length: 3260
[2026-04-17 02:26:43.832369] | Thread:19350 | [NetconfSession::commit] | Start commit operation.
[2026-04-17 02:26:43.873240] | Thread:19350 | [NetconfSession::commit] | Finished commit operation.
[2026-04-17 02:26:43.873278] | Thread:19350 | [NetworkManager::deployConfigToNode] | Successfully deployed config for node: vstsn01
[2026-04-17 02:26:43.873407] | Thread:19726 | [CncServiceImpl::SetNodeSchedule] | Finished deploying config to node: vstsn01
[2026-04-17 02:26:43.873510] | Thread:19726 | [CncServiceImpl::SetNodeSchedule] | Finished setting node schedule (with verification) for node: vstsn01
[2026-04-17 02:26:43.873543] | Thread:19727 | [NetworkManager::deployConfigToNode] | Start config deployment for node: vstsn01
[2026-04-17 02:26:43.873730] | Thread:19350 | [NetconfSession::editData] | Start edit-config with XML length: 3260
[2026-04-17 02:26:43.903248] | Thread:19350 | [NetconfSession::editData] | Finished edit-config with XML length: 3260
[2026-04-17 02:26:43.903292] | Thread:19350 | [NetconfSession::commit] | Start commit operation.
[2026-04-17 02:26:43.943566] | Thread:19350 | [NetconfSession::commit] | Finished commit operation.
[2026-04-17 02:26:43.943589] | Thread:19350 | [NetworkManager::deployConfigToNode] | Successfully deployed config for node: vstsn01
[2026-04-17 02:26:43.943726] | Thread:19727 | [CncServiceImpl::SetNodeSchedule] | Finished deploying config to node: vstsn01
[2026-04-17 02:26:43.943764] | Thread:19727 | [CncServiceImpl::SetNodeSchedule] | Finished setting node schedule (with verification) for node: vstsn01
[2026-04-17 02:26:43.943822] | Thread:19728 | [NetworkManager::deployConfigToNode] | Start config deployment for node: vstsn01
[2026-04-17 02:26:43.943919] | Thread:19350 | [NetconfSession::editData] | Start edit-config with XML length: 3260
[2026-04-17 02:26:43.980346] | Thread:19350 | [NetconfSession::editData] | Finished edit-config with XML length: 3260
[2026-04-17 02:26:43.980382] | Thread:19350 | [NetconfSession::commit] | Start commit operation.
[2026-04-17 02:26:44.021542] | Thread:19350 | [NetconfSession::commit] | Finished commit operation.
[2026-04-17 02:26:44.021573] | Thread:19350 | [NetworkManager::deployConfigToNode] | Successfully deployed config for node: vstsn01
[2026-04-17 02:26:44.021624] | Thread:19728 | [CncServiceImpl::SetNodeSchedule] | Finished deploying config to node: vstsn01
[2026-04-17 02:26:44.021671] | Thread:19728 | [CncServiceImpl::SetNodeSchedule] | Finished setting node schedule (with verification) for node: vstsn01
[2026-04-17 02:26:44.021728] | Thread:19729 | [NetworkManager::deployConfigToNode] | Start config deployment for node: vstsn01
[2026-04-17 02:26:44.021821] | Thread:19350 | [NetconfSession::editData] | Start edit-config with XML length: 3260
[2026-04-17 02:26:44.051321] | Thread:19350 | [NetconfSession::editData] | Finished edit-config with XML length: 3260
[2026-04-17 02:26:44.051353] | Thread:19350 | [NetconfSession::commit] | Start commit operation.
[2026-04-17 02:26:44.102242] | Thread:19350 | [NetconfSession::commit] | Finished commit operation.
[2026-04-17 02:26:44.102273] | Thread:19350 | [NetworkManager::deployConfigToNode] | Successfully deployed config for node: vstsn01
[2026-04-17 02:26:44.102313] | Thread:19729 | [CncServiceImpl::SetNodeSchedule] | Finished deploying config to node: vstsn01
[2026-04-17 02:26:44.102358] | Thread:19729 | [CncServiceImpl::SetNodeSchedule] | Finished setting node schedule (with verification) for node: vstsn01
[2026-04-17 02:26:44.102448] | Thread:19730 | [NetworkManager::deployConfigToNode] | Start config deployment for node: vstsn01
[2026-04-17 02:26:44.102587] | Thread:19350 | [NetconfSession::editData] | Start edit-config with XML length: 3260
[2026-04-17 02:26:44.142752] | Thread:19350 | [NetconfSession::editData] | Finished edit-config with XML length: 3260
[2026-04-17 02:26:44.142775] | Thread:19350 | [NetconfSession::commit] | Start commit operation.
[2026-04-17 02:26:44.223825] | Thread:19350 | [NetconfSession::commit] | Finished commit operation.
[2026-04-17 02:26:44.223851] | Thread:19350 | [NetworkManager::deployConfigToNode] | Successfully deployed config for node: vstsn01
[2026-04-17 02:26:44.223966] | Thread:19730 | [CncServiceImpl::SetNodeSchedule] | Finished deploying config to node: vstsn01
[2026-04-17 02:26:44.224023] | Thread:19730 | [CncServiceImpl::SetNodeSchedule] | Finished setting node schedule (with verification) for node: vstsn01
[2026-04-17 02:26:44.224071] | Thread:19731 | [NetworkManager::deployConfigToNode] | Start config deployment for node: vstsn01
[2026-04-17 02:26:44.224221] | Thread:19350 | [NetconfSession::editData] | Start edit-config with XML length: 3260
[2026-04-17 02:26:44.286382] | Thread:19350 | [NetconfSession::editData] | Finished edit-config with XML length: 3260
[2026-04-17 02:26:44.286416] | Thread:19350 | [NetconfSession::commit] | Start commit operation.
[2026-04-17 02:26:44.326514] | Thread:19350 | [NetconfSession::commit] | Finished commit operation.
[2026-04-17 02:26:44.326538] | Thread:19350 | [NetworkManager::deployConfigToNode] | Successfully deployed config for node: vstsn01
[2026-04-17 02:26:44.326582] | Thread:19731 | [CncServiceImpl::SetNodeSchedule] | Finished deploying config to node: vstsn01
[2026-04-17 02:26:44.326606] | Thread:19731 | [CncServiceImpl::SetNodeSchedule] | Finished setting node schedule (with verification) for node: vstsn01
[2026-04-17 02:26:44.326642] | Thread:19732 | [NetworkManager::deployConfigToNode] | Start config deployment for node: vstsn01
[2026-04-17 02:26:44.326744] | Thread:19350 | [NetconfSession::editData] | Start edit-config with XML length: 3260
[2026-04-17 02:26:44.355112] | Thread:19350 | [NetconfSession::editData] | Finished edit-config with XML length: 3260
[2026-04-17 02:26:44.355146] | Thread:19350 | [NetconfSession::commit] | Start commit operation.
[2026-04-17 02:26:44.395269] | Thread:19350 | [NetconfSession::commit] | Finished commit operation.
[2026-04-17 02:26:44.395294] | Thread:19350 | [NetworkManager::deployConfigToNode] | Successfully deployed config for node: vstsn01
[2026-04-17 02:26:44.395355] | Thread:19732 | [CncServiceImpl::SetNodeSchedule] | Finished deploying config to node: vstsn01
[2026-04-17 02:26:44.395380] | Thread:19732 | [CncServiceImpl::SetNodeSchedule] | Finished setting node schedule (with verification) for node: vstsn01
[2026-04-17 02:26:44.395426] | Thread:19733 | [NetworkManager::deployConfigToNode] | Start config deployment for node: vstsn01
[2026-04-17 02:26:44.395613] | Thread:19350 | [NetconfSession::editData] | Start edit-config with XML length: 3260
[2026-04-17 02:26:44.426819] | Thread:19350 | [NetconfSession::editData] | Finished edit-config with XML length: 3260
[2026-04-17 02:26:44.426847] | Thread:19350 | [NetconfSession::commit] | Start commit operation.
[2026-04-17 02:26:44.473770] | Thread:19350 | [NetconfSession::commit] | Finished commit operation.
[2026-04-17 02:26:44.473799] | Thread:19350 | [NetworkManager::deployConfigToNode] | Successfully deployed config for node: vstsn01
[2026-04-17 02:26:44.473845] | Thread:19733 | [CncServiceImpl::SetNodeSchedule] | Finished deploying config to node: vstsn01
[2026-04-17 02:26:44.473875] | Thread:19733 | [CncServiceImpl::SetNodeSchedule] | Finished setting node schedule (with verification) for node: vstsn01
[2026-04-17 02:26:44.473912] | Thread:19734 | [NetworkManager::deployConfigToNode] | Start config deployment for node: vstsn01
[2026-04-17 02:26:44.474020] | Thread:19350 | [NetconfSession::editData] | Start edit-config with XML length: 3260
[2026-04-17 02:26:44.505095] | Thread:19350 | [NetconfSession::editData] | Finished edit-config with XML length: 3260
[2026-04-17 02:26:44.505133] | Thread:19350 | [NetconfSession::commit] | Start commit operation.
[2026-04-17 02:26:44.559964] | Thread:19350 | [NetconfSession::commit] | Finished commit operation.
[2026-04-17 02:26:44.560113] | Thread:19350 | [NetworkManager::deployConfigToNode] | Successfully deployed config for node: vstsn01
[2026-04-17 02:26:44.560221] | Thread:19734 | [CncServiceImpl::SetNodeSchedule] | Finished deploying config to node: vstsn01
[2026-04-17 02:26:44.560285] | Thread:19734 | [CncServiceImpl::SetNodeSchedule] | Finished setting node schedule (with verification) for node: vstsn01
[2026-04-17 02:26:44.560400] | Thread:19735 | [NetworkManager::deployConfigToNode] | Start config deployment for node: vstsn01
[2026-04-17 02:26:44.560616] | Thread:19350 | [NetconfSession::editData] | Start edit-config with XML length: 3260
[2026-04-17 02:26:44.628677] | Thread:19350 | [NetconfSession::editData] | Finished edit-config with XML length: 3260
[2026-04-17 02:26:44.628733] | Thread:19350 | [NetconfSession::commit] | Start commit operation.
[2026-04-17 02:26:44.668177] | Thread:19737 | [CncServiceImpl::SetNodeSchedule] | Start setting node schedule for node: vstsn01
[2026-04-17 02:26:44.670433] | Thread:19647 | [CncServiceImpl::SetNodeSchedule] | Start setting node schedule for node: vstsn01
[2026-04-17 02:26:44.670452] | Thread:19350 | [NetconfSession::commit] | Finished commit operation.
[2026-04-17 02:26:44.670465] | Thread:19350 | [NetworkManager::deployConfigToNode] | Successfully deployed config for node: vstsn01
[2026-04-17 02:26:44.670568] | Thread:19735 | [CncServiceImpl::SetNodeSchedule] | Finished deploying config to node: vstsn01
[2026-04-17 02:26:44.670768] | Thread:19735 | [CncServiceImpl::SetNodeSchedule] | Finished setting node schedule (with verification) for node: vstsn01
[2026-04-17 02:26:44.670869] | Thread:19736 | [NetworkManager::deployConfigToNode] | Start config deployment for node: vstsn01
[2026-04-17 02:26:44.671123] | Thread:19350 | [NetconfSession::editData] | Start edit-config with XML length: 3260
[2026-04-17 02:26:44.673468] | Thread:19741 | [CncServiceImpl::SetNodeSchedule] | Start setting node schedule for node: vstsn01
[2026-04-17 02:26:44.676873] | Thread:19735 | [CncServiceImpl::SetNodeSchedule] | Start setting node schedule for node: vstsn01
[2026-04-17 02:26:44.678912] | Thread:19742 | [CncServiceImpl::SetNodeSchedule] | Start setting node schedule for node: vstsn01
[2026-04-17 02:26:44.681145] | Thread:19743 | [CncServiceImpl::SetNodeSchedule] | Start setting node schedule for node: vstsn01
[2026-04-17 02:26:44.682464] | Thread:19744 | [CncServiceImpl::SetNodeSchedule] | Start setting node schedule for node: vstsn01
[2026-04-17 02:26:44.683811] | Thread:19745 | [CncServiceImpl::SetNodeSchedule] | Start setting node schedule for node: vstsn01
[2026-04-17 02:26:44.684878] | Thread:19746 | [CncServiceImpl::SetNodeSchedule] | Start setting node schedule for node: vstsn01
[2026-04-17 02:26:44.688088] | Thread:19747 | [CncServiceImpl::SetNodeSchedule] | Start setting node schedule for node: vstsn01
[2026-04-17 02:26:44.688508] | Thread:19748 | [CncServiceImpl::SetNodeSchedule] | Start setting node schedule for node: vstsn01
[2026-04-17 02:26:44.688711] | Thread:19749 | [CncServiceImpl::SetNodeSchedule] | Start setting node schedule for node: vstsn01
[2026-04-17 02:26:44.689601] | Thread:19750 | [CncServiceImpl::SetNodeSchedule] | Start setting node schedule for node: vstsn01
[2026-04-17 02:26:44.691809] | Thread:19751 | [CncServiceImpl::SetNodeSchedule] | Start setting node schedule for node: vstsn01
[2026-04-17 02:26:44.702363] | Thread:19350 | [NetconfSession::editData] | Finished edit-config with XML length: 3260
[2026-04-17 02:26:44.702389] | Thread:19350 | [NetconfSession::commit] | Start commit operation.
[2026-04-17 02:26:44.742645] | Thread:19350 | [NetconfSession::commit] | Finished commit operation.
[2026-04-17 02:26:44.742677] | Thread:19350 | [NetworkManager::deployConfigToNode] | Successfully deployed config for node: vstsn01
[2026-04-17 02:26:44.742736] | Thread:19736 | [CncServiceImpl::SetNodeSchedule] | Finished deploying config to node: vstsn01
[2026-04-17 02:26:44.742777] | Thread:19736 | [CncServiceImpl::SetNodeSchedule] | Finished setting node schedule (with verification) for node: vstsn01
[2026-04-17 02:26:44.742846] | Thread:19737 | [NetworkManager::deployConfigToNode] | Start config deployment for node: vstsn01
[2026-04-17 02:26:44.742957] | Thread:19350 | [NetconfSession::editData] | Start edit-config with XML length: 3260
[2026-04-17 02:26:44.770529] | Thread:19350 | [NetconfSession::editData] | Finished edit-config with XML length: 3260
[2026-04-17 02:26:44.770560] | Thread:19350 | [NetconfSession::commit] | Start commit operation.
[2026-04-17 02:26:44.810865] | Thread:19350 | [NetconfSession::commit] | Finished commit operation.
[2026-04-17 02:26:44.810904] | Thread:19350 | [NetworkManager::deployConfigToNode] | Successfully deployed config for node: vstsn01
[2026-04-17 02:26:44.810960] | Thread:19737 | [CncServiceImpl::SetNodeSchedule] | Finished deploying config to node: vstsn01
[2026-04-17 02:26:44.810995] | Thread:19737 | [CncServiceImpl::SetNodeSchedule] | Finished setting node schedule (with verification) for node: vstsn01
[2026-04-17 02:26:44.811041] | Thread:19647 | [NetworkManager::deployConfigToNode] | Start config deployment for node: vstsn01
[2026-04-17 02:26:44.811186] | Thread:19350 | [NetconfSession::editData] | Start edit-config with XML length: 3260
[2026-04-17 02:26:44.842117] | Thread:19350 | [NetconfSession::editData] | Finished edit-config with XML length: 3260
[2026-04-17 02:26:44.842144] | Thread:19350 | [NetconfSession::commit] | Start commit operation.
[2026-04-17 02:26:44.891701] | Thread:19350 | [NetconfSession::commit] | Finished commit operation.
[2026-04-17 02:26:44.891725] | Thread:19350 | [NetworkManager::deployConfigToNode] | Successfully deployed config for node: vstsn01
[2026-04-17 02:26:44.891867] | Thread:19647 | [CncServiceImpl::SetNodeSchedule] | Finished deploying config to node: vstsn01
[2026-04-17 02:26:44.891901] | Thread:19647 | [CncServiceImpl::SetNodeSchedule] | Finished setting node schedule (with verification) for node: vstsn01
[2026-04-17 02:26:44.891996] | Thread:19741 | [NetworkManager::deployConfigToNode] | Start config deployment for node: vstsn01
[2026-04-17 02:26:44.892344] | Thread:19350 | [NetconfSession::editData] | Start edit-config with XML length: 3260
[2026-04-17 02:26:44.923390] | Thread:19350 | [NetconfSession::editData] | Finished edit-config with XML length: 3260
[2026-04-17 02:26:44.923413] | Thread:19350 | [NetconfSession::commit] | Start commit operation.
[2026-04-17 02:26:44.973045] | Thread:19350 | [NetconfSession::commit] | Finished commit operation.
[2026-04-17 02:26:44.973074] | Thread:19350 | [NetworkManager::deployConfigToNode] | Successfully deployed config for node: vstsn01
[2026-04-17 02:26:44.973173] | Thread:19741 | [CncServiceImpl::SetNodeSchedule] | Finished deploying config to node: vstsn01
[2026-04-17 02:26:44.973242] | Thread:19741 | [CncServiceImpl::SetNodeSchedule] | Finished setting node schedule (with verification) for node: vstsn01
[2026-04-17 02:26:44.973313] | Thread:19735 | [NetworkManager::deployConfigToNode] | Start config deployment for node: vstsn01
[2026-04-17 02:26:44.973469] | Thread:19350 | [NetconfSession::editData] | Start edit-config with XML length: 3260
[2026-04-17 02:26:45.000527] | Thread:19350 | [NetconfSession::editData] | Finished edit-config with XML length: 3260
[2026-04-17 02:26:45.000570] | Thread:19350 | [NetconfSession::commit] | Start commit operation.
[2026-04-17 02:26:45.040792] | Thread:19350 | [NetconfSession::commit] | Finished commit operation.
[2026-04-17 02:26:45.040824] | Thread:19350 | [NetworkManager::deployConfigToNode] | Successfully deployed config for node: vstsn01
[2026-04-17 02:26:45.040915] | Thread:19735 | [CncServiceImpl::SetNodeSchedule] | Finished deploying config to node: vstsn01
[2026-04-17 02:26:45.041028] | Thread:19735 | [CncServiceImpl::SetNodeSchedule] | Finished setting node schedule (with verification) for node: vstsn01
[2026-04-17 02:26:45.041059] | Thread:19742 | [NetworkManager::deployConfigToNode] | Start config deployment for node: vstsn01
[2026-04-17 02:26:45.041206] | Thread:19350 | [NetconfSession::editData] | Start edit-config with XML length: 3260
[2026-04-17 02:26:45.071218] | Thread:19350 | [NetconfSession::editData] | Finished edit-config with XML length: 3260
[2026-04-17 02:26:45.071246] | Thread:19350 | [NetconfSession::commit] | Start commit operation.
[2026-04-17 02:26:45.111257] | Thread:19350 | [NetconfSession::commit] | Finished commit operation.
[2026-04-17 02:26:45.111285] | Thread:19350 | [NetworkManager::deployConfigToNode] | Successfully deployed config for node: vstsn01
[2026-04-17 02:26:45.111324] | Thread:19742 | [CncServiceImpl::SetNodeSchedule] | Finished deploying config to node: vstsn01
[2026-04-17 02:26:45.111350] | Thread:19742 | [CncServiceImpl::SetNodeSchedule] | Finished setting node schedule (with verification) for node: vstsn01
[2026-04-17 02:26:45.111443] | Thread:19743 | [NetworkManager::deployConfigToNode] | Start config deployment for node: vstsn01
[2026-04-17 02:26:45.111561] | Thread:19350 | [NetconfSession::editData] | Start edit-config with XML length: 3260
[2026-04-17 02:26:45.139906] | Thread:19350 | [NetconfSession::editData] | Finished edit-config with XML length: 3260
[2026-04-17 02:26:45.139931] | Thread:19350 | [NetconfSession::commit] | Start commit operation.
[2026-04-17 02:26:45.180513] | Thread:19350 | [NetconfSession::commit] | Finished commit operation.
[2026-04-17 02:26:45.180543] | Thread:19350 | [NetworkManager::deployConfigToNode] | Successfully deployed config for node: vstsn01
[2026-04-17 02:26:45.180592] | Thread:19743 | [CncServiceImpl::SetNodeSchedule] | Finished deploying config to node: vstsn01
[2026-04-17 02:26:45.180622] | Thread:19743 | [CncServiceImpl::SetNodeSchedule] | Finished setting node schedule (with verification) for node: vstsn01
[2026-04-17 02:26:45.180689] | Thread:19744 | [NetworkManager::deployConfigToNode] | Start config deployment for node: vstsn01
[2026-04-17 02:26:45.180858] | Thread:19350 | [NetconfSession::editData] | Start edit-config with XML length: 3260
[2026-04-17 02:26:45.208724] | Thread:19350 | [NetconfSession::editData] | Finished edit-config with XML length: 3260
[2026-04-17 02:26:45.208749] | Thread:19350 | [NetconfSession::commit] | Start commit operation.
[2026-04-17 02:26:45.249729] | Thread:19350 | [NetconfSession::commit] | Finished commit operation.
[2026-04-17 02:26:45.249756] | Thread:19350 | [NetworkManager::deployConfigToNode] | Successfully deployed config for node: vstsn01
[2026-04-17 02:26:45.249832] | Thread:19744 | [CncServiceImpl::SetNodeSchedule] | Finished deploying config to node: vstsn01
[2026-04-17 02:26:45.249895] | Thread:19744 | [CncServiceImpl::SetNodeSchedule] | Finished setting node schedule (with verification) for node: vstsn01
[2026-04-17 02:26:45.249961] | Thread:19745 | [NetworkManager::deployConfigToNode] | Start config deployment for node: vstsn01
[2026-04-17 02:26:45.250132] | Thread:19350 | [NetconfSession::editData] | Start edit-config with XML length: 3260
[2026-04-17 02:26:45.277940] | Thread:19350 | [NetconfSession::editData] | Finished edit-config with XML length: 3260
[2026-04-17 02:26:45.277969] | Thread:19350 | [NetconfSession::commit] | Start commit operation.
[2026-04-17 02:26:45.319042] | Thread:19350 | [NetconfSession::commit] | Finished commit operation.
[2026-04-17 02:26:45.319067] | Thread:19350 | [NetworkManager::deployConfigToNode] | Successfully deployed config for node: vstsn01
[2026-04-17 02:26:45.319137] | Thread:19745 | [CncServiceImpl::SetNodeSchedule] | Finished deploying config to node: vstsn01
[2026-04-17 02:26:45.319156] | Thread:19745 | [CncServiceImpl::SetNodeSchedule] | Finished setting node schedule (with verification) for node: vstsn01
[2026-04-17 02:26:45.319302] | Thread:19746 | [NetworkManager::deployConfigToNode] | Start config deployment for node: vstsn01
[2026-04-17 02:26:45.319428] | Thread:19350 | [NetconfSession::editData] | Start edit-config with XML length: 3260
[2026-04-17 02:26:45.352301] | Thread:19350 | [NetconfSession::editData] | Finished edit-config with XML length: 3260
[2026-04-17 02:26:45.352324] | Thread:19350 | [NetconfSession::commit] | Start commit operation.
[2026-04-17 02:26:45.393078] | Thread:19350 | [NetconfSession::commit] | Finished commit operation.
[2026-04-17 02:26:45.393101] | Thread:19350 | [NetworkManager::deployConfigToNode] | Successfully deployed config for node: vstsn01
[2026-04-17 02:26:45.393227] | Thread:19746 | [CncServiceImpl::SetNodeSchedule] | Finished deploying config to node: vstsn01
[2026-04-17 02:26:45.393265] | Thread:19746 | [CncServiceImpl::SetNodeSchedule] | Finished setting node schedule (with verification) for node: vstsn01
[2026-04-17 02:26:45.393332] | Thread:19747 | [NetworkManager::deployConfigToNode] | Start config deployment for node: vstsn01
[2026-04-17 02:26:45.393487] | Thread:19350 | [NetconfSession::editData] | Start edit-config with XML length: 3260
[2026-04-17 02:26:45.421075] | Thread:19350 | [NetconfSession::editData] | Finished edit-config with XML length: 3260
[2026-04-17 02:26:45.421107] | Thread:19350 | [NetconfSession::commit] | Start commit operation.
[2026-04-17 02:26:45.470711] | Thread:19350 | [NetconfSession::commit] | Finished commit operation.
[2026-04-17 02:26:45.470745] | Thread:19350 | [NetworkManager::deployConfigToNode] | Successfully deployed config for node: vstsn01
[2026-04-17 02:26:45.470808] | Thread:19747 | [CncServiceImpl::SetNodeSchedule] | Finished deploying config to node: vstsn01
[2026-04-17 02:26:45.470846] | Thread:19747 | [CncServiceImpl::SetNodeSchedule] | Finished setting node schedule (with verification) for node: vstsn01
[2026-04-17 02:26:45.470892] | Thread:19748 | [NetworkManager::deployConfigToNode] | Start config deployment for node: vstsn01
[2026-04-17 02:26:45.471020] | Thread:19350 | [NetconfSession::editData] | Start edit-config with XML length: 3260
[2026-04-17 02:26:45.498008] | Thread:19350 | [NetconfSession::editData] | Finished edit-config with XML length: 3260
[2026-04-17 02:26:45.498030] | Thread:19350 | [NetconfSession::commit] | Start commit operation.
[2026-04-17 02:26:45.539159] | Thread:19350 | [NetconfSession::commit] | Finished commit operation.
[2026-04-17 02:26:45.539183] | Thread:19350 | [NetworkManager::deployConfigToNode] | Successfully deployed config for node: vstsn01
[2026-04-17 02:26:45.539250] | Thread:19748 | [CncServiceImpl::SetNodeSchedule] | Finished deploying config to node: vstsn01
[2026-04-17 02:26:45.539269] | Thread:19748 | [CncServiceImpl::SetNodeSchedule] | Finished setting node schedule (with verification) for node: vstsn01
[2026-04-17 02:26:45.539317] | Thread:19749 | [NetworkManager::deployConfigToNode] | Start config deployment for node: vstsn01
[2026-04-17 02:26:45.539428] | Thread:19350 | [NetconfSession::editData] | Start edit-config with XML length: 3260
[2026-04-17 02:26:45.578413] | Thread:19350 | [NetconfSession::editData] | Finished edit-config with XML length: 3260
[2026-04-17 02:26:45.578435] | Thread:19350 | [NetconfSession::commit] | Start commit operation.
[2026-04-17 02:26:45.619236] | Thread:19350 | [NetconfSession::commit] | Finished commit operation.
[2026-04-17 02:26:45.619260] | Thread:19350 | [NetworkManager::deployConfigToNode] | Successfully deployed config for node: vstsn01
[2026-04-17 02:26:45.619327] | Thread:19749 | [CncServiceImpl::SetNodeSchedule] | Finished deploying config to node: vstsn01
[2026-04-17 02:26:45.619359] | Thread:19749 | [CncServiceImpl::SetNodeSchedule] | Finished setting node schedule (with verification) for node: vstsn01
[2026-04-17 02:26:45.619472] | Thread:19750 | [NetworkManager::deployConfigToNode] | Start config deployment for node: vstsn01
[2026-04-17 02:26:45.619623] | Thread:19350 | [NetconfSession::editData] | Start edit-config with XML length: 3260
[2026-04-17 02:26:45.651066] | Thread:19350 | [NetconfSession::editData] | Finished edit-config with XML length: 3260
[2026-04-17 02:26:45.651092] | Thread:19350 | [NetconfSession::commit] | Start commit operation.
[2026-04-17 02:26:45.685433] | Thread:19752 | [CncServiceImpl::SetNodeSchedule] | Start setting node schedule for node: vstsn01
[2026-04-17 02:26:45.685975] | Thread:19736 | [CncServiceImpl::SetNodeSchedule] | Start setting node schedule for node: vstsn01
[2026-04-17 02:26:45.686506] | Thread:19763 | [CncServiceImpl::SetNodeSchedule] | Start setting node schedule for node: vstsn01
[2026-04-17 02:26:45.687480] | Thread:19764 | [CncServiceImpl::SetNodeSchedule] | Start setting node schedule for node: vstsn01
[2026-04-17 02:26:45.688380] | Thread:19765 | [CncServiceImpl::SetNodeSchedule] | Start setting node schedule for node: vstsn01
[2026-04-17 02:26:45.689136] | Thread:19766 | [CncServiceImpl::SetNodeSchedule] | Start setting node schedule for node: vstsn01
[2026-04-17 02:26:45.689939] | Thread:19767 | [CncServiceImpl::SetNodeSchedule] | Start setting node schedule for node: vstsn01
[2026-04-17 02:26:45.690755] | Thread:19768 | [CncServiceImpl::SetNodeSchedule] | Start setting node schedule for node: vstsn01
[2026-04-17 02:26:45.691500] | Thread:19769 | [CncServiceImpl::SetNodeSchedule] | Start setting node schedule for node: vstsn01
[2026-04-17 02:26:45.692492] | Thread:19770 | [CncServiceImpl::SetNodeSchedule] | Start setting node schedule for node: vstsn01
[2026-04-17 02:26:45.693071] | Thread:19771 | [CncServiceImpl::SetNodeSchedule] | Start setting node schedule for node: vstsn01
[2026-04-17 02:26:45.694018] | Thread:19772 | [CncServiceImpl::SetNodeSchedule] | Start setting node schedule for node: vstsn01
[2026-04-17 02:26:45.694636] | Thread:19773 | [CncServiceImpl::SetNodeSchedule] | Start setting node schedule for node: vstsn01
[2026-04-17 02:26:45.695173] | Thread:19350 | [NetconfSession::commit] | Finished commit operation.
[2026-04-17 02:26:45.695194] | Thread:19350 | [NetworkManager::deployConfigToNode] | Successfully deployed config for node: vstsn01
[2026-04-17 02:26:45.695257] | Thread:19750 | [CncServiceImpl::SetNodeSchedule] | Finished deploying config to node: vstsn01
[2026-04-17 02:26:45.695285] | Thread:19750 | [CncServiceImpl::SetNodeSchedule] | Finished setting node schedule (with verification) for node: vstsn01
[2026-04-17 02:26:45.695321] | Thread:19751 | [NetworkManager::deployConfigToNode] | Start config deployment for node: vstsn01
[2026-04-17 02:26:45.695435] | Thread:19774 | [CncServiceImpl::SetNodeSchedule] | Start setting node schedule for node: vstsn01
[2026-04-17 02:26:45.695451] | Thread:19350 | [NetconfSession::editData] | Start edit-config with XML length: 3260
[2026-04-17 02:26:45.696601] | Thread:19750 | [CncServiceImpl::SetNodeSchedule] | Start setting node schedule for node: vstsn01
[2026-04-17 02:26:45.724077] | Thread:19350 | [NetconfSession::editData] | Finished edit-config with XML length: 3260
[2026-04-17 02:26:45.724103] | Thread:19350 | [NetconfSession::commit] | Start commit operation.
[2026-04-17 02:26:45.764701] | Thread:19350 | [NetconfSession::commit] | Finished commit operation.
[2026-04-17 02:26:45.764726] | Thread:19350 | [NetworkManager::deployConfigToNode] | Successfully deployed config for node: vstsn01
[2026-04-17 02:26:45.764882] | Thread:19751 | [CncServiceImpl::SetNodeSchedule] | Finished deploying config to node: vstsn01
[2026-04-17 02:26:45.764948] | Thread:19751 | [CncServiceImpl::SetNodeSchedule] | Finished setting node schedule (with verification) for node: vstsn01
[2026-04-17 02:26:45.765009] | Thread:19752 | [NetworkManager::deployConfigToNode] | Start config deployment for node: vstsn01
[2026-04-17 02:26:45.765138] | Thread:19350 | [NetconfSession::editData] | Start edit-config with XML length: 3260
[2026-04-17 02:26:45.792072] | Thread:19350 | [NetconfSession::editData] | Finished edit-config with XML length: 3260
[2026-04-17 02:26:45.792098] | Thread:19350 | [NetconfSession::commit] | Start commit operation.
[2026-04-17 02:26:45.833153] | Thread:19350 | [NetconfSession::commit] | Finished commit operation.
[2026-04-17 02:26:45.833192] | Thread:19350 | [NetworkManager::deployConfigToNode] | Successfully deployed config for node: vstsn01
[2026-04-17 02:26:45.833370] | Thread:19752 | [CncServiceImpl::SetNodeSchedule] | Finished deploying config to node: vstsn01
[2026-04-17 02:26:45.833432] | Thread:19752 | [CncServiceImpl::SetNodeSchedule] | Finished setting node schedule (with verification) for node: vstsn01
[2026-04-17 02:26:45.833510] | Thread:19736 | [NetworkManager::deployConfigToNode] | Start config deployment for node: vstsn01
[2026-04-17 02:26:45.833701] | Thread:19350 | [NetconfSession::editData] | Start edit-config with XML length: 3260
[2026-04-17 02:26:45.864376] | Thread:19350 | [NetconfSession::editData] | Finished edit-config with XML length: 3260
[2026-04-17 02:26:45.864399] | Thread:19350 | [NetconfSession::commit] | Start commit operation.
[2026-04-17 02:26:45.905131] | Thread:19350 | [NetconfSession::commit] | Finished commit operation.
[2026-04-17 02:26:45.905154] | Thread:19350 | [NetworkManager::deployConfigToNode] | Successfully deployed config for node: vstsn01
[2026-04-17 02:26:45.905205] | Thread:19736 | [CncServiceImpl::SetNodeSchedule] | Finished deploying config to node: vstsn01
[2026-04-17 02:26:45.905235] | Thread:19736 | [CncServiceImpl::SetNodeSchedule] | Finished setting node schedule (with verification) for node: vstsn01
[2026-04-17 02:26:45.905291] | Thread:19763 | [NetworkManager::deployConfigToNode] | Start config deployment for node: vstsn01
[2026-04-17 02:26:45.905408] | Thread:19350 | [NetconfSession::editData] | Start edit-config with XML length: 3260
[2026-04-17 02:26:45.932673] | Thread:19350 | [NetconfSession::editData] | Finished edit-config with XML length: 3260
[2026-04-17 02:26:45.932714] | Thread:19350 | [NetconfSession::commit] | Start commit operation.
[2026-04-17 02:26:45.972760] | Thread:19350 | [NetconfSession::commit] | Finished commit operation.
[2026-04-17 02:26:45.972782] | Thread:19350 | [NetworkManager::deployConfigToNode] | Successfully deployed config for node: vstsn01
[2026-04-17 02:26:45.972841] | Thread:19763 | [CncServiceImpl::SetNodeSchedule] | Finished deploying config to node: vstsn01
[2026-04-17 02:26:45.972866] | Thread:19763 | [CncServiceImpl::SetNodeSchedule] | Finished setting node schedule (with verification) for node: vstsn01
[2026-04-17 02:26:45.972908] | Thread:19764 | [NetworkManager::deployConfigToNode] | Start config deployment for node: vstsn01
[2026-04-17 02:26:45.973009] | Thread:19350 | [NetconfSession::editData] | Start edit-config with XML length: 3260
[2026-04-17 02:26:46.000450] | Thread:19350 | [NetconfSession::editData] | Finished edit-config with XML length: 3260
[2026-04-17 02:26:46.000493] | Thread:19350 | [NetconfSession::commit] | Start commit operation.
[2026-04-17 02:26:46.040670] | Thread:19350 | [NetconfSession::commit] | Finished commit operation.
[2026-04-17 02:26:46.040716] | Thread:19350 | [NetworkManager::deployConfigToNode] | Successfully deployed config for node: vstsn01
[2026-04-17 02:26:46.040770] | Thread:19764 | [CncServiceImpl::SetNodeSchedule] | Finished deploying config to node: vstsn01
[2026-04-17 02:26:46.040823] | Thread:19764 | [CncServiceImpl::SetNodeSchedule] | Finished setting node schedule (with verification) for node: vstsn01
[2026-04-17 02:26:46.040906] | Thread:19765 | [NetworkManager::deployConfigToNode] | Start config deployment for node: vstsn01
[2026-04-17 02:26:46.041041] | Thread:19350 | [NetconfSession::editData] | Start edit-config with XML length: 3260
[2026-04-17 02:26:46.070373] | Thread:19350 | [NetconfSession::editData] | Finished edit-config with XML length: 3260
[2026-04-17 02:26:46.070405] | Thread:19350 | [NetconfSession::commit] | Start commit operation.
[2026-04-17 02:26:46.110901] | Thread:19350 | [NetconfSession::commit] | Finished commit operation.
[2026-04-17 02:26:46.110931] | Thread:19350 | [NetworkManager::deployConfigToNode] | Successfully deployed config for node: vstsn01
[2026-04-17 02:26:46.111024] | Thread:19765 | [CncServiceImpl::SetNodeSchedule] | Finished deploying config to node: vstsn01
[2026-04-17 02:26:46.111136] | Thread:19765 | [CncServiceImpl::SetNodeSchedule] | Finished setting node schedule (with verification) for node: vstsn01
[2026-04-17 02:26:46.111201] | Thread:19766 | [NetworkManager::deployConfigToNode] | Start config deployment for node: vstsn01
[2026-04-17 02:26:46.111313] | Thread:19350 | [NetconfSession::editData] | Start edit-config with XML length: 3260
[2026-04-17 02:26:46.140303] | Thread:19350 | [NetconfSession::editData] | Finished edit-config with XML length: 3260
[2026-04-17 02:26:46.140356] | Thread:19350 | [NetconfSession::commit] | Start commit operation.
[2026-04-17 02:26:46.180436] | Thread:19350 | [NetconfSession::commit] | Finished commit operation.
[2026-04-17 02:26:46.180464] | Thread:19350 | [NetworkManager::deployConfigToNode] | Successfully deployed config for node: vstsn01
[2026-04-17 02:26:46.180495] | Thread:19766 | [CncServiceImpl::SetNodeSchedule] | Finished deploying config to node: vstsn01
[2026-04-17 02:26:46.180540] | Thread:19766 | [CncServiceImpl::SetNodeSchedule] | Finished setting node schedule (with verification) for node: vstsn01
[2026-04-17 02:26:46.180595] | Thread:19767 | [NetworkManager::deployConfigToNode] | Start config deployment for node: vstsn01
[2026-04-17 02:26:46.180726] | Thread:19350 | [NetconfSession::editData] | Start edit-config with XML length: 3260
[2026-04-17 02:26:46.211511] | Thread:19350 | [NetconfSession::editData] | Finished edit-config with XML length: 3260
[2026-04-17 02:26:46.211549] | Thread:19350 | [NetconfSession::commit] | Start commit operation.
[2026-04-17 02:26:46.253259] | Thread:19350 | [NetconfSession::commit] | Finished commit operation.
[2026-04-17 02:26:46.253291] | Thread:19350 | [NetworkManager::deployConfigToNode] | Successfully deployed config for node: vstsn01
[2026-04-17 02:26:46.253344] | Thread:19767 | [CncServiceImpl::SetNodeSchedule] | Finished deploying config to node: vstsn01
[2026-04-17 02:26:46.253400] | Thread:19767 | [CncServiceImpl::SetNodeSchedule] | Finished setting node schedule (with verification) for node: vstsn01
[2026-04-17 02:26:46.253460] | Thread:19768 | [NetworkManager::deployConfigToNode] | Start config deployment for node: vstsn01
[2026-04-17 02:26:46.253621] | Thread:19350 | [NetconfSession::editData] | Start edit-config with XML length: 3260
[2026-04-17 02:26:46.284317] | Thread:19350 | [NetconfSession::editData] | Finished edit-config with XML length: 3260
[2026-04-17 02:26:46.284341] | Thread:19350 | [NetconfSession::commit] | Start commit operation.
[2026-04-17 02:26:46.325026] | Thread:19350 | [NetconfSession::commit] | Finished commit operation.
[2026-04-17 02:26:46.325049] | Thread:19350 | [NetworkManager::deployConfigToNode] | Successfully deployed config for node: vstsn01
[2026-04-17 02:26:46.325129] | Thread:19768 | [CncServiceImpl::SetNodeSchedule] | Finished deploying config to node: vstsn01
[2026-04-17 02:26:46.325169] | Thread:19768 | [CncServiceImpl::SetNodeSchedule] | Finished setting node schedule (with verification) for node: vstsn01
[2026-04-17 02:26:46.325233] | Thread:19769 | [NetworkManager::deployConfigToNode] | Start config deployment for node: vstsn01
[2026-04-17 02:26:46.325350] | Thread:19350 | [NetconfSession::editData] | Start edit-config with XML length: 3260
[2026-04-17 02:26:46.352457] | Thread:19350 | [NetconfSession::editData] | Finished edit-config with XML length: 3260
[2026-04-17 02:26:46.352480] | Thread:19350 | [NetconfSession::commit] | Start commit operation.
[2026-04-17 02:26:46.392862] | Thread:19350 | [NetconfSession::commit] | Finished commit operation.
[2026-04-17 02:26:46.392889] | Thread:19350 | [NetworkManager::deployConfigToNode] | Successfully deployed config for node: vstsn01
[2026-04-17 02:26:46.393078] | Thread:19769 | [CncServiceImpl::SetNodeSchedule] | Finished deploying config to node: vstsn01
[2026-04-17 02:26:46.393156] | Thread:19769 | [CncServiceImpl::SetNodeSchedule] | Finished setting node schedule (with verification) for node: vstsn01
[2026-04-17 02:26:46.393236] | Thread:19770 | [NetworkManager::deployConfigToNode] | Start config deployment for node: vstsn01
[2026-04-17 02:26:46.393352] | Thread:19350 | [NetconfSession::editData] | Start edit-config with XML length: 3260
[2026-04-17 02:26:46.420331] | Thread:19350 | [NetconfSession::editData] | Finished edit-config with XML length: 3260
[2026-04-17 02:26:46.420361] | Thread:19350 | [NetconfSession::commit] | Start commit operation.
[2026-04-17 02:26:46.470409] | Thread:19350 | [NetconfSession::commit] | Finished commit operation.
[2026-04-17 02:26:46.470442] | Thread:19350 | [NetworkManager::deployConfigToNode] | Successfully deployed config for node: vstsn01
[2026-04-17 02:26:46.470496] | Thread:19770 | [CncServiceImpl::SetNodeSchedule] | Finished deploying config to node: vstsn01
[2026-04-17 02:26:46.470531] | Thread:19770 | [CncServiceImpl::SetNodeSchedule] | Finished setting node schedule (with verification) for node: vstsn01
[2026-04-17 02:26:46.470575] | Thread:19771 | [NetworkManager::deployConfigToNode] | Start config deployment for node: vstsn01
[2026-04-17 02:26:46.470692] | Thread:19350 | [NetconfSession::editData] | Start edit-config with XML length: 3260
[2026-04-17 02:26:46.506023] | Thread:19350 | [NetconfSession::editData] | Finished edit-config with XML length: 3260
[2026-04-17 02:26:46.506045] | Thread:19350 | [NetconfSession::commit] | Start commit operation.
[2026-04-17 02:26:46.546227] | Thread:19350 | [NetconfSession::commit] | Finished commit operation.
[2026-04-17 02:26:46.546246] | Thread:19350 | [NetworkManager::deployConfigToNode] | Successfully deployed config for node: vstsn01
[2026-04-17 02:26:46.546394] | Thread:19771 | [CncServiceImpl::SetNodeSchedule] | Finished deploying config to node: vstsn01
[2026-04-17 02:26:46.546425] | Thread:19771 | [CncServiceImpl::SetNodeSchedule] | Finished setting node schedule (with verification) for node: vstsn01
[2026-04-17 02:26:46.546470] | Thread:19772 | [NetworkManager::deployConfigToNode] | Start config deployment for node: vstsn01
[2026-04-17 02:26:46.546582] | Thread:19350 | [NetconfSession::editData] | Start edit-config with XML length: 3260
[2026-04-17 02:26:46.574902] | Thread:19350 | [NetconfSession::editData] | Finished edit-config with XML length: 3260
[2026-04-17 02:26:46.574955] | Thread:19350 | [NetconfSession::commit] | Start commit operation.
[2026-04-17 02:26:46.615858] | Thread:19350 | [NetconfSession::commit] | Finished commit operation.
[2026-04-17 02:26:46.615912] | Thread:19350 | [NetworkManager::deployConfigToNode] | Successfully deployed config for node: vstsn01
[2026-04-17 02:26:46.616076] | Thread:19772 | [CncServiceImpl::SetNodeSchedule] | Finished deploying config to node: vstsn01
[2026-04-17 02:26:46.616180] | Thread:19772 | [CncServiceImpl::SetNodeSchedule] | Finished setting node schedule (with verification) for node: vstsn01
[2026-04-17 02:26:46.616292] | Thread:19773 | [NetworkManager::deployConfigToNode] | Start config deployment for node: vstsn01
[2026-04-17 02:26:46.616535] | Thread:19350 | [NetconfSession::editData] | Start edit-config with XML length: 3260
[2026-04-17 02:26:46.649897] | Thread:19350 | [NetconfSession::editData] | Finished edit-config with XML length: 3260
[2026-04-17 02:26:46.649966] | Thread:19350 | [NetconfSession::commit] | Start commit operation.
[2026-04-17 02:26:46.690790] | Thread:19775 | [CncServiceImpl::SetNodeSchedule] | Start setting node schedule for node: vstsn01
[2026-04-17 02:26:46.691245] | Thread:19350 | [NetconfSession::commit] | Finished commit operation.
[2026-04-17 02:26:46.691282] | Thread:19350 | [NetworkManager::deployConfigToNode] | Successfully deployed config for node: vstsn01
[2026-04-17 02:26:46.691393] | Thread:19773 | [CncServiceImpl::SetNodeSchedule] | Finished deploying config to node: vstsn01
[2026-04-17 02:26:46.691456] | Thread:19773 | [CncServiceImpl::SetNodeSchedule] | Finished setting node schedule (with verification) for node: vstsn01
[2026-04-17 02:26:46.691527] | Thread:19774 | [NetworkManager::deployConfigToNode] | Start config deployment for node: vstsn01
[2026-04-17 02:26:46.691720] | Thread:19350 | [NetconfSession::editData] | Start edit-config with XML length: 3260
[2026-04-17 02:26:46.692132] | Thread:19751 | [CncServiceImpl::SetNodeSchedule] | Start setting node schedule for node: vstsn01
[2026-04-17 02:26:46.693630] | Thread:19773 | [CncServiceImpl::SetNodeSchedule] | Start setting node schedule for node: vstsn01
[2026-04-17 02:26:46.694979] | Thread:19781 | [CncServiceImpl::SetNodeSchedule] | Start setting node schedule for node: vstsn01
[2026-04-17 02:26:46.696296] | Thread:19782 | [CncServiceImpl::SetNodeSchedule] | Start setting node schedule for node: vstsn01
[2026-04-17 02:26:46.697297] | Thread:19783 | [CncServiceImpl::SetNodeSchedule] | Start setting node schedule for node: vstsn01
[2026-04-17 02:26:46.698070] | Thread:19784 | [CncServiceImpl::SetNodeSchedule] | Start setting node schedule for node: vstsn01
[2026-04-17 02:26:46.698952] | Thread:19785 | [CncServiceImpl::SetNodeSchedule] | Start setting node schedule for node: vstsn01
[2026-04-17 02:26:46.699816] | Thread:19786 | [CncServiceImpl::SetNodeSchedule] | Start setting node schedule for node: vstsn01
[2026-04-17 02:26:46.701063] | Thread:19787 | [CncServiceImpl::SetNodeSchedule] | Start setting node schedule for node: vstsn01
[2026-04-17 02:26:46.702343] | Thread:19788 | [CncServiceImpl::SetNodeSchedule] | Start setting node schedule for node: vstsn01
[2026-04-17 02:26:46.703024] | Thread:19789 | [CncServiceImpl::SetNodeSchedule] | Start setting node schedule for node: vstsn01
[2026-04-17 02:26:46.704010] | Thread:19790 | [CncServiceImpl::SetNodeSchedule] | Start setting node schedule for node: vstsn01
[2026-04-17 02:26:46.704927] | Thread:19791 | [CncServiceImpl::SetNodeSchedule] | Start setting node schedule for node: vstsn01
[2026-04-17 02:26:46.705648] | Thread:19792 | [CncServiceImpl::SetNodeSchedule] | Start setting node schedule for node: vstsn01
[2026-04-17 02:26:46.706386] | Thread:19793 | [CncServiceImpl::SetNodeSchedule] | Start setting node schedule for node: vstsn01
[2026-04-17 02:26:46.724190] | Thread:19350 | [NetconfSession::editData] | Finished edit-config with XML length: 3260
[2026-04-17 02:26:46.724214] | Thread:19350 | [NetconfSession::commit] | Start commit operation.
[2026-04-17 02:26:46.765500] | Thread:19350 | [NetconfSession::commit] | Finished commit operation.
[2026-04-17 02:26:46.765546] | Thread:19350 | [NetworkManager::deployConfigToNode] | Successfully deployed config for node: vstsn01
[2026-04-17 02:26:46.765631] | Thread:19774 | [CncServiceImpl::SetNodeSchedule] | Finished deploying config to node: vstsn01
[2026-04-17 02:26:46.765701] | Thread:19774 | [CncServiceImpl::SetNodeSchedule] | Finished setting node schedule (with verification) for node: vstsn01
[2026-04-17 02:26:46.765796] | Thread:19750 | [NetworkManager::deployConfigToNode] | Start config deployment for node: vstsn01
[2026-04-17 02:26:46.766007] | Thread:19350 | [NetconfSession::editData] | Start edit-config with XML length: 3260
[2026-04-17 02:26:46.797663] | Thread:19350 | [NetconfSession::editData] | Finished edit-config with XML length: 3260
[2026-04-17 02:26:46.797741] | Thread:19350 | [NetconfSession::commit] | Start commit operation.
[2026-04-17 02:26:46.838717] | Thread:19350 | [NetconfSession::commit] | Finished commit operation.
[2026-04-17 02:26:46.838741] | Thread:19350 | [NetworkManager::deployConfigToNode] | Successfully deployed config for node: vstsn01
[2026-04-17 02:26:46.838819] | Thread:19750 | [CncServiceImpl::SetNodeSchedule] | Finished deploying config to node: vstsn01
[2026-04-17 02:26:46.838870] | Thread:19750 | [CncServiceImpl::SetNodeSchedule] | Finished setting node schedule (with verification) for node: vstsn01
[2026-04-17 02:26:46.838931] | Thread:19775 | [NetworkManager::deployConfigToNode] | Start config deployment for node: vstsn01
[2026-04-17 02:26:46.839048] | Thread:19350 | [NetconfSession::editData] | Start edit-config with XML length: 3260
[2026-04-17 02:26:46.866320] | Thread:19350 | [NetconfSession::editData] | Finished edit-config with XML length: 3260
[2026-04-17 02:26:46.866358] | Thread:19350 | [NetconfSession::commit] | Start commit operation.
[2026-04-17 02:26:46.906611] | Thread:19350 | [NetconfSession::commit] | Finished commit operation.
[2026-04-17 02:26:46.906639] | Thread:19350 | [NetworkManager::deployConfigToNode] | Successfully deployed config for node: vstsn01
[2026-04-17 02:26:46.906687] | Thread:19775 | [CncServiceImpl::SetNodeSchedule] | Finished deploying config to node: vstsn01
[2026-04-17 02:26:46.906734] | Thread:19775 | [CncServiceImpl::SetNodeSchedule] | Finished setting node schedule (with verification) for node: vstsn01
[2026-04-17 02:26:46.906788] | Thread:19751 | [NetworkManager::deployConfigToNode] | Start config deployment for node: vstsn01
[2026-04-17 02:26:46.906932] | Thread:19350 | [NetconfSession::editData] | Start edit-config with XML length: 3260
[2026-04-17 02:26:46.934956] | Thread:19350 | [NetconfSession::editData] | Finished edit-config with XML length: 3260
[2026-04-17 02:26:46.934980] | Thread:19350 | [NetconfSession::commit] | Start commit operation.
[2026-04-17 02:26:46.974962] | Thread:19350 | [NetconfSession::commit] | Finished commit operation.
[2026-04-17 02:26:46.974985] | Thread:19350 | [NetworkManager::deployConfigToNode] | Successfully deployed config for node: vstsn01
[2026-04-17 02:26:46.975032] | Thread:19751 | [CncServiceImpl::SetNodeSchedule] | Finished deploying config to node: vstsn01
[2026-04-17 02:26:46.975086] | Thread:19751 | [CncServiceImpl::SetNodeSchedule] | Finished setting node schedule (with verification) for node: vstsn01
[2026-04-17 02:26:46.975164] | Thread:19773 | [NetworkManager::deployConfigToNode] | Start config deployment for node: vstsn01
[2026-04-17 02:26:46.975283] | Thread:19350 | [NetconfSession::editData] | Start edit-config with XML length: 3260
[2026-04-17 02:26:47.006507] | Thread:19350 | [NetconfSession::editData] | Finished edit-config with XML length: 3260
[2026-04-17 02:26:47.006550] | Thread:19350 | [NetconfSession::commit] | Start commit operation.
[2026-04-17 02:26:47.046668] | Thread:19350 | [NetconfSession::commit] | Finished commit operation.
[2026-04-17 02:26:47.046706] | Thread:19350 | [NetworkManager::deployConfigToNode] | Successfully deployed config for node: vstsn01
[2026-04-17 02:26:47.046770] | Thread:19773 | [CncServiceImpl::SetNodeSchedule] | Finished deploying config to node: vstsn01
[2026-04-17 02:26:47.046810] | Thread:19773 | [CncServiceImpl::SetNodeSchedule] | Finished setting node schedule (with verification) for node: vstsn01
[2026-04-17 02:26:47.046859] | Thread:19781 | [NetworkManager::deployConfigToNode] | Start config deployment for node: vstsn01
[2026-04-17 02:26:47.046970] | Thread:19350 | [NetconfSession::editData] | Start edit-config with XML length: 3260
[2026-04-17 02:26:47.075253] | Thread:19350 | [NetconfSession::editData] | Finished edit-config with XML length: 3260
[2026-04-17 02:26:47.075279] | Thread:19350 | [NetconfSession::commit] | Start commit operation.
[2026-04-17 02:26:47.118430] | Thread:19350 | [NetconfSession::commit] | Finished commit operation.
[2026-04-17 02:26:47.118458] | Thread:19350 | [NetworkManager::deployConfigToNode] | Successfully deployed config for node: vstsn01
[2026-04-17 02:26:47.118556] | Thread:19781 | [CncServiceImpl::SetNodeSchedule] | Finished deploying config to node: vstsn01
[2026-04-17 02:26:47.118613] | Thread:19781 | [CncServiceImpl::SetNodeSchedule] | Finished setting node schedule (with verification) for node: vstsn01
[2026-04-17 02:26:47.118679] | Thread:19782 | [NetworkManager::deployConfigToNode] | Start config deployment for node: vstsn01
[2026-04-17 02:26:47.118865] | Thread:19350 | [NetconfSession::editData] | Start edit-config with XML length: 3260
[2026-04-17 02:26:47.147801] | Thread:19350 | [NetconfSession::editData] | Finished edit-config with XML length: 3260
[2026-04-17 02:26:47.147832] | Thread:19350 | [NetconfSession::commit] | Start commit operation.
[2026-04-17 02:26:47.188298] | Thread:19350 | [NetconfSession::commit] | Finished commit operation.
[2026-04-17 02:26:47.188330] | Thread:19350 | [NetworkManager::deployConfigToNode] | Successfully deployed config for node: vstsn01
[2026-04-17 02:26:47.188384] | Thread:19782 | [CncServiceImpl::SetNodeSchedule] | Finished deploying config to node: vstsn01
[2026-04-17 02:26:47.188413] | Thread:19782 | [CncServiceImpl::SetNodeSchedule] | Finished setting node schedule (with verification) for node: vstsn01
[2026-04-17 02:26:47.188459] | Thread:19783 | [NetworkManager::deployConfigToNode] | Start config deployment for node: vstsn01
[2026-04-17 02:26:47.188591] | Thread:19350 | [NetconfSession::editData] | Start edit-config with XML length: 3260
[2026-04-17 02:26:47.217726] | Thread:19350 | [NetconfSession::editData] | Finished edit-config with XML length: 3260
[2026-04-17 02:26:47.217759] | Thread:19350 | [NetconfSession::commit] | Start commit operation.
[2026-04-17 02:26:47.257130] | Thread:19350 | [NetconfSession::commit] | Finished commit operation.
[2026-04-17 02:26:47.257161] | Thread:19350 | [NetworkManager::deployConfigToNode] | Successfully deployed config for node: vstsn01
[2026-04-17 02:26:47.257192] | Thread:19783 | [CncServiceImpl::SetNodeSchedule] | Finished deploying config to node: vstsn01
[2026-04-17 02:26:47.257229] | Thread:19783 | [CncServiceImpl::SetNodeSchedule] | Finished setting node schedule (with verification) for node: vstsn01
[2026-04-17 02:26:47.257285] | Thread:19784 | [NetworkManager::deployConfigToNode] | Start config deployment for node: vstsn01
[2026-04-17 02:26:47.257413] | Thread:19350 | [NetconfSession::editData] | Start edit-config with XML length: 3260
[2026-04-17 02:26:47.284183] | Thread:19350 | [NetconfSession::editData] | Finished edit-config with XML length: 3260
[2026-04-17 02:26:47.284212] | Thread:19350 | [NetconfSession::commit] | Start commit operation.
[2026-04-17 02:26:47.324044] | Thread:19350 | [NetconfSession::commit] | Finished commit operation.
[2026-04-17 02:26:47.324072] | Thread:19350 | [NetworkManager::deployConfigToNode] | Successfully deployed config for node: vstsn01
[2026-04-17 02:26:47.324126] | Thread:19784 | [CncServiceImpl::SetNodeSchedule] | Finished deploying config to node: vstsn01
[2026-04-17 02:26:47.324180] | Thread:19784 | [CncServiceImpl::SetNodeSchedule] | Finished setting node schedule (with verification) for node: vstsn01
[2026-04-17 02:26:47.324235] | Thread:19785 | [NetworkManager::deployConfigToNode] | Start config deployment for node: vstsn01
[2026-04-17 02:26:47.324368] | Thread:19350 | [NetconfSession::editData] | Start edit-config with XML length: 3260
[2026-04-17 02:26:47.352949] | Thread:19350 | [NetconfSession::editData] | Finished edit-config with XML length: 3260
[2026-04-17 02:26:47.352986] | Thread:19350 | [NetconfSession::commit] | Start commit operation.
[2026-04-17 02:26:47.392813] | Thread:19350 | [NetconfSession::commit] | Finished commit operation.
[2026-04-17 02:26:47.392842] | Thread:19350 | [NetworkManager::deployConfigToNode] | Successfully deployed config for node: vstsn01
[2026-04-17 02:26:47.392890] | Thread:19785 | [CncServiceImpl::SetNodeSchedule] | Finished deploying config to node: vstsn01
[2026-04-17 02:26:47.392985] | Thread:19785 | [CncServiceImpl::SetNodeSchedule] | Finished setting node schedule (with verification) for node: vstsn01
[2026-04-17 02:26:47.393088] | Thread:19786 | [NetworkManager::deployConfigToNode] | Start config deployment for node: vstsn01
[2026-04-17 02:26:47.393191] | Thread:19350 | [NetconfSession::editData] | Start edit-config with XML length: 3260
[2026-04-17 02:26:47.422872] | Thread:19350 | [NetconfSession::editData] | Finished edit-config with XML length: 3260
[2026-04-17 02:26:47.422897] | Thread:19350 | [NetconfSession::commit] | Start commit operation.
[2026-04-17 02:26:47.464677] | Thread:19350 | [NetconfSession::commit] | Finished commit operation.
[2026-04-17 02:26:47.464698] | Thread:19350 | [NetworkManager::deployConfigToNode] | Successfully deployed config for node: vstsn01
[2026-04-17 02:26:47.464741] | Thread:19786 | [CncServiceImpl::SetNodeSchedule] | Finished deploying config to node: vstsn01
[2026-04-17 02:26:47.464802] | Thread:19786 | [CncServiceImpl::SetNodeSchedule] | Finished setting node schedule (with verification) for node: vstsn01
[2026-04-17 02:26:47.464849] | Thread:19787 | [NetworkManager::deployConfigToNode] | Start config deployment for node: vstsn01
[2026-04-17 02:26:47.464943] | Thread:19350 | [NetconfSession::editData] | Start edit-config with XML length: 3260
[2026-04-17 02:26:47.495734] | Thread:19350 | [NetconfSession::editData] | Finished edit-config with XML length: 3260
[2026-04-17 02:26:47.495757] | Thread:19350 | [NetconfSession::commit] | Start commit operation.
[2026-04-17 02:26:47.537843] | Thread:19350 | [NetconfSession::commit] | Finished commit operation.
[2026-04-17 02:26:47.537902] | Thread:19350 | [NetworkManager::deployConfigToNode] | Successfully deployed config for node: vstsn01
[2026-04-17 02:26:47.538021] | Thread:19787 | [CncServiceImpl::SetNodeSchedule] | Finished deploying config to node: vstsn01
[2026-04-17 02:26:47.538108] | Thread:19787 | [CncServiceImpl::SetNodeSchedule] | Finished setting node schedule (with verification) for node: vstsn01
[2026-04-17 02:26:47.538216] | Thread:19788 | [NetworkManager::deployConfigToNode] | Start config deployment for node: vstsn01
[2026-04-17 02:26:47.538501] | Thread:19350 | [NetconfSession::editData] | Start edit-config with XML length: 3260
[2026-04-17 02:26:47.568686] | Thread:19350 | [NetconfSession::editData] | Finished edit-config with XML length: 3260
[2026-04-17 02:26:47.568732] | Thread:19350 | [NetconfSession::commit] | Start commit operation.
[2026-04-17 02:26:47.610559] | Thread:19350 | [NetconfSession::commit] | Finished commit operation.
[2026-04-17 02:26:47.610618] | Thread:19350 | [NetworkManager::deployConfigToNode] | Successfully deployed config for node: vstsn01
[2026-04-17 02:26:47.610753] | Thread:19788 | [CncServiceImpl::SetNodeSchedule] | Finished deploying config to node: vstsn01
[2026-04-17 02:26:47.610882] | Thread:19788 | [CncServiceImpl::SetNodeSchedule] | Finished setting node schedule (with verification) for node: vstsn01
[2026-04-17 02:26:47.611041] | Thread:19789 | [NetworkManager::deployConfigToNode] | Start config deployment for node: vstsn01
[2026-04-17 02:26:47.611312] | Thread:19350 | [NetconfSession::editData] | Start edit-config with XML length: 3260
[2026-04-17 02:26:47.641499] | Thread:19350 | [NetconfSession::editData] | Finished edit-config with XML length: 3260
[2026-04-17 02:26:47.641530] | Thread:19350 | [NetconfSession::commit] | Start commit operation.
[2026-04-17 02:26:47.684081] | Thread:19350 | [NetconfSession::commit] | Finished commit operation.
[2026-04-17 02:26:47.684139] | Thread:19350 | [NetworkManager::deployConfigToNode] | Successfully deployed config for node: vstsn01
[2026-04-17 02:26:47.684246] | Thread:19789 | [CncServiceImpl::SetNodeSchedule] | Finished deploying config to node: vstsn01
[2026-04-17 02:26:47.684355] | Thread:19789 | [CncServiceImpl::SetNodeSchedule] | Finished setting node schedule (with verification) for node: vstsn01
[2026-04-17 02:26:47.684505] | Thread:19790 | [NetworkManager::deployConfigToNode] | Start config deployment for node: vstsn01
[2026-04-17 02:26:47.684812] | Thread:19350 | [NetconfSession::editData] | Start edit-config with XML length: 3260
[2026-04-17 02:26:47.695654] | Thread:19774 | [CncServiceImpl::SetNodeSchedule] | Start setting node schedule for node: vstsn01
[2026-04-17 02:26:47.697121] | Thread:19794 | [CncServiceImpl::SetNodeSchedule] | Start setting node schedule for node: vstsn01
[2026-04-17 02:26:47.702570] | Thread:19805 | [CncServiceImpl::SetNodeSchedule] | Start setting node schedule for node: vstsn01
[2026-04-17 02:26:47.705826] | Thread:19807 | [CncServiceImpl::SetNodeSchedule] | Start setting node schedule for node: vstsn01
[2026-04-17 02:26:47.708511] | Thread:19808 | [CncServiceImpl::SetNodeSchedule] | Start setting node schedule for node: vstsn01
[2026-04-17 02:26:47.710840] | Thread:19809 | [CncServiceImpl::SetNodeSchedule] | Start setting node schedule for node: vstsn01
[2026-04-17 02:26:47.712952] | Thread:19810 | [CncServiceImpl::SetNodeSchedule] | Start setting node schedule for node: vstsn01
[2026-04-17 02:26:47.714584] | Thread:19811 | [CncServiceImpl::SetNodeSchedule] | Start setting node schedule for node: vstsn01
[2026-04-17 02:26:47.714766] | Thread:19350 | [NetconfSession::editData] | Finished edit-config with XML length: 3260
[2026-04-17 02:26:47.714809] | Thread:19350 | [NetconfSession::commit] | Start commit operation.
[2026-04-17 02:26:47.716761] | Thread:19812 | [CncServiceImpl::SetNodeSchedule] | Start setting node schedule for node: vstsn01
[2026-04-17 02:26:47.718056] | Thread:19813 | [CncServiceImpl::SetNodeSchedule] | Start setting node schedule for node: vstsn01
[2026-04-17 02:26:47.719360] | Thread:19814 | [CncServiceImpl::SetNodeSchedule] | Start setting node schedule for node: vstsn01
[2026-04-17 02:26:47.720659] | Thread:19815 | [CncServiceImpl::SetNodeSchedule] | Start setting node schedule for node: vstsn01
[2026-04-17 02:26:47.721873] | Thread:19816 | [CncServiceImpl::SetNodeSchedule] | Start setting node schedule for node: vstsn01
[2026-04-17 02:26:47.723113] | Thread:19817 | [CncServiceImpl::SetNodeSchedule] | Start setting node schedule for node: vstsn01
[2026-04-17 02:26:47.724167] | Thread:19818 | [CncServiceImpl::SetNodeSchedule] | Start setting node schedule for node: vstsn01
[2026-04-17 02:26:47.725628] | Thread:19819 | [CncServiceImpl::SetNodeSchedule] | Start setting node schedule for node: vstsn01
[2026-04-17 02:26:47.726707] | Thread:19820 | [CncServiceImpl::SetNodeSchedule] | Start setting node schedule for node: vstsn01
[2026-04-17 02:26:47.757365] | Thread:19350 | [NetconfSession::commit] | Finished commit operation.
[2026-04-17 02:26:47.757389] | Thread:19350 | [NetworkManager::deployConfigToNode] | Successfully deployed config for node: vstsn01
[2026-04-17 02:26:47.757455] | Thread:19790 | [CncServiceImpl::SetNodeSchedule] | Finished deploying config to node: vstsn01
[2026-04-17 02:26:47.757485] | Thread:19790 | [CncServiceImpl::SetNodeSchedule] | Finished setting node schedule (with verification) for node: vstsn01
[2026-04-17 02:26:47.757541] | Thread:19791 | [NetworkManager::deployConfigToNode] | Start config deployment for node: vstsn01
[2026-04-17 02:26:47.757638] | Thread:19350 | [NetconfSession::editData] | Start edit-config with XML length: 3260
[2026-04-17 02:26:47.802388] | Thread:19350 | [NetconfSession::editData] | Finished edit-config with XML length: 3260
[2026-04-17 02:26:47.802441] | Thread:19350 | [NetconfSession::commit] | Start commit operation.
[2026-04-17 02:26:47.843937] | Thread:19350 | [NetconfSession::commit] | Finished commit operation.
[2026-04-17 02:26:47.843991] | Thread:19350 | [NetworkManager::deployConfigToNode] | Successfully deployed config for node: vstsn01
[2026-04-17 02:26:47.844109] | Thread:19791 | [CncServiceImpl::SetNodeSchedule] | Finished deploying config to node: vstsn01
[2026-04-17 02:26:47.844196] | Thread:19791 | [CncServiceImpl::SetNodeSchedule] | Finished setting node schedule (with verification) for node: vstsn01
[2026-04-17 02:26:47.844336] | Thread:19792 | [NetworkManager::deployConfigToNode] | Start config deployment for node: vstsn01
[2026-04-17 02:26:47.844560] | Thread:19350 | [NetconfSession::editData] | Start edit-config with XML length: 3260
[2026-04-17 02:26:47.874898] | Thread:19350 | [NetconfSession::editData] | Finished edit-config with XML length: 3260
[2026-04-17 02:26:47.874961] | Thread:19350 | [NetconfSession::commit] | Start commit operation.
[2026-04-17 02:26:47.914968] | Thread:19350 | [NetconfSession::commit] | Finished commit operation.
[2026-04-17 02:26:47.915007] | Thread:19350 | [NetworkManager::deployConfigToNode] | Successfully deployed config for node: vstsn01
[2026-04-17 02:26:47.915130] | Thread:19792 | [CncServiceImpl::SetNodeSchedule] | Finished deploying config to node: vstsn01
[2026-04-17 02:26:47.915189] | Thread:19792 | [CncServiceImpl::SetNodeSchedule] | Finished setting node schedule (with verification) for node: vstsn01
[2026-04-17 02:26:47.915315] | Thread:19793 | [NetworkManager::deployConfigToNode] | Start config deployment for node: vstsn01
[2026-04-17 02:26:47.915752] | Thread:19350 | [NetconfSession::editData] | Start edit-config with XML length: 3260
[2026-04-17 02:26:47.945069] | Thread:19350 | [NetconfSession::editData] | Finished edit-config with XML length: 3260
[2026-04-17 02:26:47.945124] | Thread:19350 | [NetconfSession::commit] | Start commit operation.
[2026-04-17 02:26:47.987151] | Thread:19350 | [NetconfSession::commit] | Finished commit operation.
[2026-04-17 02:26:47.987193] | Thread:19350 | [NetworkManager::deployConfigToNode] | Successfully deployed config for node: vstsn01
[2026-04-17 02:26:47.987250] | Thread:19793 | [CncServiceImpl::SetNodeSchedule] | Finished deploying config to node: vstsn01
[2026-04-17 02:26:47.987283] | Thread:19793 | [CncServiceImpl::SetNodeSchedule] | Finished setting node schedule (with verification) for node: vstsn01
[2026-04-17 02:26:47.987400] | Thread:19774 | [NetworkManager::deployConfigToNode] | Start config deployment for node: vstsn01
[2026-04-17 02:26:47.987558] | Thread:19350 | [NetconfSession::editData] | Start edit-config with XML length: 3260
[2026-04-17 02:26:48.036502] | Thread:19350 | [NetconfSession::editData] | Finished edit-config with XML length: 3260
[2026-04-17 02:26:48.036544] | Thread:19350 | [NetconfSession::commit] | Start commit operation.
[2026-04-17 02:26:48.092289] | Thread:19350 | [NetconfSession::commit] | Finished commit operation.
[2026-04-17 02:26:48.092335] | Thread:19350 | [NetworkManager::deployConfigToNode] | Successfully deployed config for node: vstsn01
[2026-04-17 02:26:48.092438] | Thread:19774 | [CncServiceImpl::SetNodeSchedule] | Finished deploying config to node: vstsn01
[2026-04-17 02:26:48.092481] | Thread:19774 | [CncServiceImpl::SetNodeSchedule] | Finished setting node schedule (with verification) for node: vstsn01
[2026-04-17 02:26:48.092595] | Thread:19794 | [NetworkManager::deployConfigToNode] | Start config deployment for node: vstsn01
[2026-04-17 02:26:48.092847] | Thread:19350 | [NetconfSession::editData] | Start edit-config with XML length: 3260
[2026-04-17 02:26:48.122060] | Thread:19350 | [NetconfSession::editData] | Finished edit-config with XML length: 3260
[2026-04-17 02:26:48.122097] | Thread:19350 | [NetconfSession::commit] | Start commit operation.
[2026-04-17 02:26:48.166252] | Thread:19350 | [NetconfSession::commit] | Finished commit operation.
[2026-04-17 02:26:48.166280] | Thread:19350 | [NetworkManager::deployConfigToNode] | Successfully deployed config for node: vstsn01
[2026-04-17 02:26:48.166329] | Thread:19794 | [CncServiceImpl::SetNodeSchedule] | Finished deploying config to node: vstsn01
[2026-04-17 02:26:48.166362] | Thread:19794 | [CncServiceImpl::SetNodeSchedule] | Finished setting node schedule (with verification) for node: vstsn01
[2026-04-17 02:26:48.166405] | Thread:19805 | [NetworkManager::deployConfigToNode] | Start config deployment for node: vstsn01
[2026-04-17 02:26:48.166521] | Thread:19350 | [NetconfSession::editData] | Start edit-config with XML length: 3260
[2026-04-17 02:26:48.195658] | Thread:19350 | [NetconfSession::editData] | Finished edit-config with XML length: 3260
[2026-04-17 02:26:48.195682] | Thread:19350 | [NetconfSession::commit] | Start commit operation.
[2026-04-17 02:26:48.237093] | Thread:19350 | [NetconfSession::commit] | Finished commit operation.
[2026-04-17 02:26:48.237120] | Thread:19350 | [NetworkManager::deployConfigToNode] | Successfully deployed config for node: vstsn01
[2026-04-17 02:26:48.237173] | Thread:19805 | [CncServiceImpl::SetNodeSchedule] | Finished deploying config to node: vstsn01
[2026-04-17 02:26:48.237227] | Thread:19805 | [CncServiceImpl::SetNodeSchedule] | Finished setting node schedule (with verification) for node: vstsn01
[2026-04-17 02:26:48.237269] | Thread:19807 | [NetworkManager::deployConfigToNode] | Start config deployment for node: vstsn01
[2026-04-17 02:26:48.237380] | Thread:19350 | [NetconfSession::editData] | Start edit-config with XML length: 3260
[2026-04-17 02:26:48.266316] | Thread:19350 | [NetconfSession::editData] | Finished edit-config with XML length: 3260
[2026-04-17 02:26:48.266341] | Thread:19350 | [NetconfSession::commit] | Start commit operation.
[2026-04-17 02:26:48.307263] | Thread:19350 | [NetconfSession::commit] | Finished commit operation.
[2026-04-17 02:26:48.307294] | Thread:19350 | [NetworkManager::deployConfigToNode] | Successfully deployed config for node: vstsn01
[2026-04-17 02:26:48.307339] | Thread:19807 | [CncServiceImpl::SetNodeSchedule] | Finished deploying config to node: vstsn01
[2026-04-17 02:26:48.307393] | Thread:19807 | [CncServiceImpl::SetNodeSchedule] | Finished setting node schedule (with verification) for node: vstsn01
[2026-04-17 02:26:48.307444] | Thread:19808 | [NetworkManager::deployConfigToNode] | Start config deployment for node: vstsn01
[2026-04-17 02:26:48.307570] | Thread:19350 | [NetconfSession::editData] | Start edit-config with XML length: 3260
[2026-04-17 02:26:48.336710] | Thread:19350 | [NetconfSession::editData] | Finished edit-config with XML length: 3260
[2026-04-17 02:26:48.336742] | Thread:19350 | [NetconfSession::commit] | Start commit operation.
[2026-04-17 02:26:48.378737] | Thread:19350 | [NetconfSession::commit] | Finished commit operation.
[2026-04-17 02:26:48.378762] | Thread:19350 | [NetworkManager::deployConfigToNode] | Successfully deployed config for node: vstsn01
[2026-04-17 02:26:48.378904] | Thread:19808 | [CncServiceImpl::SetNodeSchedule] | Finished deploying config to node: vstsn01
[2026-04-17 02:26:48.378940] | Thread:19808 | [CncServiceImpl::SetNodeSchedule] | Finished setting node schedule (with verification) for node: vstsn01
[2026-04-17 02:26:48.379007] | Thread:19809 | [NetworkManager::deployConfigToNode] | Start config deployment for node: vstsn01
[2026-04-17 02:26:48.379121] | Thread:19350 | [NetconfSession::editData] | Start edit-config with XML length: 3260
[2026-04-17 02:26:48.406639] | Thread:19350 | [NetconfSession::editData] | Finished edit-config with XML length: 3260
[2026-04-17 02:26:48.406665] | Thread:19350 | [NetconfSession::commit] | Start commit operation.
[2026-04-17 02:26:48.447936] | Thread:19350 | [NetconfSession::commit] | Finished commit operation.
[2026-04-17 02:26:48.447963] | Thread:19350 | [NetworkManager::deployConfigToNode] | Successfully deployed config for node: vstsn01
[2026-04-17 02:26:48.448024] | Thread:19809 | [CncServiceImpl::SetNodeSchedule] | Finished deploying config to node: vstsn01
[2026-04-17 02:26:48.448085] | Thread:19809 | [CncServiceImpl::SetNodeSchedule] | Finished setting node schedule (with verification) for node: vstsn01
[2026-04-17 02:26:48.448144] | Thread:19810 | [NetworkManager::deployConfigToNode] | Start config deployment for node: vstsn01
[2026-04-17 02:26:48.448272] | Thread:19350 | [NetconfSession::editData] | Start edit-config with XML length: 3260
[2026-04-17 02:26:48.477552] | Thread:19350 | [NetconfSession::editData] | Finished edit-config with XML length: 3260
[2026-04-17 02:26:48.477575] | Thread:19350 | [NetconfSession::commit] | Start commit operation.
[2026-04-17 02:26:48.519253] | Thread:19350 | [NetconfSession::commit] | Finished commit operation.
[2026-04-17 02:26:48.519278] | Thread:19350 | [NetworkManager::deployConfigToNode] | Successfully deployed config for node: vstsn01
[2026-04-17 02:26:48.519591] | Thread:19810 | [CncServiceImpl::SetNodeSchedule] | Finished deploying config to node: vstsn01
[2026-04-17 02:26:48.519675] | Thread:19810 | [CncServiceImpl::SetNodeSchedule] | Finished setting node schedule (with verification) for node: vstsn01
[2026-04-17 02:26:48.519762] | Thread:19811 | [NetworkManager::deployConfigToNode] | Start config deployment for node: vstsn01
[2026-04-17 02:26:48.519906] | Thread:19350 | [NetconfSession::editData] | Start edit-config with XML length: 3260
[2026-04-17 02:26:48.550616] | Thread:19350 | [NetconfSession::editData] | Finished edit-config with XML length: 3260
[2026-04-17 02:26:48.550656] | Thread:19350 | [NetconfSession::commit] | Start commit operation.
[2026-04-17 02:26:48.590632] | Thread:19350 | [NetconfSession::commit] | Finished commit operation.
[2026-04-17 02:26:48.590671] | Thread:19350 | [NetworkManager::deployConfigToNode] | Successfully deployed config for node: vstsn01
[2026-04-17 02:26:48.590749] | Thread:19811 | [CncServiceImpl::SetNodeSchedule] | Finished deploying config to node: vstsn01
[2026-04-17 02:26:48.590854] | Thread:19811 | [CncServiceImpl::SetNodeSchedule] | Finished setting node schedule (with verification) for node: vstsn01
[2026-04-17 02:26:48.590956] | Thread:19812 | [NetworkManager::deployConfigToNode] | Start config deployment for node: vstsn01
[2026-04-17 02:26:48.591072] | Thread:19350 | [NetconfSession::editData] | Start edit-config with XML length: 3260
[2026-04-17 02:26:48.619442] | Thread:19350 | [NetconfSession::editData] | Finished edit-config with XML length: 3260
[2026-04-17 02:26:48.619476] | Thread:19350 | [NetconfSession::commit] | Start commit operation.
[2026-04-17 02:26:48.660730] | Thread:19350 | [NetconfSession::commit] | Finished commit operation.
[2026-04-17 02:26:48.660770] | Thread:19350 | [NetworkManager::deployConfigToNode] | Successfully deployed config for node: vstsn01
[2026-04-17 02:26:48.660852] | Thread:19812 | [CncServiceImpl::SetNodeSchedule] | Finished deploying config to node: vstsn01
[2026-04-17 02:26:48.660955] | Thread:19812 | [CncServiceImpl::SetNodeSchedule] | Finished setting node schedule (with verification) for node: vstsn01
[2026-04-17 02:26:48.661017] | Thread:19813 | [NetworkManager::deployConfigToNode] | Start config deployment for node: vstsn01
[2026-04-17 02:26:48.661144] | Thread:19350 | [NetconfSession::editData] | Start edit-config with XML length: 3260
[2026-04-17 02:26:48.688024] | Thread:19350 | [NetconfSession::editData] | Finished edit-config with XML length: 3260
[2026-04-17 02:26:48.688055] | Thread:19350 | [NetconfSession::commit] | Start commit operation.
[2026-04-17 02:26:48.710061] | Thread:19821 | [CncServiceImpl::SetNodeSchedule] | Start setting node schedule for node: vstsn01
[2026-04-17 02:26:48.710532] | Thread:19790 | [CncServiceImpl::SetNodeSchedule] | Start setting node schedule for node: vstsn01
[2026-04-17 02:26:48.711030] | Thread:19826 | [CncServiceImpl::SetNodeSchedule] | Start setting node schedule for node: vstsn01
[2026-04-17 02:26:48.712086] | Thread:19827 | [CncServiceImpl::SetNodeSchedule] | Start setting node schedule for node: vstsn01
[2026-04-17 02:26:48.712669] | Thread:19828 | [CncServiceImpl::SetNodeSchedule] | Start setting node schedule for node: vstsn01
[2026-04-17 02:26:48.713537] | Thread:19830 | [CncServiceImpl::SetNodeSchedule] | Start setting node schedule for node: vstsn01
[2026-04-17 02:26:48.714145] | Thread:19831 | [CncServiceImpl::SetNodeSchedule] | Start setting node schedule for node: vstsn01
[2026-04-17 02:26:48.716291] | Thread:19832 | [CncServiceImpl::SetNodeSchedule] | Start setting node schedule for node: vstsn01
[2026-04-17 02:26:48.716405] | Thread:19834 | [CncServiceImpl::SetNodeSchedule] | Start setting node schedule for node: vstsn01
[2026-04-17 02:26:48.716550] | Thread:19836 | [CncServiceImpl::SetNodeSchedule] | Start setting node schedule for node: vstsn01
[2026-04-17 02:26:48.718888] | Thread:19837 | [CncServiceImpl::SetNodeSchedule] | Start setting node schedule for node: vstsn01
[2026-04-17 02:26:48.719040] | Thread:19839 | [CncServiceImpl::SetNodeSchedule] | Start setting node schedule for node: vstsn01
[2026-04-17 02:26:48.719161] | Thread:19840 | [CncServiceImpl::SetNodeSchedule] | Start setting node schedule for node: vstsn01
[2026-04-17 02:26:48.720889] | Thread:19841 | [CncServiceImpl::SetNodeSchedule] | Start setting node schedule for node: vstsn01
[2026-04-17 02:26:48.721056] | Thread:19842 | [CncServiceImpl::SetNodeSchedule] | Start setting node schedule for node: vstsn01
[2026-04-17 02:26:48.721542] | Thread:19843 | [CncServiceImpl::SetNodeSchedule] | Start setting node schedule for node: vstsn01
[2026-04-17 02:26:48.722452] | Thread:19844 | [CncServiceImpl::SetNodeSchedule] | Start setting node schedule for node: vstsn01
[2026-04-17 02:26:48.723202] | Thread:19845 | [CncServiceImpl::SetNodeSchedule] | Start setting node schedule for node: vstsn01
[2026-04-17 02:26:48.728191] | Thread:19350 | [NetconfSession::commit] | Finished commit operation.
[2026-04-17 02:26:48.728218] | Thread:19350 | [NetworkManager::deployConfigToNode] | Successfully deployed config for node: vstsn01
[2026-04-17 02:26:48.728267] | Thread:19813 | [CncServiceImpl::SetNodeSchedule] | Finished deploying config to node: vstsn01
[2026-04-17 02:26:48.728320] | Thread:19813 | [CncServiceImpl::SetNodeSchedule] | Finished setting node schedule (with verification) for node: vstsn01
[2026-04-17 02:26:48.728389] | Thread:19814 | [NetworkManager::deployConfigToNode] | Start config deployment for node: vstsn01
[2026-04-17 02:26:48.728497] | Thread:19350 | [NetconfSession::editData] | Start edit-config with XML length: 3260
[2026-04-17 02:26:48.758947] | Thread:19350 | [NetconfSession::editData] | Finished edit-config with XML length: 3260
[2026-04-17 02:26:48.758976] | Thread:19350 | [NetconfSession::commit] | Start commit operation.
[2026-04-17 02:26:48.798934] | Thread:19350 | [NetconfSession::commit] | Finished commit operation.
[2026-04-17 02:26:48.798959] | Thread:19350 | [NetworkManager::deployConfigToNode] | Successfully deployed config for node: vstsn01
[2026-04-17 02:26:48.799092] | Thread:19814 | [CncServiceImpl::SetNodeSchedule] | Finished deploying config to node: vstsn01
[2026-04-17 02:26:48.799142] | Thread:19814 | [CncServiceImpl::SetNodeSchedule] | Finished setting node schedule (with verification) for node: vstsn01
[2026-04-17 02:26:48.799270] | Thread:19815 | [NetworkManager::deployConfigToNode] | Start config deployment for node: vstsn01
[2026-04-17 02:26:48.799390] | Thread:19350 | [NetconfSession::editData] | Start edit-config with XML length: 3260
[2026-04-17 02:26:48.826603] | Thread:19350 | [NetconfSession::editData] | Finished edit-config with XML length: 3260
[2026-04-17 02:26:48.826637] | Thread:19350 | [NetconfSession::commit] | Start commit operation.
[2026-04-17 02:26:48.867331] | Thread:19350 | [NetconfSession::commit] | Finished commit operation.
[2026-04-17 02:26:48.867368] | Thread:19350 | [NetworkManager::deployConfigToNode] | Successfully deployed config for node: vstsn01
[2026-04-17 02:26:48.867538] | Thread:19815 | [CncServiceImpl::SetNodeSchedule] | Finished deploying config to node: vstsn01
[2026-04-17 02:26:48.867595] | Thread:19815 | [CncServiceImpl::SetNodeSchedule] | Finished setting node schedule (with verification) for node: vstsn01
[2026-04-17 02:26:48.867664] | Thread:19816 | [NetworkManager::deployConfigToNode] | Start config deployment for node: vstsn01
[2026-04-17 02:26:48.867804] | Thread:19350 | [NetconfSession::editData] | Start edit-config with XML length: 3260
[2026-04-17 02:26:48.897097] | Thread:19350 | [NetconfSession::editData] | Finished edit-config with XML length: 3260
[2026-04-17 02:26:48.897126] | Thread:19350 | [NetconfSession::commit] | Start commit operation.
[2026-04-17 02:26:48.939695] | Thread:19350 | [NetconfSession::commit] | Finished commit operation.
[2026-04-17 02:26:48.939720] | Thread:19350 | [NetworkManager::deployConfigToNode] | Successfully deployed config for node: vstsn01
[2026-04-17 02:26:48.939963] | Thread:19816 | [CncServiceImpl::SetNodeSchedule] | Finished deploying config to node: vstsn01
[2026-04-17 02:26:48.940103] | Thread:19816 | [CncServiceImpl::SetNodeSchedule] | Finished setting node schedule (with verification) for node: vstsn01
[2026-04-17 02:26:48.940163] | Thread:19817 | [NetworkManager::deployConfigToNode] | Start config deployment for node: vstsn01
[2026-04-17 02:26:48.940279] | Thread:19350 | [NetconfSession::editData] | Start edit-config with XML length: 3260
[2026-04-17 02:26:48.968402] | Thread:19350 | [NetconfSession::editData] | Finished edit-config with XML length: 3260
[2026-04-17 02:26:48.968426] | Thread:19350 | [NetconfSession::commit] | Start commit operation.
[2026-04-17 02:26:49.009027] | Thread:19350 | [NetconfSession::commit] | Finished commit operation.
[2026-04-17 02:26:49.009054] | Thread:19350 | [NetworkManager::deployConfigToNode] | Successfully deployed config for node: vstsn01
[2026-04-17 02:26:49.009361] | Thread:19817 | [CncServiceImpl::SetNodeSchedule] | Finished deploying config to node: vstsn01
[2026-04-17 02:26:49.009447] | Thread:19817 | [CncServiceImpl::SetNodeSchedule] | Finished setting node schedule (with verification) for node: vstsn01
[2026-04-17 02:26:49.009589] | Thread:19818 | [NetworkManager::deployConfigToNode] | Start config deployment for node: vstsn01
[2026-04-17 02:26:49.009767] | Thread:19350 | [NetconfSession::editData] | Start edit-config with XML length: 3260
[2026-04-17 02:26:49.038198] | Thread:19350 | [NetconfSession::editData] | Finished edit-config with XML length: 3260
[2026-04-17 02:26:49.038245] | Thread:19350 | [NetconfSession::commit] | Start commit operation.
[2026-04-17 02:26:49.078640] | Thread:19350 | [NetconfSession::commit] | Finished commit operation.
[2026-04-17 02:26:49.078665] | Thread:19350 | [NetworkManager::deployConfigToNode] | Successfully deployed config for node: vstsn01
[2026-04-17 02:26:49.078820] | Thread:19818 | [CncServiceImpl::SetNodeSchedule] | Finished deploying config to node: vstsn01
[2026-04-17 02:26:49.078860] | Thread:19818 | [CncServiceImpl::SetNodeSchedule] | Finished setting node schedule (with verification) for node: vstsn01
[2026-04-17 02:26:49.078912] | Thread:19819 | [NetworkManager::deployConfigToNode] | Start config deployment for node: vstsn01
[2026-04-17 02:26:49.079084] | Thread:19350 | [NetconfSession::editData] | Start edit-config with XML length: 3260
[2026-04-17 02:26:49.106204] | Thread:19350 | [NetconfSession::editData] | Finished edit-config with XML length: 3260
[2026-04-17 02:26:49.106253] | Thread:19350 | [NetconfSession::commit] | Start commit operation.
[2026-04-17 02:26:49.147028] | Thread:19350 | [NetconfSession::commit] | Finished commit operation.
[2026-04-17 02:26:49.147062] | Thread:19350 | [NetworkManager::deployConfigToNode] | Successfully deployed config for node: vstsn01
[2026-04-17 02:26:49.147135] | Thread:19819 | [CncServiceImpl::SetNodeSchedule] | Finished deploying config to node: vstsn01
[2026-04-17 02:26:49.147165] | Thread:19819 | [CncServiceImpl::SetNodeSchedule] | Finished setting node schedule (with verification) for node: vstsn01
[2026-04-17 02:26:49.147221] | Thread:19820 | [NetworkManager::deployConfigToNode] | Start config deployment for node: vstsn01
[2026-04-17 02:26:49.147362] | Thread:19350 | [NetconfSession::editData] | Start edit-config with XML length: 3260
[2026-04-17 02:26:49.178997] | Thread:19350 | [NetconfSession::editData] | Finished edit-config with XML length: 3260
[2026-04-17 02:26:49.179023] | Thread:19350 | [NetconfSession::commit] | Start commit operation.
[2026-04-17 02:26:49.219945] | Thread:19350 | [NetconfSession::commit] | Finished commit operation.
[2026-04-17 02:26:49.220173] | Thread:19350 | [NetworkManager::deployConfigToNode] | Successfully deployed config for node: vstsn01
[2026-04-17 02:26:49.220258] | Thread:19820 | [CncServiceImpl::SetNodeSchedule] | Finished deploying config to node: vstsn01
[2026-04-17 02:26:49.220316] | Thread:19820 | [CncServiceImpl::SetNodeSchedule] | Finished setting node schedule (with verification) for node: vstsn01
[2026-04-17 02:26:49.220366] | Thread:19821 | [NetworkManager::deployConfigToNode] | Start config deployment for node: vstsn01
[2026-04-17 02:26:49.220517] | Thread:19350 | [NetconfSession::editData] | Start edit-config with XML length: 3260
[2026-04-17 02:26:49.253991] | Thread:19350 | [NetconfSession::editData] | Finished edit-config with XML length: 3260
[2026-04-17 02:26:49.254023] | Thread:19350 | [NetconfSession::commit] | Start commit operation.
[2026-04-17 02:26:49.296393] | Thread:19350 | [NetconfSession::commit] | Finished commit operation.
[2026-04-17 02:26:49.296425] | Thread:19350 | [NetworkManager::deployConfigToNode] | Successfully deployed config for node: vstsn01
[2026-04-17 02:26:49.296471] | Thread:19821 | [CncServiceImpl::SetNodeSchedule] | Finished deploying config to node: vstsn01
[2026-04-17 02:26:49.296497] | Thread:19821 | [CncServiceImpl::SetNodeSchedule] | Finished setting node schedule (with verification) for node: vstsn01
[2026-04-17 02:26:49.296608] | Thread:19790 | [NetworkManager::deployConfigToNode] | Start config deployment for node: vstsn01
[2026-04-17 02:26:49.296909] | Thread:19350 | [NetconfSession::editData] | Start edit-config with XML length: 3260
[2026-04-17 02:26:49.326266] | Thread:19350 | [NetconfSession::editData] | Finished edit-config with XML length: 3260
[2026-04-17 02:26:49.326326] | Thread:19350 | [NetconfSession::commit] | Start commit operation.
[2026-04-17 02:26:49.367420] | Thread:19350 | [NetconfSession::commit] | Finished commit operation.
[2026-04-17 02:26:49.367445] | Thread:19350 | [NetworkManager::deployConfigToNode] | Successfully deployed config for node: vstsn01
[2026-04-17 02:26:49.367503] | Thread:19790 | [CncServiceImpl::SetNodeSchedule] | Finished deploying config to node: vstsn01
[2026-04-17 02:26:49.367564] | Thread:19790 | [CncServiceImpl::SetNodeSchedule] | Finished setting node schedule (with verification) for node: vstsn01
[2026-04-17 02:26:49.367608] | Thread:19826 | [NetworkManager::deployConfigToNode] | Start config deployment for node: vstsn01
[2026-04-17 02:26:49.367731] | Thread:19350 | [NetconfSession::editData] | Start edit-config with XML length: 3260
[2026-04-17 02:26:49.396012] | Thread:19350 | [NetconfSession::editData] | Finished edit-config with XML length: 3260
[2026-04-17 02:26:49.396053] | Thread:19350 | [NetconfSession::commit] | Start commit operation.
[2026-04-17 02:26:49.437436] | Thread:19350 | [NetconfSession::commit] | Finished commit operation.
[2026-04-17 02:26:49.437466] | Thread:19350 | [NetworkManager::deployConfigToNode] | Successfully deployed config for node: vstsn01
[2026-04-17 02:26:49.437519] | Thread:19826 | [CncServiceImpl::SetNodeSchedule] | Finished deploying config to node: vstsn01
[2026-04-17 02:26:49.437573] | Thread:19826 | [CncServiceImpl::SetNodeSchedule] | Finished setting node schedule (with verification) for node: vstsn01
[2026-04-17 02:26:49.437645] | Thread:19827 | [NetworkManager::deployConfigToNode] | Start config deployment for node: vstsn01
[2026-04-17 02:26:49.437785] | Thread:19350 | [NetconfSession::editData] | Start edit-config with XML length: 3260
[2026-04-17 02:26:49.469059] | Thread:19350 | [NetconfSession::editData] | Finished edit-config with XML length: 3260
[2026-04-17 02:26:49.469097] | Thread:19350 | [NetconfSession::commit] | Start commit operation.
[2026-04-17 02:26:49.508727] | Thread:19350 | [NetconfSession::commit] | Finished commit operation.
[2026-04-17 02:26:49.508776] | Thread:19350 | [NetworkManager::deployConfigToNode] | Successfully deployed config for node: vstsn01
[2026-04-17 02:26:49.508846] | Thread:19827 | [CncServiceImpl::SetNodeSchedule] | Finished deploying config to node: vstsn01
[2026-04-17 02:26:49.508880] | Thread:19827 | [CncServiceImpl::SetNodeSchedule] | Finished setting node schedule (with verification) for node: vstsn01
[2026-04-17 02:26:49.508935] | Thread:19828 | [NetworkManager::deployConfigToNode] | Start config deployment for node: vstsn01
[2026-04-17 02:26:49.509049] | Thread:19350 | [NetconfSession::editData] | Start edit-config with XML length: 3260
[2026-04-17 02:26:49.536039] | Thread:19350 | [NetconfSession::editData] | Finished edit-config with XML length: 3260
[2026-04-17 02:26:49.536070] | Thread:19350 | [NetconfSession::commit] | Start commit operation.
[2026-04-17 02:26:49.578537] | Thread:19350 | [NetconfSession::commit] | Finished commit operation.
[2026-04-17 02:26:49.578563] | Thread:19350 | [NetworkManager::deployConfigToNode] | Successfully deployed config for node: vstsn01
[2026-04-17 02:26:49.578617] | Thread:19828 | [CncServiceImpl::SetNodeSchedule] | Finished deploying config to node: vstsn01
[2026-04-17 02:26:49.578647] | Thread:19828 | [CncServiceImpl::SetNodeSchedule] | Finished setting node schedule (with verification) for node: vstsn01
[2026-04-17 02:26:49.578701] | Thread:19830 | [NetworkManager::deployConfigToNode] | Start config deployment for node: vstsn01
[2026-04-17 02:26:49.578822] | Thread:19350 | [NetconfSession::editData] | Start edit-config with XML length: 3260
[2026-04-17 02:26:49.610860] | Thread:19350 | [NetconfSession::editData] | Finished edit-config with XML length: 3260
[2026-04-17 02:26:49.610890] | Thread:19350 | [NetconfSession::commit] | Start commit operation.
[2026-04-17 02:26:49.650719] | Thread:19350 | [NetconfSession::commit] | Finished commit operation.
[2026-04-17 02:26:49.650755] | Thread:19350 | [NetworkManager::deployConfigToNode] | Successfully deployed config for node: vstsn01
[2026-04-17 02:26:49.650897] | Thread:19830 | [CncServiceImpl::SetNodeSchedule] | Finished deploying config to node: vstsn01
[2026-04-17 02:26:49.650948] | Thread:19830 | [CncServiceImpl::SetNodeSchedule] | Finished setting node schedule (with verification) for node: vstsn01
[2026-04-17 02:26:49.651025] | Thread:19831 | [NetworkManager::deployConfigToNode] | Start config deployment for node: vstsn01
[2026-04-17 02:26:49.651183] | Thread:19350 | [NetconfSession::editData] | Start edit-config with XML length: 3260
[2026-04-17 02:26:49.680610] | Thread:19350 | [NetconfSession::editData] | Finished edit-config with XML length: 3260
[2026-04-17 02:26:49.680633] | Thread:19350 | [NetconfSession::commit] | Start commit operation.
[2026-04-17 02:26:49.721515] | Thread:19350 | [NetconfSession::commit] | Finished commit operation.
[2026-04-17 02:26:49.721538] | Thread:19350 | [NetworkManager::deployConfigToNode] | Successfully deployed config for node: vstsn01
[2026-04-17 02:26:49.721584] | Thread:19831 | [CncServiceImpl::SetNodeSchedule] | Finished deploying config to node: vstsn01
[2026-04-17 02:26:49.721610] | Thread:19831 | [CncServiceImpl::SetNodeSchedule] | Finished setting node schedule (with verification) for node: vstsn01
[2026-04-17 02:26:49.721654] | Thread:19832 | [NetworkManager::deployConfigToNode] | Start config deployment for node: vstsn01
[2026-04-17 02:26:49.721772] | Thread:19350 | [NetconfSession::editData] | Start edit-config with XML length: 3260
[2026-04-17 02:26:49.723914] | Thread:19846 | [CncServiceImpl::SetNodeSchedule] | Start setting node schedule for node: vstsn01
[2026-04-17 02:26:49.725917] | Thread:19813 | [CncServiceImpl::SetNodeSchedule] | Start setting node schedule for node: vstsn01
[2026-04-17 02:26:49.726786] | Thread:19849 | [CncServiceImpl::SetNodeSchedule] | Start setting node schedule for node: vstsn01
[2026-04-17 02:26:49.727890] | Thread:19851 | [CncServiceImpl::SetNodeSchedule] | Start setting node schedule for node: vstsn01
[2026-04-17 02:26:49.728562] | Thread:19852 | [CncServiceImpl::SetNodeSchedule] | Start setting node schedule for node: vstsn01
[2026-04-17 02:26:49.729373] | Thread:19853 | [CncServiceImpl::SetNodeSchedule] | Start setting node schedule for node: vstsn01
[2026-04-17 02:26:49.730290] | Thread:19855 | [CncServiceImpl::SetNodeSchedule] | Start setting node schedule for node: vstsn01
[2026-04-17 02:26:49.731084] | Thread:19856 | [CncServiceImpl::SetNodeSchedule] | Start setting node schedule for node: vstsn01
[2026-04-17 02:26:49.731902] | Thread:19857 | [CncServiceImpl::SetNodeSchedule] | Start setting node schedule for node: vstsn01
[2026-04-17 02:26:49.732596] | Thread:19858 | [CncServiceImpl::SetNodeSchedule] | Start setting node schedule for node: vstsn01
[2026-04-17 02:26:49.733377] | Thread:19859 | [CncServiceImpl::SetNodeSchedule] | Start setting node schedule for node: vstsn01
[2026-04-17 02:26:49.733873] | Thread:19860 | [CncServiceImpl::SetNodeSchedule] | Start setting node schedule for node: vstsn01
[2026-04-17 02:26:49.734697] | Thread:19861 | [CncServiceImpl::SetNodeSchedule] | Start setting node schedule for node: vstsn01
[2026-04-17 02:26:49.735490] | Thread:19862 | [CncServiceImpl::SetNodeSchedule] | Start setting node schedule for node: vstsn01
[2026-04-17 02:26:49.736321] | Thread:19863 | [CncServiceImpl::SetNodeSchedule] | Start setting node schedule for node: vstsn01
[2026-04-17 02:26:49.737078] | Thread:19864 | [CncServiceImpl::SetNodeSchedule] | Start setting node schedule for node: vstsn01
[2026-04-17 02:26:49.737814] | Thread:19865 | [CncServiceImpl::SetNodeSchedule] | Start setting node schedule for node: vstsn01
[2026-04-17 02:26:49.740288] | Thread:19866 | [CncServiceImpl::SetNodeSchedule] | Start setting node schedule for node: vstsn01
[2026-04-17 02:26:49.740432] | Thread:19867 | [CncServiceImpl::SetNodeSchedule] | Start setting node schedule for node: vstsn01
[2026-04-17 02:26:49.751305] | Thread:19350 | [NetconfSession::editData] | Finished edit-config with XML length: 3260
[2026-04-17 02:26:49.751350] | Thread:19350 | [NetconfSession::commit] | Start commit operation.
[2026-04-17 02:26:49.796282] | Thread:19350 | [NetconfSession::commit] | Finished commit operation.
[2026-04-17 02:26:49.796304] | Thread:19350 | [NetworkManager::deployConfigToNode] | Successfully deployed config for node: vstsn01
[2026-04-17 02:26:49.796357] | Thread:19832 | [CncServiceImpl::SetNodeSchedule] | Finished deploying config to node: vstsn01
[2026-04-17 02:26:49.796402] | Thread:19832 | [CncServiceImpl::SetNodeSchedule] | Finished setting node schedule (with verification) for node: vstsn01
[2026-04-17 02:26:49.796466] | Thread:19834 | [NetworkManager::deployConfigToNode] | Start config deployment for node: vstsn01
[2026-04-17 02:26:49.796557] | Thread:19350 | [NetconfSession::editData] | Start edit-config with XML length: 3260
[2026-04-17 02:26:49.824202] | Thread:19350 | [NetconfSession::editData] | Finished edit-config with XML length: 3260
[2026-04-17 02:26:49.824226] | Thread:19350 | [NetconfSession::commit] | Start commit operation.
[2026-04-17 02:26:49.864592] | Thread:19350 | [NetconfSession::commit] | Finished commit operation.
[2026-04-17 02:26:49.864618] | Thread:19350 | [NetworkManager::deployConfigToNode] | Successfully deployed config for node: vstsn01
[2026-04-17 02:26:49.864665] | Thread:19834 | [CncServiceImpl::SetNodeSchedule] | Finished deploying config to node: vstsn01
[2026-04-17 02:26:49.864693] | Thread:19834 | [CncServiceImpl::SetNodeSchedule] | Finished setting node schedule (with verification) for node: vstsn01
[2026-04-17 02:26:49.864735] | Thread:19836 | [NetworkManager::deployConfigToNode] | Start config deployment for node: vstsn01
[2026-04-17 02:26:49.864870] | Thread:19350 | [NetconfSession::editData] | Start edit-config with XML length: 3260
[2026-04-17 02:26:49.894144] | Thread:19350 | [NetconfSession::editData] | Finished edit-config with XML length: 3260
[2026-04-17 02:26:49.894166] | Thread:19350 | [NetconfSession::commit] | Start commit operation.
[2026-04-17 02:26:49.935008] | Thread:19350 | [NetconfSession::commit] | Finished commit operation.
[2026-04-17 02:26:49.935029] | Thread:19350 | [NetworkManager::deployConfigToNode] | Successfully deployed config for node: vstsn01
[2026-04-17 02:26:49.935170] | Thread:19836 | [CncServiceImpl::SetNodeSchedule] | Finished deploying config to node: vstsn01
[2026-04-17 02:26:49.935207] | Thread:19836 | [CncServiceImpl::SetNodeSchedule] | Finished setting node schedule (with verification) for node: vstsn01
[2026-04-17 02:26:49.935309] | Thread:19837 | [NetworkManager::deployConfigToNode] | Start config deployment for node: vstsn01
[2026-04-17 02:26:49.935416] | Thread:19350 | [NetconfSession::editData] | Start edit-config with XML length: 3260
[2026-04-17 02:26:49.962677] | Thread:19350 | [NetconfSession::editData] | Finished edit-config with XML length: 3260
[2026-04-17 02:26:49.962716] | Thread:19350 | [NetconfSession::commit] | Start commit operation.
[2026-04-17 02:26:50.003531] | Thread:19350 | [NetconfSession::commit] | Finished commit operation.
[2026-04-17 02:26:50.003562] | Thread:19350 | [NetworkManager::deployConfigToNode] | Successfully deployed config for node: vstsn01
[2026-04-17 02:26:50.003614] | Thread:19837 | [CncServiceImpl::SetNodeSchedule] | Finished deploying config to node: vstsn01
[2026-04-17 02:26:50.003649] | Thread:19837 | [CncServiceImpl::SetNodeSchedule] | Finished setting node schedule (with verification) for node: vstsn01
[2026-04-17 02:26:50.003686] | Thread:19839 | [NetworkManager::deployConfigToNode] | Start config deployment for node: vstsn01
[2026-04-17 02:26:50.003780] | Thread:19350 | [NetconfSession::editData] | Start edit-config with XML length: 3260
[2026-04-17 02:26:50.038557] | Thread:19350 | [NetconfSession::editData] | Finished edit-config with XML length: 3260
[2026-04-17 02:26:50.038587] | Thread:19350 | [NetconfSession::commit] | Start commit operation.
[2026-04-17 02:26:50.084804] | Thread:19350 | [NetconfSession::commit] | Finished commit operation.
[2026-04-17 02:26:50.084838] | Thread:19350 | [NetworkManager::deployConfigToNode] | Successfully deployed config for node: vstsn01
[2026-04-17 02:26:50.084889] | Thread:19839 | [CncServiceImpl::SetNodeSchedule] | Finished deploying config to node: vstsn01
[2026-04-17 02:26:50.084919] | Thread:19839 | [CncServiceImpl::SetNodeSchedule] | Finished setting node schedule (with verification) for node: vstsn01
[2026-04-17 02:26:50.084961] | Thread:19840 | [NetworkManager::deployConfigToNode] | Start config deployment for node: vstsn01
[2026-04-17 02:26:50.085057] | Thread:19350 | [NetconfSession::editData] | Start edit-config with XML length: 3260
[2026-04-17 02:26:50.120245] | Thread:19350 | [NetconfSession::editData] | Finished edit-config with XML length: 3260
[2026-04-17 02:26:50.120274] | Thread:19350 | [NetconfSession::commit] | Start commit operation.
[2026-04-17 02:26:50.168933] | Thread:19350 | [NetconfSession::commit] | Finished commit operation.
[2026-04-17 02:26:50.168963] | Thread:19350 | [NetworkManager::deployConfigToNode] | Successfully deployed config for node: vstsn01
[2026-04-17 02:26:50.169023] | Thread:19840 | [CncServiceImpl::SetNodeSchedule] | Finished deploying config to node: vstsn01
[2026-04-17 02:26:50.169052] | Thread:19840 | [CncServiceImpl::SetNodeSchedule] | Finished setting node schedule (with verification) for node: vstsn01
[2026-04-17 02:26:50.169096] | Thread:19841 | [NetworkManager::deployConfigToNode] | Start config deployment for node: vstsn01
[2026-04-17 02:26:50.169198] | Thread:19350 | [NetconfSession::editData] | Start edit-config with XML length: 3260
[2026-04-17 02:26:50.203480] | Thread:19350 | [NetconfSession::editData] | Finished edit-config with XML length: 3260
[2026-04-17 02:26:50.203511] | Thread:19350 | [NetconfSession::commit] | Start commit operation.
[2026-04-17 02:26:50.254732] | Thread:19350 | [NetconfSession::commit] | Finished commit operation.
[2026-04-17 02:26:50.254757] | Thread:19350 | [NetworkManager::deployConfigToNode] | Successfully deployed config for node: vstsn01
[2026-04-17 02:26:50.254812] | Thread:19841 | [CncServiceImpl::SetNodeSchedule] | Finished deploying config to node: vstsn01
[2026-04-17 02:26:50.254867] | Thread:19841 | [CncServiceImpl::SetNodeSchedule] | Finished setting node schedule (with verification) for node: vstsn01
[2026-04-17 02:26:50.254913] | Thread:19842 | [NetworkManager::deployConfigToNode] | Start config deployment for node: vstsn01
[2026-04-17 02:26:50.255040] | Thread:19350 | [NetconfSession::editData] | Start edit-config with XML length: 3260
[2026-04-17 02:26:50.303345] | Thread:19350 | [NetconfSession::editData] | Finished edit-config with XML length: 3260
[2026-04-17 02:26:50.303376] | Thread:19350 | [NetconfSession::commit] | Start commit operation.
[2026-04-17 02:26:50.353891] | Thread:19350 | [NetconfSession::commit] | Finished commit operation.
[2026-04-17 02:26:50.353922] | Thread:19350 | [NetworkManager::deployConfigToNode] | Successfully deployed config for node: vstsn01
[2026-04-17 02:26:50.353970] | Thread:19842 | [CncServiceImpl::SetNodeSchedule] | Finished deploying config to node: vstsn01
[2026-04-17 02:26:50.354004] | Thread:19842 | [CncServiceImpl::SetNodeSchedule] | Finished setting node schedule (with verification) for node: vstsn01
[2026-04-17 02:26:50.354052] | Thread:19843 | [NetworkManager::deployConfigToNode] | Start config deployment for node: vstsn01
[2026-04-17 02:26:50.354170] | Thread:19350 | [NetconfSession::editData] | Start edit-config with XML length: 3260
[2026-04-17 02:26:50.384374] | Thread:19350 | [NetconfSession::editData] | Finished edit-config with XML length: 3260
[2026-04-17 02:26:50.384398] | Thread:19350 | [NetconfSession::commit] | Start commit operation.
[2026-04-17 02:26:50.424732] | Thread:19350 | [NetconfSession::commit] | Finished commit operation.
[2026-04-17 02:26:50.424755] | Thread:19350 | [NetworkManager::deployConfigToNode] | Successfully deployed config for node: vstsn01
[2026-04-17 02:26:50.424929] | Thread:19843 | [CncServiceImpl::SetNodeSchedule] | Finished deploying config to node: vstsn01
[2026-04-17 02:26:50.424975] | Thread:19843 | [CncServiceImpl::SetNodeSchedule] | Finished setting node schedule (with verification) for node: vstsn01
[2026-04-17 02:26:50.425025] | Thread:19844 | [NetworkManager::deployConfigToNode] | Start config deployment for node: vstsn01
[2026-04-17 02:26:50.425126] | Thread:19350 | [NetconfSession::editData] | Start edit-config with XML length: 3260
[2026-04-17 02:26:50.453395] | Thread:19350 | [NetconfSession::editData] | Finished edit-config with XML length: 3260
[2026-04-17 02:26:50.453427] | Thread:19350 | [NetconfSession::commit] | Start commit operation.
[2026-04-17 02:26:50.495258] | Thread:19350 | [NetconfSession::commit] | Finished commit operation.
[2026-04-17 02:26:50.495280] | Thread:19350 | [NetworkManager::deployConfigToNode] | Successfully deployed config for node: vstsn01
[2026-04-17 02:26:50.495427] | Thread:19844 | [CncServiceImpl::SetNodeSchedule] | Finished deploying config to node: vstsn01
[2026-04-17 02:26:50.495469] | Thread:19844 | [CncServiceImpl::SetNodeSchedule] | Finished setting node schedule (with verification) for node: vstsn01
[2026-04-17 02:26:50.495527] | Thread:19845 | [NetworkManager::deployConfigToNode] | Start config deployment for node: vstsn01
[2026-04-17 02:26:50.495666] | Thread:19350 | [NetconfSession::editData] | Start edit-config with XML length: 3260
[2026-04-17 02:26:50.526884] | Thread:19350 | [NetconfSession::editData] | Finished edit-config with XML length: 3260
[2026-04-17 02:26:50.526907] | Thread:19350 | [NetconfSession::commit] | Start commit operation.
[2026-04-17 02:26:50.566859] | Thread:19350 | [NetconfSession::commit] | Finished commit operation.
[2026-04-17 02:26:50.566884] | Thread:19350 | [NetworkManager::deployConfigToNode] | Successfully deployed config for node: vstsn01
[2026-04-17 02:26:50.566947] | Thread:19845 | [CncServiceImpl::SetNodeSchedule] | Finished deploying config to node: vstsn01
[2026-04-17 02:26:50.566987] | Thread:19845 | [CncServiceImpl::SetNodeSchedule] | Finished setting node schedule (with verification) for node: vstsn01
[2026-04-17 02:26:50.567044] | Thread:19846 | [NetworkManager::deployConfigToNode] | Start config deployment for node: vstsn01
[2026-04-17 02:26:50.567159] | Thread:19350 | [NetconfSession::editData] | Start edit-config with XML length: 3260
[2026-04-17 02:26:50.595504] | Thread:19350 | [NetconfSession::editData] | Finished edit-config with XML length: 3260
[2026-04-17 02:26:50.595526] | Thread:19350 | [NetconfSession::commit] | Start commit operation.
[2026-04-17 02:26:50.636706] | Thread:19350 | [NetconfSession::commit] | Finished commit operation.
[2026-04-17 02:26:50.636740] | Thread:19350 | [NetworkManager::deployConfigToNode] | Successfully deployed config for node: vstsn01
[2026-04-17 02:26:50.636794] | Thread:19846 | [CncServiceImpl::SetNodeSchedule] | Finished deploying config to node: vstsn01
[2026-04-17 02:26:50.636831] | Thread:19846 | [CncServiceImpl::SetNodeSchedule] | Finished setting node schedule (with verification) for node: vstsn01
[2026-04-17 02:26:50.636880] | Thread:19813 | [NetworkManager::deployConfigToNode] | Start config deployment for node: vstsn01
[2026-04-17 02:26:50.637012] | Thread:19350 | [NetconfSession::editData] | Start edit-config with XML length: 3260
[2026-04-17 02:26:50.668838] | Thread:19350 | [NetconfSession::editData] | Finished edit-config with XML length: 3260
[2026-04-17 02:26:50.668861] | Thread:19350 | [NetconfSession::commit] | Start commit operation.
[2026-04-17 02:26:50.708589] | Thread:19350 | [NetconfSession::commit] | Finished commit operation.
[2026-04-17 02:26:50.708611] | Thread:19350 | [NetworkManager::deployConfigToNode] | Successfully deployed config for node: vstsn01
[2026-04-17 02:26:50.708849] | Thread:19813 | [CncServiceImpl::SetNodeSchedule] | Finished deploying config to node: vstsn01
[2026-04-17 02:26:50.708898] | Thread:19813 | [CncServiceImpl::SetNodeSchedule] | Finished setting node schedule (with verification) for node: vstsn01
[2026-04-17 02:26:50.708960] | Thread:19849 | [NetworkManager::deployConfigToNode] | Start config deployment for node: vstsn01
[2026-04-17 02:26:50.709090] | Thread:19350 | [NetconfSession::editData] | Start edit-config with XML length: 3260
[2026-04-17 02:26:50.732616] | Thread:19868 | [CncServiceImpl::SetNodeSchedule] | Start setting node schedule for node: vstsn01
[2026-04-17 02:26:50.733109] | Thread:19832 | [CncServiceImpl::SetNodeSchedule] | Start setting node schedule for node: vstsn01
[2026-04-17 02:26:50.733979] | Thread:19880 | [CncServiceImpl::SetNodeSchedule] | Start setting node schedule for node: vstsn01
[2026-04-17 02:26:50.734485] | Thread:19881 | [CncServiceImpl::SetNodeSchedule] | Start setting node schedule for node: vstsn01
[2026-04-17 02:26:50.735231] | Thread:19883 | [CncServiceImpl::SetNodeSchedule] | Start setting node schedule for node: vstsn01
[2026-04-17 02:26:50.735965] | Thread:19350 | [NetconfSession::editData] | Finished edit-config with XML length: 3260
[2026-04-17 02:26:50.735989] | Thread:19350 | [NetconfSession::commit] | Start commit operation.
[2026-04-17 02:26:50.736117] | Thread:19884 | [CncServiceImpl::SetNodeSchedule] | Start setting node schedule for node: vstsn01
[2026-04-17 02:26:50.738378] | Thread:19885 | [CncServiceImpl::SetNodeSchedule] | Start setting node schedule for node: vstsn01
[2026-04-17 02:26:50.738499] | Thread:19887 | [CncServiceImpl::SetNodeSchedule] | Start setting node schedule for node: vstsn01
[2026-04-17 02:26:50.739112] | Thread:19888 | [CncServiceImpl::SetNodeSchedule] | Start setting node schedule for node: vstsn01
[2026-04-17 02:26:50.742462] | Thread:19889 | [CncServiceImpl::SetNodeSchedule] | Start setting node schedule for node: vstsn01
[2026-04-17 02:26:50.742583] | Thread:19891 | [CncServiceImpl::SetNodeSchedule] | Start setting node schedule for node: vstsn01
[2026-04-17 02:26:50.742661] | Thread:19892 | [CncServiceImpl::SetNodeSchedule] | Start setting node schedule for node: vstsn01
[2026-04-17 02:26:50.743646] | Thread:19893 | [CncServiceImpl::SetNodeSchedule] | Start setting node schedule for node: vstsn01
[2026-04-17 02:26:50.744251] | Thread:19895 | [CncServiceImpl::SetNodeSchedule] | Start setting node schedule for node: vstsn01
[2026-04-17 02:26:50.744806] | Thread:19896 | [CncServiceImpl::SetNodeSchedule] | Start setting node schedule for node: vstsn01
[2026-04-17 02:26:50.745644] | Thread:19897 | [CncServiceImpl::SetNodeSchedule] | Start setting node schedule for node: vstsn01
[2026-04-17 02:26:50.746516] | Thread:19899 | [CncServiceImpl::SetNodeSchedule] | Start setting node schedule for node: vstsn01
[2026-04-17 02:26:50.747317] | Thread:19900 | [CncServiceImpl::SetNodeSchedule] | Start setting node schedule for node: vstsn01
[2026-04-17 02:26:50.748995] | Thread:19901 | [CncServiceImpl::SetNodeSchedule] | Start setting node schedule for node: vstsn01
[2026-04-17 02:26:50.749252] | Thread:19902 | [CncServiceImpl::SetNodeSchedule] | Start setting node schedule for node: vstsn01
[2026-04-17 02:26:50.776485] | Thread:19350 | [NetconfSession::commit] | Finished commit operation.
[2026-04-17 02:26:50.776510] | Thread:19350 | [NetworkManager::deployConfigToNode] | Successfully deployed config for node: vstsn01
[2026-04-17 02:26:50.776676] | Thread:19849 | [CncServiceImpl::SetNodeSchedule] | Finished deploying config to node: vstsn01
[2026-04-17 02:26:50.776706] | Thread:19849 | [CncServiceImpl::SetNodeSchedule] | Finished setting node schedule (with verification) for node: vstsn01
[2026-04-17 02:26:50.776783] | Thread:19851 | [NetworkManager::deployConfigToNode] | Start config deployment for node: vstsn01
[2026-04-17 02:26:50.776893] | Thread:19350 | [NetconfSession::editData] | Start edit-config with XML length: 3260
[2026-04-17 02:26:50.810721] | Thread:19350 | [NetconfSession::editData] | Finished edit-config with XML length: 3260
[2026-04-17 02:26:50.810746] | Thread:19350 | [NetconfSession::commit] | Start commit operation.
[2026-04-17 02:26:50.851040] | Thread:19350 | [NetconfSession::commit] | Finished commit operation.
[2026-04-17 02:26:50.851069] | Thread:19350 | [NetworkManager::deployConfigToNode] | Successfully deployed config for node: vstsn01
[2026-04-17 02:26:50.851133] | Thread:19851 | [CncServiceImpl::SetNodeSchedule] | Finished deploying config to node: vstsn01
[2026-04-17 02:26:50.851172] | Thread:19851 | [CncServiceImpl::SetNodeSchedule] | Finished setting node schedule (with verification) for node: vstsn01
[2026-04-17 02:26:50.851252] | Thread:19852 | [NetworkManager::deployConfigToNode] | Start config deployment for node: vstsn01
[2026-04-17 02:26:50.851366] | Thread:19350 | [NetconfSession::editData] | Start edit-config with XML length: 3260
[2026-04-17 02:26:50.878772] | Thread:19350 | [NetconfSession::editData] | Finished edit-config with XML length: 3260
[2026-04-17 02:26:50.878800] | Thread:19350 | [NetconfSession::commit] | Start commit operation.
[2026-04-17 02:26:50.926286] | Thread:19350 | [NetconfSession::commit] | Finished commit operation.
[2026-04-17 02:26:50.926315] | Thread:19350 | [NetworkManager::deployConfigToNode] | Successfully deployed config for node: vstsn01
[2026-04-17 02:26:50.926375] | Thread:19852 | [CncServiceImpl::SetNodeSchedule] | Finished deploying config to node: vstsn01
[2026-04-17 02:26:50.926422] | Thread:19852 | [CncServiceImpl::SetNodeSchedule] | Finished setting node schedule (with verification) for node: vstsn01
[2026-04-17 02:26:50.926518] | Thread:19853 | [NetworkManager::deployConfigToNode] | Start config deployment for node: vstsn01
[2026-04-17 02:26:50.926897] | Thread:19350 | [NetconfSession::editData] | Start edit-config with XML length: 3260
[2026-04-17 02:26:50.956263] | Thread:19350 | [NetconfSession::editData] | Finished edit-config with XML length: 3260
[2026-04-17 02:26:50.956295] | Thread:19350 | [NetconfSession::commit] | Start commit operation.
[2026-04-17 02:26:50.998117] | Thread:19350 | [NetconfSession::commit] | Finished commit operation.
[2026-04-17 02:26:50.998143] | Thread:19350 | [NetworkManager::deployConfigToNode] | Successfully deployed config for node: vstsn01
[2026-04-17 02:26:50.998385] | Thread:19853 | [CncServiceImpl::SetNodeSchedule] | Finished deploying config to node: vstsn01
[2026-04-17 02:26:50.998435] | Thread:19853 | [CncServiceImpl::SetNodeSchedule] | Finished setting node schedule (with verification) for node: vstsn01
[2026-04-17 02:26:50.998512] | Thread:19855 | [NetworkManager::deployConfigToNode] | Start config deployment for node: vstsn01
[2026-04-17 02:26:50.998633] | Thread:19350 | [NetconfSession::editData] | Start edit-config with XML length: 3260
[2026-04-17 02:26:51.028210] | Thread:19350 | [NetconfSession::editData] | Finished edit-config with XML length: 3260
[2026-04-17 02:26:51.028248] | Thread:19350 | [NetconfSession::commit] | Start commit operation.
[2026-04-17 02:26:51.068444] | Thread:19350 | [NetconfSession::commit] | Finished commit operation.
[2026-04-17 02:26:51.068472] | Thread:19350 | [NetworkManager::deployConfigToNode] | Successfully deployed config for node: vstsn01
[2026-04-17 02:26:51.068520] | Thread:19855 | [CncServiceImpl::SetNodeSchedule] | Finished deploying config to node: vstsn01
[2026-04-17 02:26:51.068545] | Thread:19855 | [CncServiceImpl::SetNodeSchedule] | Finished setting node schedule (with verification) for node: vstsn01
[2026-04-17 02:26:51.068585] | Thread:19856 | [NetworkManager::deployConfigToNode] | Start config deployment for node: vstsn01
[2026-04-17 02:26:51.068709] | Thread:19350 | [NetconfSession::editData] | Start edit-config with XML length: 3260
[2026-04-17 02:26:51.097399] | Thread:19350 | [NetconfSession::editData] | Finished edit-config with XML length: 3260
[2026-04-17 02:26:51.097442] | Thread:19350 | [NetconfSession::commit] | Start commit operation.
[2026-04-17 02:26:51.140416] | Thread:19350 | [NetconfSession::commit] | Finished commit operation.
[2026-04-17 02:26:51.140438] | Thread:19350 | [NetworkManager::deployConfigToNode] | Successfully deployed config for node: vstsn01
[2026-04-17 02:26:51.140483] | Thread:19856 | [CncServiceImpl::SetNodeSchedule] | Finished deploying config to node: vstsn01
[2026-04-17 02:26:51.140514] | Thread:19856 | [CncServiceImpl::SetNodeSchedule] | Finished setting node schedule (with verification) for node: vstsn01
[2026-04-17 02:26:51.140583] | Thread:19857 | [NetworkManager::deployConfigToNode] | Start config deployment for node: vstsn01
[2026-04-17 02:26:51.140684] | Thread:19350 | [NetconfSession::editData] | Start edit-config with XML length: 3260
[2026-04-17 02:26:51.171003] | Thread:19350 | [NetconfSession::editData] | Finished edit-config with XML length: 3260
[2026-04-17 02:26:51.171030] | Thread:19350 | [NetconfSession::commit] | Start commit operation.
[2026-04-17 02:26:51.212161] | Thread:19350 | [NetconfSession::commit] | Finished commit operation.
[2026-04-17 02:26:51.212186] | Thread:19350 | [NetworkManager::deployConfigToNode] | Successfully deployed config for node: vstsn01
[2026-04-17 02:26:51.212234] | Thread:19857 | [CncServiceImpl::SetNodeSchedule] | Finished deploying config to node: vstsn01
[2026-04-17 02:26:51.212291] | Thread:19857 | [CncServiceImpl::SetNodeSchedule] | Finished setting node schedule (with verification) for node: vstsn01
[2026-04-17 02:26:51.212331] | Thread:19858 | [NetworkManager::deployConfigToNode] | Start config deployment for node: vstsn01
[2026-04-17 02:26:51.212425] | Thread:19350 | [NetconfSession::editData] | Start edit-config with XML length: 3260
[2026-04-17 02:26:51.240134] | Thread:19350 | [NetconfSession::editData] | Finished edit-config with XML length: 3260
[2026-04-17 02:26:51.240165] | Thread:19350 | [NetconfSession::commit] | Start commit operation.
[2026-04-17 02:26:51.293068] | Thread:19350 | [NetconfSession::commit] | Finished commit operation.
[2026-04-17 02:26:51.293098] | Thread:19350 | [NetworkManager::deployConfigToNode] | Successfully deployed config for node: vstsn01
[2026-04-17 02:26:51.293169] | Thread:19858 | [CncServiceImpl::SetNodeSchedule] | Finished deploying config to node: vstsn01
[2026-04-17 02:26:51.293208] | Thread:19858 | [CncServiceImpl::SetNodeSchedule] | Finished setting node schedule (with verification) for node: vstsn01
[2026-04-17 02:26:51.293228] | Thread:19859 | [NetworkManager::deployConfigToNode] | Start config deployment for node: vstsn01
[2026-04-17 02:26:51.293307] | Thread:19350 | [NetconfSession::editData] | Start edit-config with XML length: 3260
[2026-04-17 02:26:51.327372] | Thread:19350 | [NetconfSession::editData] | Finished edit-config with XML length: 3260
[2026-04-17 02:26:51.327397] | Thread:19350 | [NetconfSession::commit] | Start commit operation.
[2026-04-17 02:26:51.371081] | Thread:19350 | [NetconfSession::commit] | Finished commit operation.
[2026-04-17 02:26:51.371115] | Thread:19350 | [NetworkManager::deployConfigToNode] | Successfully deployed config for node: vstsn01
[2026-04-17 02:26:51.371160] | Thread:19859 | [CncServiceImpl::SetNodeSchedule] | Finished deploying config to node: vstsn01
[2026-04-17 02:26:51.371190] | Thread:19859 | [CncServiceImpl::SetNodeSchedule] | Finished setting node schedule (with verification) for node: vstsn01
[2026-04-17 02:26:51.371246] | Thread:19860 | [NetworkManager::deployConfigToNode] | Start config deployment for node: vstsn01
[2026-04-17 02:26:51.371349] | Thread:19350 | [NetconfSession::editData] | Start edit-config with XML length: 3260
[2026-04-17 02:26:51.399261] | Thread:19350 | [NetconfSession::editData] | Finished edit-config with XML length: 3260
[2026-04-17 02:26:51.399307] | Thread:19350 | [NetconfSession::commit] | Start commit operation.
[2026-04-17 02:26:51.440748] | Thread:19350 | [NetconfSession::commit] | Finished commit operation.
[2026-04-17 02:26:51.440816] | Thread:19350 | [NetworkManager::deployConfigToNode] | Successfully deployed config for node: vstsn01
[2026-04-17 02:26:51.440902] | Thread:19860 | [CncServiceImpl::SetNodeSchedule] | Finished deploying config to node: vstsn01
[2026-04-17 02:26:51.440961] | Thread:19860 | [CncServiceImpl::SetNodeSchedule] | Finished setting node schedule (with verification) for node: vstsn01
[2026-04-17 02:26:51.441028] | Thread:19861 | [NetworkManager::deployConfigToNode] | Start config deployment for node: vstsn01
[2026-04-17 02:26:51.441137] | Thread:19350 | [NetconfSession::editData] | Start edit-config with XML length: 3260
[2026-04-17 02:26:51.469553] | Thread:19350 | [NetconfSession::editData] | Finished edit-config with XML length: 3260
[2026-04-17 02:26:51.469611] | Thread:19350 | [NetconfSession::commit] | Start commit operation.
[2026-04-17 02:26:51.511312] | Thread:19350 | [NetconfSession::commit] | Finished commit operation.
[2026-04-17 02:26:51.511350] | Thread:19350 | [NetworkManager::deployConfigToNode] | Successfully deployed config for node: vstsn01
[2026-04-17 02:26:51.511406] | Thread:19861 | [CncServiceImpl::SetNodeSchedule] | Finished deploying config to node: vstsn01
[2026-04-17 02:26:51.511441] | Thread:19861 | [CncServiceImpl::SetNodeSchedule] | Finished setting node schedule (with verification) for node: vstsn01
[2026-04-17 02:26:51.511492] | Thread:19862 | [NetworkManager::deployConfigToNode] | Start config deployment for node: vstsn01
[2026-04-17 02:26:51.511611] | Thread:19350 | [NetconfSession::editData] | Start edit-config with XML length: 3260
[2026-04-17 02:26:51.540352] | Thread:19350 | [NetconfSession::editData] | Finished edit-config with XML length: 3260
[2026-04-17 02:26:51.540374] | Thread:19350 | [NetconfSession::commit] | Start commit operation.
[2026-04-17 02:26:51.581579] | Thread:19350 | [NetconfSession::commit] | Finished commit operation.
[2026-04-17 02:26:51.581610] | Thread:19350 | [NetworkManager::deployConfigToNode] | Successfully deployed config for node: vstsn01
[2026-04-17 02:26:51.581759] | Thread:19862 | [CncServiceImpl::SetNodeSchedule] | Finished deploying config to node: vstsn01
[2026-04-17 02:26:51.581868] | Thread:19862 | [CncServiceImpl::SetNodeSchedule] | Finished setting node schedule (with verification) for node: vstsn01
[2026-04-17 02:26:51.581929] | Thread:19863 | [NetworkManager::deployConfigToNode] | Start config deployment for node: vstsn01
[2026-04-17 02:26:51.582127] | Thread:19350 | [NetconfSession::editData] | Start edit-config with XML length: 3260
[2026-04-17 02:26:51.610434] | Thread:19350 | [NetconfSession::editData] | Finished edit-config with XML length: 3260
[2026-04-17 02:26:51.610462] | Thread:19350 | [NetconfSession::commit] | Start commit operation.
[2026-04-17 02:26:51.650629] | Thread:19350 | [NetconfSession::commit] | Finished commit operation.
[2026-04-17 02:26:51.650651] | Thread:19350 | [NetworkManager::deployConfigToNode] | Successfully deployed config for node: vstsn01
[2026-04-17 02:26:51.650726] | Thread:19863 | [CncServiceImpl::SetNodeSchedule] | Finished deploying config to node: vstsn01
[2026-04-17 02:26:51.650767] | Thread:19863 | [CncServiceImpl::SetNodeSchedule] | Finished setting node schedule (with verification) for node: vstsn01
[2026-04-17 02:26:51.650823] | Thread:19864 | [NetworkManager::deployConfigToNode] | Start config deployment for node: vstsn01
[2026-04-17 02:26:51.650978] | Thread:19350 | [NetconfSession::editData] | Start edit-config with XML length: 3260
[2026-04-17 02:26:51.680346] | Thread:19350 | [NetconfSession::editData] | Finished edit-config with XML length: 3260
[2026-04-17 02:26:51.680374] | Thread:19350 | [NetconfSession::commit] | Start commit operation.
[2026-04-17 02:26:51.724688] | Thread:19350 | [NetconfSession::commit] | Finished commit operation.
[2026-04-17 02:26:51.724713] | Thread:19350 | [NetworkManager::deployConfigToNode] | Successfully deployed config for node: vstsn01
[2026-04-17 02:26:51.724766] | Thread:19864 | [CncServiceImpl::SetNodeSchedule] | Finished deploying config to node: vstsn01
[2026-04-17 02:26:51.724840] | Thread:19864 | [CncServiceImpl::SetNodeSchedule] | Finished setting node schedule (with verification) for node: vstsn01
[2026-04-17 02:26:51.724878] | Thread:19865 | [NetworkManager::deployConfigToNode] | Start config deployment for node: vstsn01
[2026-04-17 02:26:51.725044] | Thread:19350 | [NetconfSession::editData] | Start edit-config with XML length: 3260
[2026-04-17 02:26:51.754785] | Thread:19350 | [NetconfSession::editData] | Finished edit-config with XML length: 3260
[2026-04-17 02:26:51.754811] | Thread:19350 | [NetconfSession::commit] | Start commit operation.
[2026-04-17 02:26:51.794280] | Thread:19350 | [NetconfSession::commit] | Finished commit operation.
[2026-04-17 02:26:51.794307] | Thread:19350 | [NetworkManager::deployConfigToNode] | Successfully deployed config for node: vstsn01
[2026-04-17 02:26:51.794350] | Thread:19865 | [CncServiceImpl::SetNodeSchedule] | Finished deploying config to node: vstsn01
[2026-04-17 02:26:51.794390] | Thread:19865 | [CncServiceImpl::SetNodeSchedule] | Finished setting node schedule (with verification) for node: vstsn01
[2026-04-17 02:26:51.794467] | Thread:19866 | [NetworkManager::deployConfigToNode] | Start config deployment for node: vstsn01
[2026-04-17 02:26:51.794598] | Thread:19350 | [NetconfSession::editData] | Start edit-config with XML length: 3260
[2026-04-17 02:26:51.823836] | Thread:19350 | [NetconfSession::editData] | Finished edit-config with XML length: 3260
[2026-04-17 02:26:51.823864] | Thread:19350 | [NetconfSession::commit] | Start commit operation.
[2026-04-17 02:26:51.864495] | Thread:19350 | [NetconfSession::commit] | Finished commit operation.
[2026-04-17 02:26:51.864541] | Thread:19350 | [NetworkManager::deployConfigToNode] | Successfully deployed config for node: vstsn01
[2026-04-17 02:26:51.864642] | Thread:19866 | [CncServiceImpl::SetNodeSchedule] | Finished deploying config to node: vstsn01
[2026-04-17 02:26:51.864771] | Thread:19866 | [CncServiceImpl::SetNodeSchedule] | Finished setting node schedule (with verification) for node: vstsn01
[2026-04-17 02:26:51.864871] | Thread:19867 | [NetworkManager::deployConfigToNode] | Start config deployment for node: vstsn01
[2026-04-17 02:26:51.865018] | Thread:19350 | [NetconfSession::editData] | Start edit-config with XML length: 3260
[2026-04-17 02:26:51.897113] | Thread:19350 | [NetconfSession::editData] | Finished edit-config with XML length: 3260
[2026-04-17 02:26:51.897136] | Thread:19350 | [NetconfSession::commit] | Start commit operation.
[2026-04-17 02:26:51.936863] | Thread:19350 | [NetconfSession::commit] | Finished commit operation.
[2026-04-17 02:26:51.936892] | Thread:19350 | [NetworkManager::deployConfigToNode] | Successfully deployed config for node: vstsn01
[2026-04-17 02:26:51.936932] | Thread:19867 | [CncServiceImpl::SetNodeSchedule] | Finished deploying config to node: vstsn01
[2026-04-17 02:26:51.936957] | Thread:19867 | [CncServiceImpl::SetNodeSchedule] | Finished setting node schedule (with verification) for node: vstsn01
[2026-04-17 02:26:51.937024] | Thread:19868 | [NetworkManager::deployConfigToNode] | Start config deployment for node: vstsn01
[2026-04-17 02:26:51.937170] | Thread:19350 | [NetconfSession::editData] | Start edit-config with XML length: 3260
[2026-04-17 02:26:51.966342] | Thread:19350 | [NetconfSession::editData] | Finished edit-config with XML length: 3260
[2026-04-17 02:26:51.966368] | Thread:19350 | [NetconfSession::commit] | Start commit operation.
[2026-04-17 02:26:52.007885] | Thread:19350 | [NetconfSession::commit] | Finished commit operation.
[2026-04-17 02:26:52.007932] | Thread:19350 | [NetworkManager::deployConfigToNode] | Successfully deployed config for node: vstsn01
[2026-04-17 02:26:52.007989] | Thread:19868 | [CncServiceImpl::SetNodeSchedule] | Finished deploying config to node: vstsn01
[2026-04-17 02:26:52.008017] | Thread:19868 | [CncServiceImpl::SetNodeSchedule] | Finished setting node schedule (with verification) for node: vstsn01
[2026-04-17 02:26:52.008092] | Thread:19832 | [NetworkManager::deployConfigToNode] | Start config deployment for node: vstsn01
[2026-04-17 02:26:52.008170] | Thread:19350 | [NetconfSession::editData] | Start edit-config with XML length: 3260
[2026-04-17 02:26:52.040883] | Thread:19350 | [NetconfSession::editData] | Finished edit-config with XML length: 3260
[2026-04-17 02:26:52.040940] | Thread:19350 | [NetconfSession::commit] | Start commit operation.
[2026-04-17 02:26:52.080709] | Thread:19350 | [NetconfSession::commit] | Finished commit operation.
[2026-04-17 02:26:52.080738] | Thread:19350 | [NetworkManager::deployConfigToNode] | Successfully deployed config for node: vstsn01
[2026-04-17 02:26:52.080819] | Thread:19832 | [CncServiceImpl::SetNodeSchedule] | Finished deploying config to node: vstsn01
[2026-04-17 02:26:52.080863] | Thread:19832 | [CncServiceImpl::SetNodeSchedule] | Finished setting node schedule (with verification) for node: vstsn01
[2026-04-17 02:26:52.080905] | Thread:19880 | [NetworkManager::deployConfigToNode] | Start config deployment for node: vstsn01
[2026-04-17 02:26:52.081036] | Thread:19350 | [NetconfSession::editData] | Start edit-config with XML length: 3260
[2026-04-17 02:26:52.110392] | Thread:19350 | [NetconfSession::editData] | Finished edit-config with XML length: 3260
[2026-04-17 02:26:52.110416] | Thread:19350 | [NetconfSession::commit] | Start commit operation.
[2026-04-17 02:26:52.152126] | Thread:19350 | [NetconfSession::commit] | Finished commit operation.
[2026-04-17 02:26:52.152156] | Thread:19350 | [NetworkManager::deployConfigToNode] | Successfully deployed config for node: vstsn01
[2026-04-17 02:26:52.152208] | Thread:19880 | [CncServiceImpl::SetNodeSchedule] | Finished deploying config to node: vstsn01
[2026-04-17 02:26:52.152253] | Thread:19880 | [CncServiceImpl::SetNodeSchedule] | Finished setting node schedule (with verification) for node: vstsn01
[2026-04-17 02:26:52.152296] | Thread:19881 | [NetworkManager::deployConfigToNode] | Start config deployment for node: vstsn01
[2026-04-17 02:26:52.152407] | Thread:19350 | [NetconfSession::editData] | Start edit-config with XML length: 3260
[2026-04-17 02:26:52.186570] | Thread:19350 | [NetconfSession::editData] | Finished edit-config with XML length: 3260
[2026-04-17 02:26:52.186602] | Thread:19350 | [NetconfSession::commit] | Start commit operation.
[2026-04-17 02:26:52.226563] | Thread:19350 | [NetconfSession::commit] | Finished commit operation.
[2026-04-17 02:26:52.226591] | Thread:19350 | [NetworkManager::deployConfigToNode] | Successfully deployed config for node: vstsn01
[2026-04-17 02:26:52.226640] | Thread:19881 | [CncServiceImpl::SetNodeSchedule] | Finished deploying config to node: vstsn01
[2026-04-17 02:26:52.226681] | Thread:19881 | [CncServiceImpl::SetNodeSchedule] | Finished setting node schedule (with verification) for node: vstsn01
[2026-04-17 02:26:52.226759] | Thread:19883 | [NetworkManager::deployConfigToNode] | Start config deployment for node: vstsn01
[2026-04-17 02:26:52.227068] | Thread:19350 | [NetconfSession::editData] | Start edit-config with XML length: 3260
[2026-04-17 02:26:52.256677] | Thread:19350 | [NetconfSession::editData] | Finished edit-config with XML length: 3260
[2026-04-17 02:26:52.256700] | Thread:19350 | [NetconfSession::commit] | Start commit operation.
[2026-04-17 02:26:52.296930] | Thread:19350 | [NetconfSession::commit] | Finished commit operation.
[2026-04-17 02:26:52.296956] | Thread:19350 | [NetworkManager::deployConfigToNode] | Successfully deployed config for node: vstsn01
[2026-04-17 02:26:52.297057] | Thread:19883 | [CncServiceImpl::SetNodeSchedule] | Finished deploying config to node: vstsn01
[2026-04-17 02:26:52.297194] | Thread:19883 | [CncServiceImpl::SetNodeSchedule] | Finished setting node schedule (with verification) for node: vstsn01
[2026-04-17 02:26:52.297248] | Thread:19884 | [NetworkManager::deployConfigToNode] | Start config deployment for node: vstsn01
[2026-04-17 02:26:52.297349] | Thread:19350 | [NetconfSession::editData] | Start edit-config with XML length: 3260
[2026-04-17 02:26:52.325862] | Thread:19350 | [NetconfSession::editData] | Finished edit-config with XML length: 3260
[2026-04-17 02:26:52.325885] | Thread:19350 | [NetconfSession::commit] | Start commit operation.
[2026-04-17 02:26:52.366268] | Thread:19350 | [NetconfSession::commit] | Finished commit operation.
[2026-04-17 02:26:52.366296] | Thread:19350 | [NetworkManager::deployConfigToNode] | Successfully deployed config for node: vstsn01
[2026-04-17 02:26:52.366343] | Thread:19884 | [CncServiceImpl::SetNodeSchedule] | Finished deploying config to node: vstsn01
[2026-04-17 02:26:52.366387] | Thread:19884 | [CncServiceImpl::SetNodeSchedule] | Finished setting node schedule (with verification) for node: vstsn01
[2026-04-17 02:26:52.366408] | Thread:19885 | [NetworkManager::deployConfigToNode] | Start config deployment for node: vstsn01
[2026-04-17 02:26:52.366532] | Thread:19350 | [NetconfSession::editData] | Start edit-config with XML length: 3260
[2026-04-17 02:26:52.396207] | Thread:19350 | [NetconfSession::editData] | Finished edit-config with XML length: 3260
[2026-04-17 02:26:52.396228] | Thread:19350 | [NetconfSession::commit] | Start commit operation.
[2026-04-17 02:26:52.438789] | Thread:19350 | [NetconfSession::commit] | Finished commit operation.
[2026-04-17 02:26:52.438814] | Thread:19350 | [NetworkManager::deployConfigToNode] | Successfully deployed config for node: vstsn01
[2026-04-17 02:26:52.438970] | Thread:19885 | [CncServiceImpl::SetNodeSchedule] | Finished deploying config to node: vstsn01
[2026-04-17 02:26:52.439022] | Thread:19885 | [CncServiceImpl::SetNodeSchedule] | Finished setting node schedule (with verification) for node: vstsn01
[2026-04-17 02:26:52.439092] | Thread:19887 | [NetworkManager::deployConfigToNode] | Start config deployment for node: vstsn01
[2026-04-17 02:26:52.439216] | Thread:19350 | [NetconfSession::editData] | Start edit-config with XML length: 3260
[2026-04-17 02:26:52.466316] | Thread:19350 | [NetconfSession::editData] | Finished edit-config with XML length: 3260
[2026-04-17 02:26:52.466339] | Thread:19350 | [NetconfSession::commit] | Start commit operation.
[2026-04-17 02:26:52.506695] | Thread:19350 | [NetconfSession::commit] | Finished commit operation.
[2026-04-17 02:26:52.506732] | Thread:19350 | [NetworkManager::deployConfigToNode] | Successfully deployed config for node: vstsn01
[2026-04-17 02:26:52.506903] | Thread:19887 | [CncServiceImpl::SetNodeSchedule] | Finished deploying config to node: vstsn01
[2026-04-17 02:26:52.506927] | Thread:19887 | [CncServiceImpl::SetNodeSchedule] | Finished setting node schedule (with verification) for node: vstsn01
[2026-04-17 02:26:52.507027] | Thread:19888 | [NetworkManager::deployConfigToNode] | Start config deployment for node: vstsn01
[2026-04-17 02:26:52.507209] | Thread:19350 | [NetconfSession::editData] | Start edit-config with XML length: 3260
[2026-04-17 02:26:52.535749] | Thread:19350 | [NetconfSession::editData] | Finished edit-config with XML length: 3260
[2026-04-17 02:26:52.535777] | Thread:19350 | [NetconfSession::commit] | Start commit operation.
[2026-04-17 02:26:52.579984] | Thread:19350 | [NetconfSession::commit] | Finished commit operation.
[2026-04-17 02:26:52.580006] | Thread:19350 | [NetworkManager::deployConfigToNode] | Successfully deployed config for node: vstsn01
[2026-04-17 02:26:52.580209] | Thread:19888 | [CncServiceImpl::SetNodeSchedule] | Finished deploying config to node: vstsn01
[2026-04-17 02:26:52.580271] | Thread:19888 | [CncServiceImpl::SetNodeSchedule] | Finished setting node schedule (with verification) for node: vstsn01
[2026-04-17 02:26:52.580343] | Thread:19889 | [NetworkManager::deployConfigToNode] | Start config deployment for node: vstsn01
[2026-04-17 02:26:52.580467] | Thread:19350 | [NetconfSession::editData] | Start edit-config with XML length: 3260
[2026-04-17 02:26:52.610027] | Thread:19350 | [NetconfSession::editData] | Finished edit-config with XML length: 3260
[2026-04-17 02:26:52.610053] | Thread:19350 | [NetconfSession::commit] | Start commit operation.
[2026-04-17 02:26:52.650996] | Thread:19350 | [NetconfSession::commit] | Finished commit operation.
[2026-04-17 02:26:52.651024] | Thread:19350 | [NetworkManager::deployConfigToNode] | Successfully deployed config for node: vstsn01
[2026-04-17 02:26:52.651175] | Thread:19889 | [CncServiceImpl::SetNodeSchedule] | Finished deploying config to node: vstsn01
[2026-04-17 02:26:52.651217] | Thread:19889 | [CncServiceImpl::SetNodeSchedule] | Finished setting node schedule (with verification) for node: vstsn01
[2026-04-17 02:26:52.651283] | Thread:19891 | [NetworkManager::deployConfigToNode] | Start config deployment for node: vstsn01
[2026-04-17 02:26:52.651415] | Thread:19350 | [NetconfSession::editData] | Start edit-config with XML length: 3260
[2026-04-17 02:26:52.678958] | Thread:19350 | [NetconfSession::editData] | Finished edit-config with XML length: 3260
[2026-04-17 02:26:52.678982] | Thread:19350 | [NetconfSession::commit] | Start commit operation.
[2026-04-17 02:26:52.719945] | Thread:19350 | [NetconfSession::commit] | Finished commit operation.
[2026-04-17 02:26:52.719978] | Thread:19350 | [NetworkManager::deployConfigToNode] | Successfully deployed config for node: vstsn01
[2026-04-17 02:26:52.720032] | Thread:19891 | [CncServiceImpl::SetNodeSchedule] | Finished deploying config to node: vstsn01
[2026-04-17 02:26:52.720081] | Thread:19891 | [CncServiceImpl::SetNodeSchedule] | Finished setting node schedule (with verification) for node: vstsn01
[2026-04-17 02:26:52.720129] | Thread:19892 | [NetworkManager::deployConfigToNode] | Start config deployment for node: vstsn01
[2026-04-17 02:26:52.720296] | Thread:19350 | [NetconfSession::editData] | Start edit-config with XML length: 3260
[2026-04-17 02:26:52.755110] | Thread:19350 | [NetconfSession::editData] | Finished edit-config with XML length: 3260
[2026-04-17 02:26:52.755154] | Thread:19350 | [NetconfSession::commit] | Start commit operation.
[2026-04-17 02:26:52.803397] | Thread:19350 | [NetconfSession::commit] | Finished commit operation.
[2026-04-17 02:26:52.803433] | Thread:19350 | [NetworkManager::deployConfigToNode] | Successfully deployed config for node: vstsn01
[2026-04-17 02:26:52.803465] | Thread:19892 | [CncServiceImpl::SetNodeSchedule] | Finished deploying config to node: vstsn01
[2026-04-17 02:26:52.803507] | Thread:19892 | [CncServiceImpl::SetNodeSchedule] | Finished setting node schedule (with verification) for node: vstsn01
[2026-04-17 02:26:52.803569] | Thread:19893 | [NetworkManager::deployConfigToNode] | Start config deployment for node: vstsn01
[2026-04-17 02:26:52.803721] | Thread:19350 | [NetconfSession::editData] | Start edit-config with XML length: 3260
[2026-04-17 02:26:52.850706] | Thread:19350 | [NetconfSession::editData] | Finished edit-config with XML length: 3260
[2026-04-17 02:26:52.850732] | Thread:19350 | [NetconfSession::commit] | Start commit operation.
[2026-04-17 02:26:52.891091] | Thread:19350 | [NetconfSession::commit] | Finished commit operation.
[2026-04-17 02:26:52.891131] | Thread:19350 | [NetworkManager::deployConfigToNode] | Successfully deployed config for node: vstsn01
[2026-04-17 02:26:52.891182] | Thread:19893 | [CncServiceImpl::SetNodeSchedule] | Finished deploying config to node: vstsn01
[2026-04-17 02:26:52.891229] | Thread:19893 | [CncServiceImpl::SetNodeSchedule] | Finished setting node schedule (with verification) for node: vstsn01
[2026-04-17 02:26:52.891289] | Thread:19895 | [NetworkManager::deployConfigToNode] | Start config deployment for node: vstsn01
[2026-04-17 02:26:52.891385] | Thread:19350 | [NetconfSession::editData] | Start edit-config with XML length: 3260
[2026-04-17 02:26:52.919821] | Thread:19350 | [NetconfSession::editData] | Finished edit-config with XML length: 3260
[2026-04-17 02:26:52.919848] | Thread:19350 | [NetconfSession::commit] | Start commit operation.
[2026-04-17 02:26:52.960738] | Thread:19350 | [NetconfSession::commit] | Finished commit operation.
[2026-04-17 02:26:52.960766] | Thread:19350 | [NetworkManager::deployConfigToNode] | Successfully deployed config for node: vstsn01
[2026-04-17 02:26:52.960837] | Thread:19895 | [CncServiceImpl::SetNodeSchedule] | Finished deploying config to node: vstsn01
[2026-04-17 02:26:52.960885] | Thread:19895 | [CncServiceImpl::SetNodeSchedule] | Finished setting node schedule (with verification) for node: vstsn01
[2026-04-17 02:26:52.960940] | Thread:19896 | [NetworkManager::deployConfigToNode] | Start config deployment for node: vstsn01
[2026-04-17 02:26:52.961081] | Thread:19350 | [NetconfSession::editData] | Start edit-config with XML length: 3260
[2026-04-17 02:26:52.987909] | Thread:19350 | [NetconfSession::editData] | Finished edit-config with XML length: 3260
[2026-04-17 02:26:52.987940] | Thread:19350 | [NetconfSession::commit] | Start commit operation.
[2026-04-17 02:26:53.028778] | Thread:19350 | [NetconfSession::commit] | Finished commit operation.
[2026-04-17 02:26:53.028804] | Thread:19350 | [NetworkManager::deployConfigToNode] | Successfully deployed config for node: vstsn01
[2026-04-17 02:26:53.028862] | Thread:19896 | [CncServiceImpl::SetNodeSchedule] | Finished deploying config to node: vstsn01
[2026-04-17 02:26:53.028923] | Thread:19896 | [CncServiceImpl::SetNodeSchedule] | Finished setting node schedule (with verification) for node: vstsn01
[2026-04-17 02:26:53.028969] | Thread:19897 | [NetworkManager::deployConfigToNode] | Start config deployment for node: vstsn01
[2026-04-17 02:26:53.029083] | Thread:19350 | [NetconfSession::editData] | Start edit-config with XML length: 3260
[2026-04-17 02:26:53.058630] | Thread:19350 | [NetconfSession::editData] | Finished edit-config with XML length: 3260
[2026-04-17 02:26:53.058657] | Thread:19350 | [NetconfSession::commit] | Start commit operation.
[2026-04-17 02:26:53.100139] | Thread:19350 | [NetconfSession::commit] | Finished commit operation.
[2026-04-17 02:26:53.100171] | Thread:19350 | [NetworkManager::deployConfigToNode] | Successfully deployed config for node: vstsn01
[2026-04-17 02:26:53.100218] | Thread:19897 | [CncServiceImpl::SetNodeSchedule] | Finished deploying config to node: vstsn01
[2026-04-17 02:26:53.100243] | Thread:19897 | [CncServiceImpl::SetNodeSchedule] | Finished setting node schedule (with verification) for node: vstsn01
[2026-04-17 02:26:53.100288] | Thread:19899 | [NetworkManager::deployConfigToNode] | Start config deployment for node: vstsn01
[2026-04-17 02:26:53.100397] | Thread:19350 | [NetconfSession::editData] | Start edit-config with XML length: 3260
[2026-04-17 02:26:53.128645] | Thread:19350 | [NetconfSession::editData] | Finished edit-config with XML length: 3260
[2026-04-17 02:26:53.128682] | Thread:19350 | [NetconfSession::commit] | Start commit operation.
[2026-04-17 02:26:53.169476] | Thread:19350 | [NetconfSession::commit] | Finished commit operation.
[2026-04-17 02:26:53.169503] | Thread:19350 | [NetworkManager::deployConfigToNode] | Successfully deployed config for node: vstsn01
[2026-04-17 02:26:53.169551] | Thread:19899 | [CncServiceImpl::SetNodeSchedule] | Finished deploying config to node: vstsn01
[2026-04-17 02:26:53.169578] | Thread:19899 | [CncServiceImpl::SetNodeSchedule] | Finished setting node schedule (with verification) for node: vstsn01
[2026-04-17 02:26:53.169616] | Thread:19900 | [NetworkManager::deployConfigToNode] | Start config deployment for node: vstsn01
[2026-04-17 02:26:53.169752] | Thread:19350 | [NetconfSession::editData] | Start edit-config with XML length: 3260
[2026-04-17 02:26:53.198501] | Thread:19350 | [NetconfSession::editData] | Finished edit-config with XML length: 3260
[2026-04-17 02:26:53.198526] | Thread:19350 | [NetconfSession::commit] | Start commit operation.
[2026-04-17 02:26:53.238859] | Thread:19350 | [NetconfSession::commit] | Finished commit operation.
[2026-04-17 02:26:53.238884] | Thread:19350 | [NetworkManager::deployConfigToNode] | Successfully deployed config for node: vstsn01
[2026-04-17 02:26:53.238958] | Thread:19900 | [CncServiceImpl::SetNodeSchedule] | Finished deploying config to node: vstsn01
[2026-04-17 02:26:53.238997] | Thread:19900 | [CncServiceImpl::SetNodeSchedule] | Finished setting node schedule (with verification) for node: vstsn01
[2026-04-17 02:26:53.239036] | Thread:19901 | [NetworkManager::deployConfigToNode] | Start config deployment for node: vstsn01
[2026-04-17 02:26:53.239199] | Thread:19350 | [NetconfSession::editData] | Start edit-config with XML length: 3260
[2026-04-17 02:26:53.266087] | Thread:19350 | [NetconfSession::editData] | Finished edit-config with XML length: 3260
[2026-04-17 02:26:53.266113] | Thread:19350 | [NetconfSession::commit] | Start commit operation.
[2026-04-17 02:26:53.306677] | Thread:19350 | [NetconfSession::commit] | Finished commit operation.
[2026-04-17 02:26:53.306702] | Thread:19350 | [NetworkManager::deployConfigToNode] | Successfully deployed config for node: vstsn01
[2026-04-17 02:26:53.306775] | Thread:19901 | [CncServiceImpl::SetNodeSchedule] | Finished deploying config to node: vstsn01
[2026-04-17 02:26:53.306832] | Thread:19901 | [CncServiceImpl::SetNodeSchedule] | Finished setting node schedule (with verification) for node: vstsn01
[2026-04-17 02:26:53.306887] | Thread:19902 | [NetworkManager::deployConfigToNode] | Start config deployment for node: vstsn01
[2026-04-17 02:26:53.306996] | Thread:19350 | [NetconfSession::editData] | Start edit-config with XML length: 3260
[2026-04-17 02:26:53.336420] | Thread:19350 | [NetconfSession::editData] | Finished edit-config with XML length: 3260
[2026-04-17 02:26:53.336451] | Thread:19350 | [NetconfSession::commit] | Start commit operation.
[2026-04-17 02:26:53.377385] | Thread:19350 | [NetconfSession::commit] | Finished commit operation.
[2026-04-17 02:26:53.377411] | Thread:19350 | [NetworkManager::deployConfigToNode] | Successfully deployed config for node: vstsn01
[2026-04-17 02:26:53.377475] | Thread:19902 | [CncServiceImpl::SetNodeSchedule] | Finished deploying config to node: vstsn01
[2026-04-17 02:26:53.377508] | Thread:19902 | [CncServiceImpl::SetNodeSchedule] | Finished setting node schedule (with verification) for node: vstsn01
