[2026-04-17 02:39:49.312506] | Thread:21895 | [CncServiceImpl::SetNodeSchedule] | Start setting node schedule for node: vstsn01
[2026-04-17 02:39:49.312591] | Thread:21895 | [NetworkManager::deployConfigToNode] | Start config deployment for node: vstsn01
[2026-04-17 02:39:49.312742] | Thread:21871 | [NetconfSession::editData] | Start edit-config with XML length: 3260
[2026-04-17 02:39:49.346996] | Thread:21871 | [NetconfSession::editData] | Finished edit-config with XML length: 3260
[2026-04-17 02:39:49.347025] | Thread:21871 | [NetconfSession::commit] | Start commit operation.
[2026-04-17 02:39:49.392926] | Thread:21871 | [NetconfSession::commit] | Finished commit operation.
[2026-04-17 02:39:49.392951] | Thread:21871 | [NetworkManager::deployConfigToNode] | Successfully deployed config for node: vstsn01
[2026-04-17 02:39:49.392992] | Thread:21895 | [CncServiceImpl::SetNodeSchedule] | Finished deploying config to node: vstsn01
[2026-04-17 02:39:49.393031] | Thread:21895 | [NetworkManager::fetchOperationGcl] | Start operational GCL fetch
[2026-04-17 02:39:49.393033] | Thread:21895 | [NetworkManager::fetchOperationGclForNode] | Start operational GCL fetch for node: vstsn01
[2026-04-17 02:39:49.393087] | Thread:21871 | [NetconfSession::getData] | Start data fetch with XPath: /ietf-interfaces:interfaces/interface/ieee802-dot1q-bridge:bridge-port/ieee802-dot1q-sched-bridge:gate-parameter-table
[2026-04-17 02:39:49.498952] | Thread:21871 | [NetconfSession::getData] | Got return for path: /ietf-interfaces:interfaces/interface/ieee802-dot1q-bridge:bridge-port/ieee802-dot1q-sched-bridge:gate-parameter-table
[2026-04-17 02:39:49.499091] | Thread:21871 | [GclParser::parseOperationalGclData] | Start operational GCL data parsing
[2026-04-17 02:39:49.499354] | Thread:21871 | [GclParser::parseOperationalGclData] | Finished operational GCL data parsing
[2026-04-17 02:39:49.499442] | Thread:21895 | [NetworkManager::fetchOperationGclForNode] | Start operational GCL fetch for node: vstsn02
[2026-04-17 02:39:49.499496] | Thread:21876 | [NetconfSession::getData] | Start data fetch with XPath: /ietf-interfaces:interfaces/interface/ieee802-dot1q-bridge:bridge-port/ieee802-dot1q-sched-bridge:gate-parameter-table
[2026-04-17 02:39:49.579679] | Thread:21876 | [NetconfSession::getData] | Got return for path: /ietf-interfaces:interfaces/interface/ieee802-dot1q-bridge:bridge-port/ieee802-dot1q-sched-bridge:gate-parameter-table
[2026-04-17 02:39:49.579867] | Thread:21876 | [GclParser::parseOperationalGclData] | Start operational GCL data parsing
[2026-04-17 02:39:49.580463] | Thread:21876 | [GclParser::parseOperationalGclData] | Finished operational GCL data parsing
[2026-04-17 02:39:49.580628] | Thread:21895 | [NetworkManager::fetchOperationGclForNode] | Start operational GCL fetch for node: vstsn03
[2026-04-17 02:39:49.580684] | Thread:21878 | [NetconfSession::getData] | Start data fetch with XPath: /ietf-interfaces:interfaces/interface/ieee802-dot1q-bridge:bridge-port/ieee802-dot1q-sched-bridge:gate-parameter-table
[2026-04-17 02:39:49.618474] | Thread:21878 | [NetconfSession::getData] | Got return for path: /ietf-interfaces:interfaces/interface/ieee802-dot1q-bridge:bridge-port/ieee802-dot1q-sched-bridge:gate-parameter-table
[2026-04-17 02:39:49.618588] | Thread:21878 | [GclParser::parseOperationalGclData] | Start operational GCL data parsing
[2026-04-17 02:39:49.618750] | Thread:21878 | [GclParser::parseOperationalGclData] | Finished operational GCL data parsing
[2026-04-17 02:39:49.618880] | Thread:21895 | [NetworkManager::fetchOperationGcl] | Stop operational GCL fetch
[2026-04-17 02:39:49.618922] | Thread:21895 | [CncServiceImpl::SetNodeSchedule] | Finished setting node schedule (with verification) for node: vstsn01
[2026-04-17 02:39:50.305540] | Thread:21895 | [CncServiceImpl::SetNodeSchedule] | Start setting node schedule for node: vstsn01
[2026-04-17 02:39:50.305614] | Thread:21895 | [NetworkManager::deployConfigToNode] | Start config deployment for node: vstsn01
[2026-04-17 02:39:50.305736] | Thread:21871 | [NetconfSession::editData] | Start edit-config with XML length: 3260
[2026-04-17 02:39:50.306269] | Thread:21948 | [CncServiceImpl::SetNodeSchedule] | Start setting node schedule for node: vstsn01
[2026-04-17 02:39:50.336015] | Thread:21871 | [NetconfSession::editData] | Finished edit-config with XML length: 3260
[2026-04-17 02:39:50.336048] | Thread:21871 | [NetconfSession::commit] | Start commit operation.
[2026-04-17 02:39:50.379445] | Thread:21871 | [NetconfSession::commit] | Finished commit operation.
[2026-04-17 02:39:50.379478] | Thread:21871 | [NetworkManager::deployConfigToNode] | Successfully deployed config for node: vstsn01
[2026-04-17 02:39:50.379524] | Thread:21895 | [CncServiceImpl::SetNodeSchedule] | Finished deploying config to node: vstsn01
[2026-04-17 02:39:50.379551] | Thread:21895 | [NetworkManager::fetchOperationGcl] | Start operational GCL fetch
[2026-04-17 02:39:50.379553] | Thread:21895 | [NetworkManager::fetchOperationGclForNode] | Start operational GCL fetch for node: vstsn01
[2026-04-17 02:39:50.379606] | Thread:21871 | [NetconfSession::getData] | Start data fetch with XPath: /ietf-interfaces:interfaces/interface/ieee802-dot1q-bridge:bridge-port/ieee802-dot1q-sched-bridge:gate-parameter-table
[2026-04-17 02:39:50.488084] | Thread:21871 | [NetconfSession::getData] | Got return for path: /ietf-interfaces:interfaces/interface/ieee802-dot1q-bridge:bridge-port/ieee802-dot1q-sched-bridge:gate-parameter-table
[2026-04-17 02:39:50.488188] | Thread:21871 | [GclParser::parseOperationalGclData] | Start operational GCL data parsing
[2026-04-17 02:39:50.488443] | Thread:21871 | [GclParser::parseOperationalGclData] | Finished operational GCL data parsing
[2026-04-17 02:39:50.488502] | Thread:21895 | [NetworkManager::fetchOperationGclForNode] | Start operational GCL fetch for node: vstsn02
[2026-04-17 02:39:50.488545] | Thread:21876 | [NetconfSession::getData] | Start data fetch with XPath: /ietf-interfaces:interfaces/interface/ieee802-dot1q-bridge:bridge-port/ieee802-dot1q-sched-bridge:gate-parameter-table
[2026-04-17 02:39:50.563411] | Thread:21876 | [NetconfSession::getData] | Got return for path: /ietf-interfaces:interfaces/interface/ieee802-dot1q-bridge:bridge-port/ieee802-dot1q-sched-bridge:gate-parameter-table
[2026-04-17 02:39:50.563672] | Thread:21876 | [GclParser::parseOperationalGclData] | Start operational GCL data parsing
[2026-04-17 02:39:50.564028] | Thread:21876 | [GclParser::parseOperationalGclData] | Finished operational GCL data parsing
[2026-04-17 02:39:50.564189] | Thread:21895 | [NetworkManager::fetchOperationGclForNode] | Start operational GCL fetch for node: vstsn03
[2026-04-17 02:39:50.564254] | Thread:21878 | [NetconfSession::getData] | Start data fetch with XPath: /ietf-interfaces:interfaces/interface/ieee802-dot1q-bridge:bridge-port/ieee802-dot1q-sched-bridge:gate-parameter-table
[2026-04-17 02:39:50.615349] | Thread:21878 | [NetconfSession::getData] | Got return for path: /ietf-interfaces:interfaces/interface/ieee802-dot1q-bridge:bridge-port/ieee802-dot1q-sched-bridge:gate-parameter-table
[2026-04-17 02:39:50.615456] | Thread:21878 | [GclParser::parseOperationalGclData] | Start operational GCL data parsing
[2026-04-17 02:39:50.615621] | Thread:21878 | [GclParser::parseOperationalGclData] | Finished operational GCL data parsing
[2026-04-17 02:39:50.615679] | Thread:21895 | [NetworkManager::fetchOperationGcl] | Stop operational GCL fetch
[2026-04-17 02:39:50.615719] | Thread:21895 | [CncServiceImpl::SetNodeSchedule] | Finished setting node schedule (with verification) for node: vstsn01
[2026-04-17 02:39:50.615776] | Thread:21948 | [NetworkManager::deployConfigToNode] | Start config deployment for node: vstsn01
[2026-04-17 02:39:50.615928] | Thread:21871 | [NetconfSession::editData] | Start edit-config with XML length: 3260
[2026-04-17 02:39:50.646176] | Thread:21871 | [NetconfSession::editData] | Finished edit-config with XML length: 3260
[2026-04-17 02:39:50.646202] | Thread:21871 | [NetconfSession::commit] | Start commit operation.
[2026-04-17 02:39:50.688024] | Thread:21871 | [NetconfSession::commit] | Finished commit operation.
[2026-04-17 02:39:50.688050] | Thread:21871 | [NetworkManager::deployConfigToNode] | Successfully deployed config for node: vstsn01
[2026-04-17 02:39:50.688129] | Thread:21948 | [CncServiceImpl::SetNodeSchedule] | Finished deploying config to node: vstsn01
[2026-04-17 02:39:50.688165] | Thread:21948 | [NetworkManager::fetchOperationGcl] | Start operational GCL fetch
[2026-04-17 02:39:50.688167] | Thread:21948 | [NetworkManager::fetchOperationGclForNode] | Start operational GCL fetch for node: vstsn01
[2026-04-17 02:39:50.688263] | Thread:21871 | [NetconfSession::getData] | Start data fetch with XPath: /ietf-interfaces:interfaces/interface/ieee802-dot1q-bridge:bridge-port/ieee802-dot1q-sched-bridge:gate-parameter-table
[2026-04-17 02:39:50.790610] | Thread:21871 | [NetconfSession::getData] | Got return for path: /ietf-interfaces:interfaces/interface/ieee802-dot1q-bridge:bridge-port/ieee802-dot1q-sched-bridge:gate-parameter-table
[2026-04-17 02:39:50.790706] | Thread:21871 | [GclParser::parseOperationalGclData] | Start operational GCL data parsing
[2026-04-17 02:39:50.790922] | Thread:21871 | [GclParser::parseOperationalGclData] | Finished operational GCL data parsing
[2026-04-17 02:39:50.791043] | Thread:21948 | [NetworkManager::fetchOperationGclForNode] | Start operational GCL fetch for node: vstsn02
[2026-04-17 02:39:50.791128] | Thread:21876 | [NetconfSession::getData] | Start data fetch with XPath: /ietf-interfaces:interfaces/interface/ieee802-dot1q-bridge:bridge-port/ieee802-dot1q-sched-bridge:gate-parameter-table
[2026-04-17 02:39:50.875863] | Thread:21876 | [NetconfSession::getData] | Got return for path: /ietf-interfaces:interfaces/interface/ieee802-dot1q-bridge:bridge-port/ieee802-dot1q-sched-bridge:gate-parameter-table
[2026-04-17 02:39:50.876043] | Thread:21876 | [GclParser::parseOperationalGclData] | Start operational GCL data parsing
[2026-04-17 02:39:50.876445] | Thread:21876 | [GclParser::parseOperationalGclData] | Finished operational GCL data parsing
[2026-04-17 02:39:50.876640] | Thread:21948 | [NetworkManager::fetchOperationGclForNode] | Start operational GCL fetch for node: vstsn03
[2026-04-17 02:39:50.876781] | Thread:21878 | [NetconfSession::getData] | Start data fetch with XPath: /ietf-interfaces:interfaces/interface/ieee802-dot1q-bridge:bridge-port/ieee802-dot1q-sched-bridge:gate-parameter-table
[2026-04-17 02:39:50.912822] | Thread:21878 | [NetconfSession::getData] | Got return for path: /ietf-interfaces:interfaces/interface/ieee802-dot1q-bridge:bridge-port/ieee802-dot1q-sched-bridge:gate-parameter-table
[2026-04-17 02:39:50.912956] | Thread:21878 | [GclParser::parseOperationalGclData] | Start operational GCL data parsing
[2026-04-17 02:39:50.913149] | Thread:21878 | [GclParser::parseOperationalGclData] | Finished operational GCL data parsing
[2026-04-17 02:39:50.913221] | Thread:21948 | [NetworkManager::fetchOperationGcl] | Stop operational GCL fetch
[2026-04-17 02:39:50.913267] | Thread:21948 | [CncServiceImpl::SetNodeSchedule] | Finished setting node schedule (with verification) for node: vstsn01
[2026-04-17 02:39:51.310565] | Thread:21895 | [CncServiceImpl::SetNodeSchedule] | Start setting node schedule for node: vstsn01
[2026-04-17 02:39:51.310640] | Thread:21895 | [NetworkManager::deployConfigToNode] | Start config deployment for node: vstsn01
[2026-04-17 02:39:51.310750] | Thread:21871 | [NetconfSession::editData] | Start edit-config with XML length: 3260
[2026-04-17 02:39:51.310855] | Thread:21975 | [CncServiceImpl::SetNodeSchedule] | Start setting node schedule for node: vstsn01
[2026-04-17 02:39:51.311622] | Thread:21991 | [CncServiceImpl::SetNodeSchedule] | Start setting node schedule for node: vstsn01
[2026-04-17 02:39:51.341953] | Thread:21871 | [NetconfSession::editData] | Finished edit-config with XML length: 3260
[2026-04-17 02:39:51.341997] | Thread:21871 | [NetconfSession::commit] | Start commit operation.
[2026-04-17 02:39:51.390489] | Thread:21871 | [NetconfSession::commit] | Finished commit operation.
[2026-04-17 02:39:51.390519] | Thread:21871 | [NetworkManager::deployConfigToNode] | Successfully deployed config for node: vstsn01
[2026-04-17 02:39:51.390567] | Thread:21895 | [CncServiceImpl::SetNodeSchedule] | Finished deploying config to node: vstsn01
[2026-04-17 02:39:51.390589] | Thread:21895 | [NetworkManager::fetchOperationGcl] | Start operational GCL fetch
[2026-04-17 02:39:51.390591] | Thread:21895 | [NetworkManager::fetchOperationGclForNode] | Start operational GCL fetch for node: vstsn01
[2026-04-17 02:39:51.390642] | Thread:21871 | [NetconfSession::getData] | Start data fetch with XPath: /ietf-interfaces:interfaces/interface/ieee802-dot1q-bridge:bridge-port/ieee802-dot1q-sched-bridge:gate-parameter-table
[2026-04-17 02:39:51.502172] | Thread:21871 | [NetconfSession::getData] | Got return for path: /ietf-interfaces:interfaces/interface/ieee802-dot1q-bridge:bridge-port/ieee802-dot1q-sched-bridge:gate-parameter-table
[2026-04-17 02:39:51.502354] | Thread:21871 | [GclParser::parseOperationalGclData] | Start operational GCL data parsing
[2026-04-17 02:39:51.502748] | Thread:21871 | [GclParser::parseOperationalGclData] | Finished operational GCL data parsing
[2026-04-17 02:39:51.502860] | Thread:21895 | [NetworkManager::fetchOperationGclForNode] | Start operational GCL fetch for node: vstsn02
[2026-04-17 02:39:51.502911] | Thread:21876 | [NetconfSession::getData] | Start data fetch with XPath: /ietf-interfaces:interfaces/interface/ieee802-dot1q-bridge:bridge-port/ieee802-dot1q-sched-bridge:gate-parameter-table
[2026-04-17 02:39:51.578269] | Thread:21876 | [NetconfSession::getData] | Got return for path: /ietf-interfaces:interfaces/interface/ieee802-dot1q-bridge:bridge-port/ieee802-dot1q-sched-bridge:gate-parameter-table
[2026-04-17 02:39:51.578434] | Thread:21876 | [GclParser::parseOperationalGclData] | Start operational GCL data parsing
[2026-04-17 02:39:51.578938] | Thread:21876 | [GclParser::parseOperationalGclData] | Finished operational GCL data parsing
[2026-04-17 02:39:51.579055] | Thread:21895 | [NetworkManager::fetchOperationGclForNode] | Start operational GCL fetch for node: vstsn03
[2026-04-17 02:39:51.579146] | Thread:21878 | [NetconfSession::getData] | Start data fetch with XPath: /ietf-interfaces:interfaces/interface/ieee802-dot1q-bridge:bridge-port/ieee802-dot1q-sched-bridge:gate-parameter-table
[2026-04-17 02:39:51.614932] | Thread:21878 | [NetconfSession::getData] | Got return for path: /ietf-interfaces:interfaces/interface/ieee802-dot1q-bridge:bridge-port/ieee802-dot1q-sched-bridge:gate-parameter-table
[2026-04-17 02:39:51.615045] | Thread:21878 | [GclParser::parseOperationalGclData] | Start operational GCL data parsing
[2026-04-17 02:39:51.615207] | Thread:21878 | [GclParser::parseOperationalGclData] | Finished operational GCL data parsing
[2026-04-17 02:39:51.615274] | Thread:21895 | [NetworkManager::fetchOperationGcl] | Stop operational GCL fetch
[2026-04-17 02:39:51.615326] | Thread:21895 | [CncServiceImpl::SetNodeSchedule] | Finished setting node schedule (with verification) for node: vstsn01
[2026-04-17 02:39:51.615388] | Thread:21975 | [NetworkManager::deployConfigToNode] | Start config deployment for node: vstsn01
[2026-04-17 02:39:51.615530] | Thread:21871 | [NetconfSession::editData] | Start edit-config with XML length: 3260
[2026-04-17 02:39:51.645025] | Thread:21871 | [NetconfSession::editData] | Finished edit-config with XML length: 3260
[2026-04-17 02:39:51.645049] | Thread:21871 | [NetconfSession::commit] | Start commit operation.
[2026-04-17 02:39:51.685546] | Thread:21871 | [NetconfSession::commit] | Finished commit operation.
[2026-04-17 02:39:51.685570] | Thread:21871 | [NetworkManager::deployConfigToNode] | Successfully deployed config for node: vstsn01
[2026-04-17 02:39:51.685652] | Thread:21975 | [CncServiceImpl::SetNodeSchedule] | Finished deploying config to node: vstsn01
[2026-04-17 02:39:51.685691] | Thread:21975 | [NetworkManager::fetchOperationGcl] | Start operational GCL fetch
[2026-04-17 02:39:51.685693] | Thread:21975 | [NetworkManager::fetchOperationGclForNode] | Start operational GCL fetch for node: vstsn01
[2026-04-17 02:39:51.685747] | Thread:21871 | [NetconfSession::getData] | Start data fetch with XPath: /ietf-interfaces:interfaces/interface/ieee802-dot1q-bridge:bridge-port/ieee802-dot1q-sched-bridge:gate-parameter-table
[2026-04-17 02:39:51.788680] | Thread:21871 | [NetconfSession::getData] | Got return for path: /ietf-interfaces:interfaces/interface/ieee802-dot1q-bridge:bridge-port/ieee802-dot1q-sched-bridge:gate-parameter-table
[2026-04-17 02:39:51.788784] | Thread:21871 | [GclParser::parseOperationalGclData] | Start operational GCL data parsing
[2026-04-17 02:39:51.789052] | Thread:21871 | [GclParser::parseOperationalGclData] | Finished operational GCL data parsing
[2026-04-17 02:39:51.789178] | Thread:21975 | [NetworkManager::fetchOperationGclForNode] | Start operational GCL fetch for node: vstsn02
[2026-04-17 02:39:51.789238] | Thread:21876 | [NetconfSession::getData] | Start data fetch with XPath: /ietf-interfaces:interfaces/interface/ieee802-dot1q-bridge:bridge-port/ieee802-dot1q-sched-bridge:gate-parameter-table
[2026-04-17 02:39:51.870821] | Thread:21876 | [NetconfSession::getData] | Got return for path: /ietf-interfaces:interfaces/interface/ieee802-dot1q-bridge:bridge-port/ieee802-dot1q-sched-bridge:gate-parameter-table
[2026-04-17 02:39:51.870971] | Thread:21876 | [GclParser::parseOperationalGclData] | Start operational GCL data parsing
[2026-04-17 02:39:51.871269] | Thread:21876 | [GclParser::parseOperationalGclData] | Finished operational GCL data parsing
[2026-04-17 02:39:51.871435] | Thread:21975 | [NetworkManager::fetchOperationGclForNode] | Start operational GCL fetch for node: vstsn03
[2026-04-17 02:39:51.871544] | Thread:21878 | [NetconfSession::getData] | Start data fetch with XPath: /ietf-interfaces:interfaces/interface/ieee802-dot1q-bridge:bridge-port/ieee802-dot1q-sched-bridge:gate-parameter-table
[2026-04-17 02:39:51.911654] | Thread:21878 | [NetconfSession::getData] | Got return for path: /ietf-interfaces:interfaces/interface/ieee802-dot1q-bridge:bridge-port/ieee802-dot1q-sched-bridge:gate-parameter-table
[2026-04-17 02:39:51.911760] | Thread:21878 | [GclParser::parseOperationalGclData] | Start operational GCL data parsing
[2026-04-17 02:39:51.912033] | Thread:21878 | [GclParser::parseOperationalGclData] | Finished operational GCL data parsing
[2026-04-17 02:39:51.912110] | Thread:21975 | [NetworkManager::fetchOperationGcl] | Stop operational GCL fetch
[2026-04-17 02:39:51.912153] | Thread:21975 | [CncServiceImpl::SetNodeSchedule] | Finished setting node schedule (with verification) for node: vstsn01
[2026-04-17 02:39:51.912197] | Thread:21991 | [NetworkManager::deployConfigToNode] | Start config deployment for node: vstsn01
[2026-04-17 02:39:51.912348] | Thread:21871 | [NetconfSession::editData] | Start edit-config with XML length: 3260
[2026-04-17 02:39:51.942281] | Thread:21871 | [NetconfSession::editData] | Finished edit-config with XML length: 3260
[2026-04-17 02:39:51.942321] | Thread:21871 | [NetconfSession::commit] | Start commit operation.
[2026-04-17 02:39:51.987738] | Thread:21871 | [NetconfSession::commit] | Finished commit operation.
[2026-04-17 02:39:51.987781] | Thread:21871 | [NetworkManager::deployConfigToNode] | Successfully deployed config for node: vstsn01
[2026-04-17 02:39:51.987827] | Thread:21991 | [CncServiceImpl::SetNodeSchedule] | Finished deploying config to node: vstsn01
[2026-04-17 02:39:51.987834] | Thread:21991 | [NetworkManager::fetchOperationGcl] | Start operational GCL fetch
[2026-04-17 02:39:51.987835] | Thread:21991 | [NetworkManager::fetchOperationGclForNode] | Start operational GCL fetch for node: vstsn01
[2026-04-17 02:39:51.987937] | Thread:21871 | [NetconfSession::getData] | Start data fetch with XPath: /ietf-interfaces:interfaces/interface/ieee802-dot1q-bridge:bridge-port/ieee802-dot1q-sched-bridge:gate-parameter-table
[2026-04-17 02:39:52.090137] | Thread:21871 | [NetconfSession::getData] | Got return for path: /ietf-interfaces:interfaces/interface/ieee802-dot1q-bridge:bridge-port/ieee802-dot1q-sched-bridge:gate-parameter-table
[2026-04-17 02:39:52.090239] | Thread:21871 | [GclParser::parseOperationalGclData] | Start operational GCL data parsing
[2026-04-17 02:39:52.090468] | Thread:21871 | [GclParser::parseOperationalGclData] | Finished operational GCL data parsing
[2026-04-17 02:39:52.090564] | Thread:21991 | [NetworkManager::fetchOperationGclForNode] | Start operational GCL fetch for node: vstsn02
[2026-04-17 02:39:52.090685] | Thread:21876 | [NetconfSession::getData] | Start data fetch with XPath: /ietf-interfaces:interfaces/interface/ieee802-dot1q-bridge:bridge-port/ieee802-dot1q-sched-bridge:gate-parameter-table
[2026-04-17 02:39:52.187852] | Thread:21876 | [NetconfSession::getData] | Got return for path: /ietf-interfaces:interfaces/interface/ieee802-dot1q-bridge:bridge-port/ieee802-dot1q-sched-bridge:gate-parameter-table
[2026-04-17 02:39:52.188016] | Thread:21876 | [GclParser::parseOperationalGclData] | Start operational GCL data parsing
[2026-04-17 02:39:52.188353] | Thread:21876 | [GclParser::parseOperationalGclData] | Finished operational GCL data parsing
[2026-04-17 02:39:52.188450] | Thread:21991 | [NetworkManager::fetchOperationGclForNode] | Start operational GCL fetch for node: vstsn03
[2026-04-17 02:39:52.188556] | Thread:21878 | [NetconfSession::getData] | Start data fetch with XPath: /ietf-interfaces:interfaces/interface/ieee802-dot1q-bridge:bridge-port/ieee802-dot1q-sched-bridge:gate-parameter-table
[2026-04-17 02:39:52.230523] | Thread:21878 | [NetconfSession::getData] | Got return for path: /ietf-interfaces:interfaces/interface/ieee802-dot1q-bridge:bridge-port/ieee802-dot1q-sched-bridge:gate-parameter-table
[2026-04-17 02:39:52.230636] | Thread:21878 | [GclParser::parseOperationalGclData] | Start operational GCL data parsing
[2026-04-17 02:39:52.230786] | Thread:21878 | [GclParser::parseOperationalGclData] | Finished operational GCL data parsing
[2026-04-17 02:39:52.230868] | Thread:21991 | [NetworkManager::fetchOperationGcl] | Stop operational GCL fetch
[2026-04-17 02:39:52.230920] | Thread:21991 | [CncServiceImpl::SetNodeSchedule] | Finished setting node schedule (with verification) for node: vstsn01
[2026-04-17 02:39:52.315912] | Thread:21895 | [CncServiceImpl::SetNodeSchedule] | Start setting node schedule for node: vstsn01
[2026-04-17 02:39:52.315980] | Thread:21895 | [NetworkManager::deployConfigToNode] | Start config deployment for node: vstsn01
[2026-04-17 02:39:52.316095] | Thread:21871 | [NetconfSession::editData] | Start edit-config with XML length: 3260
[2026-04-17 02:39:52.316205] | Thread:21992 | [CncServiceImpl::SetNodeSchedule] | Start setting node schedule for node: vstsn01
[2026-04-17 02:39:52.316861] | Thread:22023 | [CncServiceImpl::SetNodeSchedule] | Start setting node schedule for node: vstsn01
[2026-04-17 02:39:52.317879] | Thread:22024 | [CncServiceImpl::SetNodeSchedule] | Start setting node schedule for node: vstsn01
[2026-04-17 02:39:52.345519] | Thread:21871 | [NetconfSession::editData] | Finished edit-config with XML length: 3260
[2026-04-17 02:39:52.345558] | Thread:21871 | [NetconfSession::commit] | Start commit operation.
[2026-04-17 02:39:52.388860] | Thread:21871 | [NetconfSession::commit] | Finished commit operation.
[2026-04-17 02:39:52.388885] | Thread:21871 | [NetworkManager::deployConfigToNode] | Successfully deployed config for node: vstsn01
[2026-04-17 02:39:52.388978] | Thread:21895 | [CncServiceImpl::SetNodeSchedule] | Finished deploying config to node: vstsn01
[2026-04-17 02:39:52.389024] | Thread:21895 | [NetworkManager::fetchOperationGcl] | Start operational GCL fetch
[2026-04-17 02:39:52.389026] | Thread:21895 | [NetworkManager::fetchOperationGclForNode] | Start operational GCL fetch for node: vstsn01
[2026-04-17 02:39:52.389087] | Thread:21871 | [NetconfSession::getData] | Start data fetch with XPath: /ietf-interfaces:interfaces/interface/ieee802-dot1q-bridge:bridge-port/ieee802-dot1q-sched-bridge:gate-parameter-table
[2026-04-17 02:39:52.496790] | Thread:21871 | [NetconfSession::getData] | Got return for path: /ietf-interfaces:interfaces/interface/ieee802-dot1q-bridge:bridge-port/ieee802-dot1q-sched-bridge:gate-parameter-table
[2026-04-17 02:39:52.496928] | Thread:21871 | [GclParser::parseOperationalGclData] | Start operational GCL data parsing
[2026-04-17 02:39:52.497167] | Thread:21871 | [GclParser::parseOperationalGclData] | Finished operational GCL data parsing
[2026-04-17 02:39:52.497278] | Thread:21895 | [NetworkManager::fetchOperationGclForNode] | Start operational GCL fetch for node: vstsn02
[2026-04-17 02:39:52.497346] | Thread:21876 | [NetconfSession::getData] | Start data fetch with XPath: /ietf-interfaces:interfaces/interface/ieee802-dot1q-bridge:bridge-port/ieee802-dot1q-sched-bridge:gate-parameter-table
[2026-04-17 02:39:52.583249] | Thread:21876 | [NetconfSession::getData] | Got return for path: /ietf-interfaces:interfaces/interface/ieee802-dot1q-bridge:bridge-port/ieee802-dot1q-sched-bridge:gate-parameter-table
[2026-04-17 02:39:52.583407] | Thread:21876 | [GclParser::parseOperationalGclData] | Start operational GCL data parsing
[2026-04-17 02:39:52.583730] | Thread:21876 | [GclParser::parseOperationalGclData] | Finished operational GCL data parsing
[2026-04-17 02:39:52.583852] | Thread:21895 | [NetworkManager::fetchOperationGclForNode] | Start operational GCL fetch for node: vstsn03
[2026-04-17 02:39:52.583929] | Thread:21878 | [NetconfSession::getData] | Start data fetch with XPath: /ietf-interfaces:interfaces/interface/ieee802-dot1q-bridge:bridge-port/ieee802-dot1q-sched-bridge:gate-parameter-table
[2026-04-17 02:39:52.620180] | Thread:21878 | [NetconfSession::getData] | Got return for path: /ietf-interfaces:interfaces/interface/ieee802-dot1q-bridge:bridge-port/ieee802-dot1q-sched-bridge:gate-parameter-table
[2026-04-17 02:39:52.620300] | Thread:21878 | [GclParser::parseOperationalGclData] | Start operational GCL data parsing
[2026-04-17 02:39:52.620451] | Thread:21878 | [GclParser::parseOperationalGclData] | Finished operational GCL data parsing
[2026-04-17 02:39:52.620553] | Thread:21895 | [NetworkManager::fetchOperationGcl] | Stop operational GCL fetch
[2026-04-17 02:39:52.620594] | Thread:21895 | [CncServiceImpl::SetNodeSchedule] | Finished setting node schedule (with verification) for node: vstsn01
[2026-04-17 02:39:52.620665] | Thread:21992 | [NetworkManager::deployConfigToNode] | Start config deployment for node: vstsn01
[2026-04-17 02:39:52.620802] | Thread:21871 | [NetconfSession::editData] | Start edit-config with XML length: 3260
[2026-04-17 02:39:52.650097] | Thread:21871 | [NetconfSession::editData] | Finished edit-config with XML length: 3260
[2026-04-17 02:39:52.650144] | Thread:21871 | [NetconfSession::commit] | Start commit operation.
[2026-04-17 02:39:52.691640] | Thread:21871 | [NetconfSession::commit] | Finished commit operation.
[2026-04-17 02:39:52.691663] | Thread:21871 | [NetworkManager::deployConfigToNode] | Successfully deployed config for node: vstsn01
[2026-04-17 02:39:52.691715] | Thread:21992 | [CncServiceImpl::SetNodeSchedule] | Finished deploying config to node: vstsn01
[2026-04-17 02:39:52.691748] | Thread:21992 | [NetworkManager::fetchOperationGcl] | Start operational GCL fetch
[2026-04-17 02:39:52.691750] | Thread:21992 | [NetworkManager::fetchOperationGclForNode] | Start operational GCL fetch for node: vstsn01
[2026-04-17 02:39:52.691796] | Thread:21871 | [NetconfSession::getData] | Start data fetch with XPath: /ietf-interfaces:interfaces/interface/ieee802-dot1q-bridge:bridge-port/ieee802-dot1q-sched-bridge:gate-parameter-table
[2026-04-17 02:39:52.812322] | Thread:21871 | [NetconfSession::getData] | Got return for path: /ietf-interfaces:interfaces/interface/ieee802-dot1q-bridge:bridge-port/ieee802-dot1q-sched-bridge:gate-parameter-table
[2026-04-17 02:39:52.812513] | Thread:21871 | [GclParser::parseOperationalGclData] | Start operational GCL data parsing
[2026-04-17 02:39:52.812837] | Thread:21871 | [GclParser::parseOperationalGclData] | Finished operational GCL data parsing
[2026-04-17 02:39:52.812934] | Thread:21992 | [NetworkManager::fetchOperationGclForNode] | Start operational GCL fetch for node: vstsn02
[2026-04-17 02:39:52.812988] | Thread:21876 | [NetconfSession::getData] | Start data fetch with XPath: /ietf-interfaces:interfaces/interface/ieee802-dot1q-bridge:bridge-port/ieee802-dot1q-sched-bridge:gate-parameter-table
[2026-04-17 02:39:52.903705] | Thread:21876 | [NetconfSession::getData] | Got return for path: /ietf-interfaces:interfaces/interface/ieee802-dot1q-bridge:bridge-port/ieee802-dot1q-sched-bridge:gate-parameter-table
[2026-04-17 02:39:52.903849] | Thread:21876 | [GclParser::parseOperationalGclData] | Start operational GCL data parsing
[2026-04-17 02:39:52.904138] | Thread:21876 | [GclParser::parseOperationalGclData] | Finished operational GCL data parsing
[2026-04-17 02:39:52.904248] | Thread:21992 | [NetworkManager::fetchOperationGclForNode] | Start operational GCL fetch for node: vstsn03
[2026-04-17 02:39:52.904305] | Thread:21878 | [NetconfSession::getData] | Start data fetch with XPath: /ietf-interfaces:interfaces/interface/ieee802-dot1q-bridge:bridge-port/ieee802-dot1q-sched-bridge:gate-parameter-table
[2026-04-17 02:39:52.950305] | Thread:21878 | [NetconfSession::getData] | Got return for path: /ietf-interfaces:interfaces/interface/ieee802-dot1q-bridge:bridge-port/ieee802-dot1q-sched-bridge:gate-parameter-table
[2026-04-17 02:39:52.950429] | Thread:21878 | [GclParser::parseOperationalGclData] | Start operational GCL data parsing
[2026-04-17 02:39:52.950598] | Thread:21878 | [GclParser::parseOperationalGclData] | Finished operational GCL data parsing
[2026-04-17 02:39:52.950689] | Thread:21992 | [NetworkManager::fetchOperationGcl] | Stop operational GCL fetch
[2026-04-17 02:39:52.950756] | Thread:21992 | [CncServiceImpl::SetNodeSchedule] | Finished setting node schedule (with verification) for node: vstsn01
[2026-04-17 02:39:52.950813] | Thread:22023 | [NetworkManager::deployConfigToNode] | Start config deployment for node: vstsn01
[2026-04-17 02:39:52.950907] | Thread:21871 | [NetconfSession::editData] | Start edit-config with XML length: 3260
[2026-04-17 02:39:52.983615] | Thread:21871 | [NetconfSession::editData] | Finished edit-config with XML length: 3260
[2026-04-17 02:39:52.983638] | Thread:21871 | [NetconfSession::commit] | Start commit operation.
[2026-04-17 02:39:53.037544] | Thread:21871 | [NetconfSession::commit] | Finished commit operation.
[2026-04-17 02:39:53.037567] | Thread:21871 | [NetworkManager::deployConfigToNode] | Successfully deployed config for node: vstsn01
[2026-04-17 02:39:53.037706] | Thread:22023 | [CncServiceImpl::SetNodeSchedule] | Finished deploying config to node: vstsn01
[2026-04-17 02:39:53.037766] | Thread:22023 | [NetworkManager::fetchOperationGcl] | Start operational GCL fetch
[2026-04-17 02:39:53.037768] | Thread:22023 | [NetworkManager::fetchOperationGclForNode] | Start operational GCL fetch for node: vstsn01
[2026-04-17 02:39:53.037817] | Thread:21871 | [NetconfSession::getData] | Start data fetch with XPath: /ietf-interfaces:interfaces/interface/ieee802-dot1q-bridge:bridge-port/ieee802-dot1q-sched-bridge:gate-parameter-table
[2026-04-17 02:39:53.148211] | Thread:21871 | [NetconfSession::getData] | Got return for path: /ietf-interfaces:interfaces/interface/ieee802-dot1q-bridge:bridge-port/ieee802-dot1q-sched-bridge:gate-parameter-table
[2026-04-17 02:39:53.148333] | Thread:21871 | [GclParser::parseOperationalGclData] | Start operational GCL data parsing
[2026-04-17 02:39:53.148622] | Thread:21871 | [GclParser::parseOperationalGclData] | Finished operational GCL data parsing
[2026-04-17 02:39:53.148763] | Thread:22023 | [NetworkManager::fetchOperationGclForNode] | Start operational GCL fetch for node: vstsn02
[2026-04-17 02:39:53.148840] | Thread:21876 | [NetconfSession::getData] | Start data fetch with XPath: /ietf-interfaces:interfaces/interface/ieee802-dot1q-bridge:bridge-port/ieee802-dot1q-sched-bridge:gate-parameter-table
[2026-04-17 02:39:53.246375] | Thread:21876 | [NetconfSession::getData] | Got return for path: /ietf-interfaces:interfaces/interface/ieee802-dot1q-bridge:bridge-port/ieee802-dot1q-sched-bridge:gate-parameter-table
[2026-04-17 02:39:53.246596] | Thread:21876 | [GclParser::parseOperationalGclData] | Start operational GCL data parsing
[2026-04-17 02:39:53.246968] | Thread:21876 | [GclParser::parseOperationalGclData] | Finished operational GCL data parsing
[2026-04-17 02:39:53.247056] | Thread:22023 | [NetworkManager::fetchOperationGclForNode] | Start operational GCL fetch for node: vstsn03
[2026-04-17 02:39:53.247110] | Thread:21878 | [NetconfSession::getData] | Start data fetch with XPath: /ietf-interfaces:interfaces/interface/ieee802-dot1q-bridge:bridge-port/ieee802-dot1q-sched-bridge:gate-parameter-table
[2026-04-17 02:39:53.295429] | Thread:21878 | [NetconfSession::getData] | Got return for path: /ietf-interfaces:interfaces/interface/ieee802-dot1q-bridge:bridge-port/ieee802-dot1q-sched-bridge:gate-parameter-table
[2026-04-17 02:39:53.295562] | Thread:21878 | [GclParser::parseOperationalGclData] | Start operational GCL data parsing
[2026-04-17 02:39:53.295781] | Thread:21878 | [GclParser::parseOperationalGclData] | Finished operational GCL data parsing
[2026-04-17 02:39:53.295896] | Thread:22023 | [NetworkManager::fetchOperationGcl] | Stop operational GCL fetch
[2026-04-17 02:39:53.295966] | Thread:22023 | [CncServiceImpl::SetNodeSchedule] | Finished setting node schedule (with verification) for node: vstsn01
[2026-04-17 02:39:53.296007] | Thread:22024 | [NetworkManager::deployConfigToNode] | Start config deployment for node: vstsn01
[2026-04-17 02:39:53.296129] | Thread:21871 | [NetconfSession::editData] | Start edit-config with XML length: 3260
[2026-04-17 02:39:53.319415] | Thread:21895 | [CncServiceImpl::SetNodeSchedule] | Start setting node schedule for node: vstsn01
[2026-04-17 02:39:53.319934] | Thread:22025 | [CncServiceImpl::SetNodeSchedule] | Start setting node schedule for node: vstsn01
[2026-04-17 02:39:53.320645] | Thread:22034 | [CncServiceImpl::SetNodeSchedule] | Start setting node schedule for node: vstsn01
[2026-04-17 02:39:53.321368] | Thread:22035 | [CncServiceImpl::SetNodeSchedule] | Start setting node schedule for node: vstsn01
[2026-04-17 02:39:53.322690] | Thread:22036 | [CncServiceImpl::SetNodeSchedule] | Start setting node schedule for node: vstsn01
[2026-04-17 02:39:53.336905] | Thread:21871 | [NetconfSession::editData] | Finished edit-config with XML length: 3260
[2026-04-17 02:39:53.336932] | Thread:21871 | [NetconfSession::commit] | Start commit operation.
[2026-04-17 02:39:53.382541] | Thread:21871 | [NetconfSession::commit] | Finished commit operation.
[2026-04-17 02:39:53.382564] | Thread:21871 | [NetworkManager::deployConfigToNode] | Successfully deployed config for node: vstsn01
[2026-04-17 02:39:53.382621] | Thread:22024 | [CncServiceImpl::SetNodeSchedule] | Finished deploying config to node: vstsn01
[2026-04-17 02:39:53.382676] | Thread:22024 | [NetworkManager::fetchOperationGcl] | Start operational GCL fetch
[2026-04-17 02:39:53.382678] | Thread:22024 | [NetworkManager::fetchOperationGclForNode] | Start operational GCL fetch for node: vstsn01
[2026-04-17 02:39:53.382744] | Thread:21871 | [NetconfSession::getData] | Start data fetch with XPath: /ietf-interfaces:interfaces/interface/ieee802-dot1q-bridge:bridge-port/ieee802-dot1q-sched-bridge:gate-parameter-table
[2026-04-17 02:39:53.486989] | Thread:21871 | [NetconfSession::getData] | Got return for path: /ietf-interfaces:interfaces/interface/ieee802-dot1q-bridge:bridge-port/ieee802-dot1q-sched-bridge:gate-parameter-table
[2026-04-17 02:39:53.487118] | Thread:21871 | [GclParser::parseOperationalGclData] | Start operational GCL data parsing
[2026-04-17 02:39:53.487357] | Thread:21871 | [GclParser::parseOperationalGclData] | Finished operational GCL data parsing
[2026-04-17 02:39:53.487455] | Thread:22024 | [NetworkManager::fetchOperationGclForNode] | Start operational GCL fetch for node: vstsn02
[2026-04-17 02:39:53.487544] | Thread:21876 | [NetconfSession::getData] | Start data fetch with XPath: /ietf-interfaces:interfaces/interface/ieee802-dot1q-bridge:bridge-port/ieee802-dot1q-sched-bridge:gate-parameter-table
[2026-04-17 02:39:53.564467] | Thread:21876 | [NetconfSession::getData] | Got return for path: /ietf-interfaces:interfaces/interface/ieee802-dot1q-bridge:bridge-port/ieee802-dot1q-sched-bridge:gate-parameter-table
[2026-04-17 02:39:53.564732] | Thread:21876 | [GclParser::parseOperationalGclData] | Start operational GCL data parsing
[2026-04-17 02:39:53.565068] | Thread:21876 | [GclParser::parseOperationalGclData] | Finished operational GCL data parsing
[2026-04-17 02:39:53.565184] | Thread:22024 | [NetworkManager::fetchOperationGclForNode] | Start operational GCL fetch for node: vstsn03
[2026-04-17 02:39:53.565226] | Thread:21878 | [NetconfSession::getData] | Start data fetch with XPath: /ietf-interfaces:interfaces/interface/ieee802-dot1q-bridge:bridge-port/ieee802-dot1q-sched-bridge:gate-parameter-table
[2026-04-17 02:39:53.603689] | Thread:21878 | [NetconfSession::getData] | Got return for path: /ietf-interfaces:interfaces/interface/ieee802-dot1q-bridge:bridge-port/ieee802-dot1q-sched-bridge:gate-parameter-table
[2026-04-17 02:39:53.603802] | Thread:21878 | [GclParser::parseOperationalGclData] | Start operational GCL data parsing
[2026-04-17 02:39:53.603986] | Thread:21878 | [GclParser::parseOperationalGclData] | Finished operational GCL data parsing
[2026-04-17 02:39:53.604116] | Thread:22024 | [NetworkManager::fetchOperationGcl] | Stop operational GCL fetch
[2026-04-17 02:39:53.604163] | Thread:22024 | [CncServiceImpl::SetNodeSchedule] | Finished setting node schedule (with verification) for node: vstsn01
[2026-04-17 02:39:53.604289] | Thread:21895 | [NetworkManager::deployConfigToNode] | Start config deployment for node: vstsn01
[2026-04-17 02:39:53.604404] | Thread:21871 | [NetconfSession::editData] | Start edit-config with XML length: 3260
[2026-04-17 02:39:53.637262] | Thread:21871 | [NetconfSession::editData] | Finished edit-config with XML length: 3260
[2026-04-17 02:39:53.637287] | Thread:21871 | [NetconfSession::commit] | Start commit operation.
[2026-04-17 02:39:53.678561] | Thread:21871 | [NetconfSession::commit] | Finished commit operation.
[2026-04-17 02:39:53.678593] | Thread:21871 | [NetworkManager::deployConfigToNode] | Successfully deployed config for node: vstsn01
[2026-04-17 02:39:53.678646] | Thread:21895 | [CncServiceImpl::SetNodeSchedule] | Finished deploying config to node: vstsn01
[2026-04-17 02:39:53.678685] | Thread:21895 | [NetworkManager::fetchOperationGcl] | Start operational GCL fetch
[2026-04-17 02:39:53.678687] | Thread:21895 | [NetworkManager::fetchOperationGclForNode] | Start operational GCL fetch for node: vstsn01
[2026-04-17 02:39:53.678726] | Thread:21871 | [NetconfSession::getData] | Start data fetch with XPath: /ietf-interfaces:interfaces/interface/ieee802-dot1q-bridge:bridge-port/ieee802-dot1q-sched-bridge:gate-parameter-table
[2026-04-17 02:39:53.782378] | Thread:21871 | [NetconfSession::getData] | Got return for path: /ietf-interfaces:interfaces/interface/ieee802-dot1q-bridge:bridge-port/ieee802-dot1q-sched-bridge:gate-parameter-table
[2026-04-17 02:39:53.782482] | Thread:21871 | [GclParser::parseOperationalGclData] | Start operational GCL data parsing
[2026-04-17 02:39:53.782693] | Thread:21871 | [GclParser::parseOperationalGclData] | Finished operational GCL data parsing
[2026-04-17 02:39:53.782904] | Thread:21895 | [NetworkManager::fetchOperationGclForNode] | Start operational GCL fetch for node: vstsn02
[2026-04-17 02:39:53.782943] | Thread:21876 | [NetconfSession::getData] | Start data fetch with XPath: /ietf-interfaces:interfaces/interface/ieee802-dot1q-bridge:bridge-port/ieee802-dot1q-sched-bridge:gate-parameter-table
[2026-04-17 02:39:53.868368] | Thread:21876 | [NetconfSession::getData] | Got return for path: /ietf-interfaces:interfaces/interface/ieee802-dot1q-bridge:bridge-port/ieee802-dot1q-sched-bridge:gate-parameter-table
[2026-04-17 02:39:53.868527] | Thread:21876 | [GclParser::parseOperationalGclData] | Start operational GCL data parsing
[2026-04-17 02:39:53.868846] | Thread:21876 | [GclParser::parseOperationalGclData] | Finished operational GCL data parsing
[2026-04-17 02:39:53.868995] | Thread:21895 | [NetworkManager::fetchOperationGclForNode] | Start operational GCL fetch for node: vstsn03
[2026-04-17 02:39:53.869082] | Thread:21878 | [NetconfSession::getData] | Start data fetch with XPath: /ietf-interfaces:interfaces/interface/ieee802-dot1q-bridge:bridge-port/ieee802-dot1q-sched-bridge:gate-parameter-table
[2026-04-17 02:39:53.915194] | Thread:21878 | [NetconfSession::getData] | Got return for path: /ietf-interfaces:interfaces/interface/ieee802-dot1q-bridge:bridge-port/ieee802-dot1q-sched-bridge:gate-parameter-table
[2026-04-17 02:39:53.915311] | Thread:21878 | [GclParser::parseOperationalGclData] | Start operational GCL data parsing
[2026-04-17 02:39:53.915491] | Thread:21878 | [GclParser::parseOperationalGclData] | Finished operational GCL data parsing
[2026-04-17 02:39:53.915603] | Thread:21895 | [NetworkManager::fetchOperationGcl] | Stop operational GCL fetch
[2026-04-17 02:39:53.915641] | Thread:21895 | [CncServiceImpl::SetNodeSchedule] | Finished setting node schedule (with verification) for node: vstsn01
[2026-04-17 02:39:53.915696] | Thread:22025 | [NetworkManager::deployConfigToNode] | Start config deployment for node: vstsn01
[2026-04-17 02:39:53.915849] | Thread:21871 | [NetconfSession::editData] | Start edit-config with XML length: 3260
[2026-04-17 02:39:53.944258] | Thread:21871 | [NetconfSession::editData] | Finished edit-config with XML length: 3260
[2026-04-17 02:39:53.944282] | Thread:21871 | [NetconfSession::commit] | Start commit operation.
[2026-04-17 02:39:53.985740] | Thread:21871 | [NetconfSession::commit] | Finished commit operation.
[2026-04-17 02:39:53.985764] | Thread:21871 | [NetworkManager::deployConfigToNode] | Successfully deployed config for node: vstsn01
[2026-04-17 02:39:53.985836] | Thread:22025 | [CncServiceImpl::SetNodeSchedule] | Finished deploying config to node: vstsn01
[2026-04-17 02:39:53.985875] | Thread:22025 | [NetworkManager::fetchOperationGcl] | Start operational GCL fetch
[2026-04-17 02:39:53.985877] | Thread:22025 | [NetworkManager::fetchOperationGclForNode] | Start operational GCL fetch for node: vstsn01
[2026-04-17 02:39:53.985932] | Thread:21871 | [NetconfSession::getData] | Start data fetch with XPath: /ietf-interfaces:interfaces/interface/ieee802-dot1q-bridge:bridge-port/ieee802-dot1q-sched-bridge:gate-parameter-table
[2026-04-17 02:39:54.089812] | Thread:21871 | [NetconfSession::getData] | Got return for path: /ietf-interfaces:interfaces/interface/ieee802-dot1q-bridge:bridge-port/ieee802-dot1q-sched-bridge:gate-parameter-table
[2026-04-17 02:39:54.089923] | Thread:21871 | [GclParser::parseOperationalGclData] | Start operational GCL data parsing
[2026-04-17 02:39:54.090177] | Thread:21871 | [GclParser::parseOperationalGclData] | Finished operational GCL data parsing
[2026-04-17 02:39:54.090231] | Thread:22025 | [NetworkManager::fetchOperationGclForNode] | Start operational GCL fetch for node: vstsn02
[2026-04-17 02:39:54.090357] | Thread:21876 | [NetconfSession::getData] | Start data fetch with XPath: /ietf-interfaces:interfaces/interface/ieee802-dot1q-bridge:bridge-port/ieee802-dot1q-sched-bridge:gate-parameter-table
[2026-04-17 02:39:54.169301] | Thread:21876 | [NetconfSession::getData] | Got return for path: /ietf-interfaces:interfaces/interface/ieee802-dot1q-bridge:bridge-port/ieee802-dot1q-sched-bridge:gate-parameter-table
[2026-04-17 02:39:54.169438] | Thread:21876 | [GclParser::parseOperationalGclData] | Start operational GCL data parsing
[2026-04-17 02:39:54.169742] | Thread:21876 | [GclParser::parseOperationalGclData] | Finished operational GCL data parsing
[2026-04-17 02:39:54.169873] | Thread:22025 | [NetworkManager::fetchOperationGclForNode] | Start operational GCL fetch for node: vstsn03
[2026-04-17 02:39:54.169985] | Thread:21878 | [NetconfSession::getData] | Start data fetch with XPath: /ietf-interfaces:interfaces/interface/ieee802-dot1q-bridge:bridge-port/ieee802-dot1q-sched-bridge:gate-parameter-table
[2026-04-17 02:39:54.230798] | Thread:21878 | [NetconfSession::getData] | Got return for path: /ietf-interfaces:interfaces/interface/ieee802-dot1q-bridge:bridge-port/ieee802-dot1q-sched-bridge:gate-parameter-table
[2026-04-17 02:39:54.230937] | Thread:21878 | [GclParser::parseOperationalGclData] | Start operational GCL data parsing
[2026-04-17 02:39:54.231174] | Thread:21878 | [GclParser::parseOperationalGclData] | Finished operational GCL data parsing
[2026-04-17 02:39:54.231249] | Thread:22025 | [NetworkManager::fetchOperationGcl] | Stop operational GCL fetch
[2026-04-17 02:39:54.231291] | Thread:22025 | [CncServiceImpl::SetNodeSchedule] | Finished setting node schedule (with verification) for node: vstsn01
[2026-04-17 02:39:54.231356] | Thread:22034 | [NetworkManager::deployConfigToNode] | Start config deployment for node: vstsn01
[2026-04-17 02:39:54.231459] | Thread:21871 | [NetconfSession::editData] | Start edit-config with XML length: 3260
[2026-04-17 02:39:54.260062] | Thread:21871 | [NetconfSession::editData] | Finished edit-config with XML length: 3260
[2026-04-17 02:39:54.260110] | Thread:21871 | [NetconfSession::commit] | Start commit operation.
[2026-04-17 02:39:54.312326] | Thread:21871 | [NetconfSession::commit] | Finished commit operation.
[2026-04-17 02:39:54.312377] | Thread:21871 | [NetworkManager::deployConfigToNode] | Successfully deployed config for node: vstsn01
[2026-04-17 02:39:54.312436] | Thread:22034 | [CncServiceImpl::SetNodeSchedule] | Finished deploying config to node: vstsn01
[2026-04-17 02:39:54.312470] | Thread:22034 | [NetworkManager::fetchOperationGcl] | Start operational GCL fetch
[2026-04-17 02:39:54.312472] | Thread:22034 | [NetworkManager::fetchOperationGclForNode] | Start operational GCL fetch for node: vstsn01
[2026-04-17 02:39:54.312509] | Thread:21871 | [NetconfSession::getData] | Start data fetch with XPath: /ietf-interfaces:interfaces/interface/ieee802-dot1q-bridge:bridge-port/ieee802-dot1q-sched-bridge:gate-parameter-table
[2026-04-17 02:39:54.324084] | Thread:22024 | [CncServiceImpl::SetNodeSchedule] | Start setting node schedule for node: vstsn01
[2026-04-17 02:39:54.324586] | Thread:22037 | [CncServiceImpl::SetNodeSchedule] | Start setting node schedule for node: vstsn01
[2026-04-17 02:39:54.325360] | Thread:22039 | [CncServiceImpl::SetNodeSchedule] | Start setting node schedule for node: vstsn01
[2026-04-17 02:39:54.327382] | Thread:22040 | [CncServiceImpl::SetNodeSchedule] | Start setting node schedule for node: vstsn01
[2026-04-17 02:39:54.327518] | Thread:22043 | [CncServiceImpl::SetNodeSchedule] | Start setting node schedule for node: vstsn01
[2026-04-17 02:39:54.328383] | Thread:22044 | [CncServiceImpl::SetNodeSchedule] | Start setting node schedule for node: vstsn01
[2026-04-17 02:39:54.413457] | Thread:21871 | [NetconfSession::getData] | Got return for path: /ietf-interfaces:interfaces/interface/ieee802-dot1q-bridge:bridge-port/ieee802-dot1q-sched-bridge:gate-parameter-table
[2026-04-17 02:39:54.413582] | Thread:21871 | [GclParser::parseOperationalGclData] | Start operational GCL data parsing
[2026-04-17 02:39:54.413806] | Thread:21871 | [GclParser::parseOperationalGclData] | Finished operational GCL data parsing
[2026-04-17 02:39:54.413900] | Thread:22034 | [NetworkManager::fetchOperationGclForNode] | Start operational GCL fetch for node: vstsn02
[2026-04-17 02:39:54.413983] | Thread:21876 | [NetconfSession::getData] | Start data fetch with XPath: /ietf-interfaces:interfaces/interface/ieee802-dot1q-bridge:bridge-port/ieee802-dot1q-sched-bridge:gate-parameter-table
[2026-04-17 02:39:54.491355] | Thread:21876 | [NetconfSession::getData] | Got return for path: /ietf-interfaces:interfaces/interface/ieee802-dot1q-bridge:bridge-port/ieee802-dot1q-sched-bridge:gate-parameter-table
[2026-04-17 02:39:54.491586] | Thread:21876 | [GclParser::parseOperationalGclData] | Start operational GCL data parsing
[2026-04-17 02:39:54.492231] | Thread:21876 | [GclParser::parseOperationalGclData] | Finished operational GCL data parsing
[2026-04-17 02:39:54.492351] | Thread:22034 | [NetworkManager::fetchOperationGclForNode] | Start operational GCL fetch for node: vstsn03
[2026-04-17 02:39:54.492408] | Thread:21878 | [NetconfSession::getData] | Start data fetch with XPath: /ietf-interfaces:interfaces/interface/ieee802-dot1q-bridge:bridge-port/ieee802-dot1q-sched-bridge:gate-parameter-table
[2026-04-17 02:39:54.528083] | Thread:21878 | [NetconfSession::getData] | Got return for path: /ietf-interfaces:interfaces/interface/ieee802-dot1q-bridge:bridge-port/ieee802-dot1q-sched-bridge:gate-parameter-table
[2026-04-17 02:39:54.528197] | Thread:21878 | [GclParser::parseOperationalGclData] | Start operational GCL data parsing
[2026-04-17 02:39:54.528387] | Thread:21878 | [GclParser::parseOperationalGclData] | Finished operational GCL data parsing
[2026-04-17 02:39:54.528467] | Thread:22034 | [NetworkManager::fetchOperationGcl] | Stop operational GCL fetch
[2026-04-17 02:39:54.528511] | Thread:22034 | [CncServiceImpl::SetNodeSchedule] | Finished setting node schedule (with verification) for node: vstsn01
[2026-04-17 02:39:54.528584] | Thread:22035 | [NetworkManager::deployConfigToNode] | Start config deployment for node: vstsn01
[2026-04-17 02:39:54.528785] | Thread:21871 | [NetconfSession::editData] | Start edit-config with XML length: 3260
[2026-04-17 02:39:54.559247] | Thread:21871 | [NetconfSession::editData] | Finished edit-config with XML length: 3260
[2026-04-17 02:39:54.559287] | Thread:21871 | [NetconfSession::commit] | Start commit operation.
[2026-04-17 02:39:54.601084] | Thread:21871 | [NetconfSession::commit] | Finished commit operation.
[2026-04-17 02:39:54.601119] | Thread:21871 | [NetworkManager::deployConfigToNode] | Successfully deployed config for node: vstsn01
[2026-04-17 02:39:54.601176] | Thread:22035 | [CncServiceImpl::SetNodeSchedule] | Finished deploying config to node: vstsn01
[2026-04-17 02:39:54.601330] | Thread:22035 | [NetworkManager::fetchOperationGcl] | Start operational GCL fetch
[2026-04-17 02:39:54.601332] | Thread:22035 | [NetworkManager::fetchOperationGclForNode] | Start operational GCL fetch for node: vstsn01
[2026-04-17 02:39:54.601381] | Thread:21871 | [NetconfSession::getData] | Start data fetch with XPath: /ietf-interfaces:interfaces/interface/ieee802-dot1q-bridge:bridge-port/ieee802-dot1q-sched-bridge:gate-parameter-table
[2026-04-17 02:39:54.702210] | Thread:21871 | [NetconfSession::getData] | Got return for path: /ietf-interfaces:interfaces/interface/ieee802-dot1q-bridge:bridge-port/ieee802-dot1q-sched-bridge:gate-parameter-table
[2026-04-17 02:39:54.702321] | Thread:21871 | [GclParser::parseOperationalGclData] | Start operational GCL data parsing
[2026-04-17 02:39:54.702568] | Thread:21871 | [GclParser::parseOperationalGclData] | Finished operational GCL data parsing
[2026-04-17 02:39:54.702874] | Thread:22035 | [NetworkManager::fetchOperationGclForNode] | Start operational GCL fetch for node: vstsn02
[2026-04-17 02:39:54.702953] | Thread:21876 | [NetconfSession::getData] | Start data fetch with XPath: /ietf-interfaces:interfaces/interface/ieee802-dot1q-bridge:bridge-port/ieee802-dot1q-sched-bridge:gate-parameter-table
[2026-04-17 02:39:54.792517] | Thread:21876 | [NetconfSession::getData] | Got return for path: /ietf-interfaces:interfaces/interface/ieee802-dot1q-bridge:bridge-port/ieee802-dot1q-sched-bridge:gate-parameter-table
[2026-04-17 02:39:54.792703] | Thread:21876 | [GclParser::parseOperationalGclData] | Start operational GCL data parsing
[2026-04-17 02:39:54.793089] | Thread:21876 | [GclParser::parseOperationalGclData] | Finished operational GCL data parsing
[2026-04-17 02:39:54.793186] | Thread:22035 | [NetworkManager::fetchOperationGclForNode] | Start operational GCL fetch for node: vstsn03
[2026-04-17 02:39:54.793248] | Thread:21878 | [NetconfSession::getData] | Start data fetch with XPath: /ietf-interfaces:interfaces/interface/ieee802-dot1q-bridge:bridge-port/ieee802-dot1q-sched-bridge:gate-parameter-table
[2026-04-17 02:39:54.830528] | Thread:21878 | [NetconfSession::getData] | Got return for path: /ietf-interfaces:interfaces/interface/ieee802-dot1q-bridge:bridge-port/ieee802-dot1q-sched-bridge:gate-parameter-table
[2026-04-17 02:39:54.830647] | Thread:21878 | [GclParser::parseOperationalGclData] | Start operational GCL data parsing
[2026-04-17 02:39:54.830831] | Thread:21878 | [GclParser::parseOperationalGclData] | Finished operational GCL data parsing
[2026-04-17 02:39:54.830903] | Thread:22035 | [NetworkManager::fetchOperationGcl] | Stop operational GCL fetch
[2026-04-17 02:39:54.830943] | Thread:22035 | [CncServiceImpl::SetNodeSchedule] | Finished setting node schedule (with verification) for node: vstsn01
[2026-04-17 02:39:54.831053] | Thread:22036 | [NetworkManager::deployConfigToNode] | Start config deployment for node: vstsn01
[2026-04-17 02:39:54.831177] | Thread:21871 | [NetconfSession::editData] | Start edit-config with XML length: 3260
[2026-04-17 02:39:54.866057] | Thread:21871 | [NetconfSession::editData] | Finished edit-config with XML length: 3260
[2026-04-17 02:39:54.866078] | Thread:21871 | [NetconfSession::commit] | Start commit operation.
[2026-04-17 02:39:54.908261] | Thread:21871 | [NetconfSession::commit] | Finished commit operation.
[2026-04-17 02:39:54.908294] | Thread:21871 | [NetworkManager::deployConfigToNode] | Successfully deployed config for node: vstsn01
[2026-04-17 02:39:54.908485] | Thread:22036 | [CncServiceImpl::SetNodeSchedule] | Finished deploying config to node: vstsn01
[2026-04-17 02:39:54.908559] | Thread:22036 | [NetworkManager::fetchOperationGcl] | Start operational GCL fetch
[2026-04-17 02:39:54.908562] | Thread:22036 | [NetworkManager::fetchOperationGclForNode] | Start operational GCL fetch for node: vstsn01
[2026-04-17 02:39:54.908628] | Thread:21871 | [NetconfSession::getData] | Start data fetch with XPath: /ietf-interfaces:interfaces/interface/ieee802-dot1q-bridge:bridge-port/ieee802-dot1q-sched-bridge:gate-parameter-table
[2026-04-17 02:39:55.014274] | Thread:21871 | [NetconfSession::getData] | Got return for path: /ietf-interfaces:interfaces/interface/ieee802-dot1q-bridge:bridge-port/ieee802-dot1q-sched-bridge:gate-parameter-table
[2026-04-17 02:39:55.014440] | Thread:21871 | [GclParser::parseOperationalGclData] | Start operational GCL data parsing
[2026-04-17 02:39:55.014741] | Thread:21871 | [GclParser::parseOperationalGclData] | Finished operational GCL data parsing
[2026-04-17 02:39:55.014831] | Thread:22036 | [NetworkManager::fetchOperationGclForNode] | Start operational GCL fetch for node: vstsn02
[2026-04-17 02:39:55.014874] | Thread:21876 | [NetconfSession::getData] | Start data fetch with XPath: /ietf-interfaces:interfaces/interface/ieee802-dot1q-bridge:bridge-port/ieee802-dot1q-sched-bridge:gate-parameter-table
[2026-04-17 02:39:55.093377] | Thread:21876 | [NetconfSession::getData] | Got return for path: /ietf-interfaces:interfaces/interface/ieee802-dot1q-bridge:bridge-port/ieee802-dot1q-sched-bridge:gate-parameter-table
[2026-04-17 02:39:55.093533] | Thread:21876 | [GclParser::parseOperationalGclData] | Start operational GCL data parsing
[2026-04-17 02:39:55.093843] | Thread:21876 | [GclParser::parseOperationalGclData] | Finished operational GCL data parsing
[2026-04-17 02:39:55.093978] | Thread:22036 | [NetworkManager::fetchOperationGclForNode] | Start operational GCL fetch for node: vstsn03
[2026-04-17 02:39:55.094077] | Thread:21878 | [NetconfSession::getData] | Start data fetch with XPath: /ietf-interfaces:interfaces/interface/ieee802-dot1q-bridge:bridge-port/ieee802-dot1q-sched-bridge:gate-parameter-table
[2026-04-17 02:39:55.130048] | Thread:21878 | [NetconfSession::getData] | Got return for path: /ietf-interfaces:interfaces/interface/ieee802-dot1q-bridge:bridge-port/ieee802-dot1q-sched-bridge:gate-parameter-table
[2026-04-17 02:39:55.130164] | Thread:21878 | [GclParser::parseOperationalGclData] | Start operational GCL data parsing
[2026-04-17 02:39:55.130344] | Thread:21878 | [GclParser::parseOperationalGclData] | Finished operational GCL data parsing
[2026-04-17 02:39:55.130422] | Thread:22036 | [NetworkManager::fetchOperationGcl] | Stop operational GCL fetch
[2026-04-17 02:39:55.130469] | Thread:22036 | [CncServiceImpl::SetNodeSchedule] | Finished setting node schedule (with verification) for node: vstsn01
[2026-04-17 02:39:55.130555] | Thread:22024 | [NetworkManager::deployConfigToNode] | Start config deployment for node: vstsn01
[2026-04-17 02:39:55.130654] | Thread:21871 | [NetconfSession::editData] | Start edit-config with XML length: 3260
[2026-04-17 02:39:55.164586] | Thread:21871 | [NetconfSession::editData] | Finished edit-config with XML length: 3260
[2026-04-17 02:39:55.164611] | Thread:21871 | [NetconfSession::commit] | Start commit operation.
[2026-04-17 02:39:55.215950] | Thread:21871 | [NetconfSession::commit] | Finished commit operation.
[2026-04-17 02:39:55.215982] | Thread:21871 | [NetworkManager::deployConfigToNode] | Successfully deployed config for node: vstsn01
[2026-04-17 02:39:55.216043] | Thread:22024 | [CncServiceImpl::SetNodeSchedule] | Finished deploying config to node: vstsn01
[2026-04-17 02:39:55.216074] | Thread:22024 | [NetworkManager::fetchOperationGcl] | Start operational GCL fetch
[2026-04-17 02:39:55.216075] | Thread:22024 | [NetworkManager::fetchOperationGclForNode] | Start operational GCL fetch for node: vstsn01
[2026-04-17 02:39:55.216111] | Thread:21871 | [NetconfSession::getData] | Start data fetch with XPath: /ietf-interfaces:interfaces/interface/ieee802-dot1q-bridge:bridge-port/ieee802-dot1q-sched-bridge:gate-parameter-table
[2026-04-17 02:39:55.323157] | Thread:21871 | [NetconfSession::getData] | Got return for path: /ietf-interfaces:interfaces/interface/ieee802-dot1q-bridge:bridge-port/ieee802-dot1q-sched-bridge:gate-parameter-table
[2026-04-17 02:39:55.323260] | Thread:21871 | [GclParser::parseOperationalGclData] | Start operational GCL data parsing
[2026-04-17 02:39:55.323541] | Thread:21871 | [GclParser::parseOperationalGclData] | Finished operational GCL data parsing
[2026-04-17 02:39:55.323628] | Thread:22024 | [NetworkManager::fetchOperationGclForNode] | Start operational GCL fetch for node: vstsn02
[2026-04-17 02:39:55.323682] | Thread:21876 | [NetconfSession::getData] | Start data fetch with XPath: /ietf-interfaces:interfaces/interface/ieee802-dot1q-bridge:bridge-port/ieee802-dot1q-sched-bridge:gate-parameter-table
[2026-04-17 02:39:55.330865] | Thread:22034 | [CncServiceImpl::SetNodeSchedule] | Start setting node schedule for node: vstsn01
[2026-04-17 02:39:55.332810] | Thread:22045 | [CncServiceImpl::SetNodeSchedule] | Start setting node schedule for node: vstsn01
[2026-04-17 02:39:55.333460] | Thread:22048 | [CncServiceImpl::SetNodeSchedule] | Start setting node schedule for node: vstsn01
[2026-04-17 02:39:55.334006] | Thread:22049 | [CncServiceImpl::SetNodeSchedule] | Start setting node schedule for node: vstsn01
[2026-04-17 02:39:55.335101] | Thread:22051 | [CncServiceImpl::SetNodeSchedule] | Start setting node schedule for node: vstsn01
[2026-04-17 02:39:55.335641] | Thread:22052 | [CncServiceImpl::SetNodeSchedule] | Start setting node schedule for node: vstsn01
[2026-04-17 02:39:55.336657] | Thread:22054 | [CncServiceImpl::SetNodeSchedule] | Start setting node schedule for node: vstsn01
[2026-04-17 02:39:55.393903] | Thread:21876 | [NetconfSession::getData] | Got return for path: /ietf-interfaces:interfaces/interface/ieee802-dot1q-bridge:bridge-port/ieee802-dot1q-sched-bridge:gate-parameter-table
[2026-04-17 02:39:55.394102] | Thread:21876 | [GclParser::parseOperationalGclData] | Start operational GCL data parsing
[2026-04-17 02:39:55.394551] | Thread:21876 | [GclParser::parseOperationalGclData] | Finished operational GCL data parsing
[2026-04-17 02:39:55.394648] | Thread:22024 | [NetworkManager::fetchOperationGclForNode] | Start operational GCL fetch for node: vstsn03
[2026-04-17 02:39:55.394695] | Thread:21878 | [NetconfSession::getData] | Start data fetch with XPath: /ietf-interfaces:interfaces/interface/ieee802-dot1q-bridge:bridge-port/ieee802-dot1q-sched-bridge:gate-parameter-table
[2026-04-17 02:39:55.430937] | Thread:21878 | [NetconfSession::getData] | Got return for path: /ietf-interfaces:interfaces/interface/ieee802-dot1q-bridge:bridge-port/ieee802-dot1q-sched-bridge:gate-parameter-table
[2026-04-17 02:39:55.431050] | Thread:21878 | [GclParser::parseOperationalGclData] | Start operational GCL data parsing
[2026-04-17 02:39:55.431198] | Thread:21878 | [GclParser::parseOperationalGclData] | Finished operational GCL data parsing
[2026-04-17 02:39:55.431311] | Thread:22024 | [NetworkManager::fetchOperationGcl] | Stop operational GCL fetch
[2026-04-17 02:39:55.431351] | Thread:22024 | [CncServiceImpl::SetNodeSchedule] | Finished setting node schedule (with verification) for node: vstsn01
[2026-04-17 02:39:55.431476] | Thread:22037 | [NetworkManager::deployConfigToNode] | Start config deployment for node: vstsn01
[2026-04-17 02:39:55.431628] | Thread:21871 | [NetconfSession::editData] | Start edit-config with XML length: 3260
[2026-04-17 02:39:55.461939] | Thread:21871 | [NetconfSession::editData] | Finished edit-config with XML length: 3260
[2026-04-17 02:39:55.461969] | Thread:21871 | [NetconfSession::commit] | Start commit operation.
[2026-04-17 02:39:55.529485] | Thread:21871 | [NetconfSession::commit] | Finished commit operation.
[2026-04-17 02:39:55.529518] | Thread:21871 | [NetworkManager::deployConfigToNode] | Successfully deployed config for node: vstsn01
[2026-04-17 02:39:55.529584] | Thread:22037 | [CncServiceImpl::SetNodeSchedule] | Finished deploying config to node: vstsn01
[2026-04-17 02:39:55.529640] | Thread:22037 | [NetworkManager::fetchOperationGcl] | Start operational GCL fetch
[2026-04-17 02:39:55.529642] | Thread:22037 | [NetworkManager::fetchOperationGclForNode] | Start operational GCL fetch for node: vstsn01
[2026-04-17 02:39:55.529690] | Thread:21871 | [NetconfSession::getData] | Start data fetch with XPath: /ietf-interfaces:interfaces/interface/ieee802-dot1q-bridge:bridge-port/ieee802-dot1q-sched-bridge:gate-parameter-table
[2026-04-17 02:39:55.629808] | Thread:21871 | [NetconfSession::getData] | Got return for path: /ietf-interfaces:interfaces/interface/ieee802-dot1q-bridge:bridge-port/ieee802-dot1q-sched-bridge:gate-parameter-table
[2026-04-17 02:39:55.629936] | Thread:21871 | [GclParser::parseOperationalGclData] | Start operational GCL data parsing
[2026-04-17 02:39:55.630187] | Thread:21871 | [GclParser::parseOperationalGclData] | Finished operational GCL data parsing
[2026-04-17 02:39:55.630286] | Thread:22037 | [NetworkManager::fetchOperationGclForNode] | Start operational GCL fetch for node: vstsn02
[2026-04-17 02:39:55.630417] | Thread:21876 | [NetconfSession::getData] | Start data fetch with XPath: /ietf-interfaces:interfaces/interface/ieee802-dot1q-bridge:bridge-port/ieee802-dot1q-sched-bridge:gate-parameter-table
[2026-04-17 02:39:55.716016] | Thread:21876 | [NetconfSession::getData] | Got return for path: /ietf-interfaces:interfaces/interface/ieee802-dot1q-bridge:bridge-port/ieee802-dot1q-sched-bridge:gate-parameter-table
[2026-04-17 02:39:55.716184] | Thread:21876 | [GclParser::parseOperationalGclData] | Start operational GCL data parsing
[2026-04-17 02:39:55.716507] | Thread:21876 | [GclParser::parseOperationalGclData] | Finished operational GCL data parsing
[2026-04-17 02:39:55.716617] | Thread:22037 | [NetworkManager::fetchOperationGclForNode] | Start operational GCL fetch for node: vstsn03
[2026-04-17 02:39:55.716667] | Thread:21878 | [NetconfSession::getData] | Start data fetch with XPath: /ietf-interfaces:interfaces/interface/ieee802-dot1q-bridge:bridge-port/ieee802-dot1q-sched-bridge:gate-parameter-table
[2026-04-17 02:39:55.759492] | Thread:21878 | [NetconfSession::getData] | Got return for path: /ietf-interfaces:interfaces/interface/ieee802-dot1q-bridge:bridge-port/ieee802-dot1q-sched-bridge:gate-parameter-table
[2026-04-17 02:39:55.759626] | Thread:21878 | [GclParser::parseOperationalGclData] | Start operational GCL data parsing
[2026-04-17 02:39:55.759954] | Thread:21878 | [GclParser::parseOperationalGclData] | Finished operational GCL data parsing
[2026-04-17 02:39:55.760065] | Thread:22037 | [NetworkManager::fetchOperationGcl] | Stop operational GCL fetch
[2026-04-17 02:39:55.760111] | Thread:22037 | [CncServiceImpl::SetNodeSchedule] | Finished setting node schedule (with verification) for node: vstsn01
[2026-04-17 02:39:55.760233] | Thread:22039 | [NetworkManager::deployConfigToNode] | Start config deployment for node: vstsn01
[2026-04-17 02:39:55.760363] | Thread:21871 | [NetconfSession::editData] | Start edit-config with XML length: 3260
[2026-04-17 02:39:55.790614] | Thread:21871 | [NetconfSession::editData] | Finished edit-config with XML length: 3260
[2026-04-17 02:39:55.790637] | Thread:21871 | [NetconfSession::commit] | Start commit operation.
[2026-04-17 02:39:55.833135] | Thread:21871 | [NetconfSession::commit] | Finished commit operation.
[2026-04-17 02:39:55.833185] | Thread:21871 | [NetworkManager::deployConfigToNode] | Successfully deployed config for node: vstsn01
[2026-04-17 02:39:55.833342] | Thread:22039 | [CncServiceImpl::SetNodeSchedule] | Finished deploying config to node: vstsn01
[2026-04-17 02:39:55.833431] | Thread:22039 | [NetworkManager::fetchOperationGcl] | Start operational GCL fetch
[2026-04-17 02:39:55.833435] | Thread:22039 | [NetworkManager::fetchOperationGclForNode] | Start operational GCL fetch for node: vstsn01
[2026-04-17 02:39:55.833550] | Thread:21871 | [NetconfSession::getData] | Start data fetch with XPath: /ietf-interfaces:interfaces/interface/ieee802-dot1q-bridge:bridge-port/ieee802-dot1q-sched-bridge:gate-parameter-table
[2026-04-17 02:39:55.937746] | Thread:21871 | [NetconfSession::getData] | Got return for path: /ietf-interfaces:interfaces/interface/ieee802-dot1q-bridge:bridge-port/ieee802-dot1q-sched-bridge:gate-parameter-table
[2026-04-17 02:39:55.937888] | Thread:21871 | [GclParser::parseOperationalGclData] | Start operational GCL data parsing
[2026-04-17 02:39:55.938169] | Thread:21871 | [GclParser::parseOperationalGclData] | Finished operational GCL data parsing
[2026-04-17 02:39:55.938369] | Thread:22039 | [NetworkManager::fetchOperationGclForNode] | Start operational GCL fetch for node: vstsn02
[2026-04-17 02:39:55.938477] | Thread:21876 | [NetconfSession::getData] | Start data fetch with XPath: /ietf-interfaces:interfaces/interface/ieee802-dot1q-bridge:bridge-port/ieee802-dot1q-sched-bridge:gate-parameter-table
[2026-04-17 02:39:56.014942] | Thread:21876 | [NetconfSession::getData] | Got return for path: /ietf-interfaces:interfaces/interface/ieee802-dot1q-bridge:bridge-port/ieee802-dot1q-sched-bridge:gate-parameter-table
[2026-04-17 02:39:56.015128] | Thread:21876 | [GclParser::parseOperationalGclData] | Start operational GCL data parsing
[2026-04-17 02:39:56.015516] | Thread:21876 | [GclParser::parseOperationalGclData] | Finished operational GCL data parsing
[2026-04-17 02:39:56.015641] | Thread:22039 | [NetworkManager::fetchOperationGclForNode] | Start operational GCL fetch for node: vstsn03
[2026-04-17 02:39:56.015750] | Thread:21878 | [NetconfSession::getData] | Start data fetch with XPath: /ietf-interfaces:interfaces/interface/ieee802-dot1q-bridge:bridge-port/ieee802-dot1q-sched-bridge:gate-parameter-table
[2026-04-17 02:39:56.052135] | Thread:21878 | [NetconfSession::getData] | Got return for path: /ietf-interfaces:interfaces/interface/ieee802-dot1q-bridge:bridge-port/ieee802-dot1q-sched-bridge:gate-parameter-table
[2026-04-17 02:39:56.052315] | Thread:21878 | [GclParser::parseOperationalGclData] | Start operational GCL data parsing
[2026-04-17 02:39:56.052638] | Thread:21878 | [GclParser::parseOperationalGclData] | Finished operational GCL data parsing
[2026-04-17 02:39:56.052770] | Thread:22039 | [NetworkManager::fetchOperationGcl] | Stop operational GCL fetch
[2026-04-17 02:39:56.052826] | Thread:22039 | [CncServiceImpl::SetNodeSchedule] | Finished setting node schedule (with verification) for node: vstsn01
[2026-04-17 02:39:56.052893] | Thread:22040 | [NetworkManager::deployConfigToNode] | Start config deployment for node: vstsn01
[2026-04-17 02:39:56.053031] | Thread:21871 | [NetconfSession::editData] | Start edit-config with XML length: 3260
[2026-04-17 02:39:56.083562] | Thread:21871 | [NetconfSession::editData] | Finished edit-config with XML length: 3260
[2026-04-17 02:39:56.083591] | Thread:21871 | [NetconfSession::commit] | Start commit operation.
[2026-04-17 02:39:56.124084] | Thread:21871 | [NetconfSession::commit] | Finished commit operation.
[2026-04-17 02:39:56.124111] | Thread:21871 | [NetworkManager::deployConfigToNode] | Successfully deployed config for node: vstsn01
[2026-04-17 02:39:56.124172] | Thread:22040 | [CncServiceImpl::SetNodeSchedule] | Finished deploying config to node: vstsn01
[2026-04-17 02:39:56.124208] | Thread:22040 | [NetworkManager::fetchOperationGcl] | Start operational GCL fetch
[2026-04-17 02:39:56.124210] | Thread:22040 | [NetworkManager::fetchOperationGclForNode] | Start operational GCL fetch for node: vstsn01
[2026-04-17 02:39:56.124250] | Thread:21871 | [NetconfSession::getData] | Start data fetch with XPath: /ietf-interfaces:interfaces/interface/ieee802-dot1q-bridge:bridge-port/ieee802-dot1q-sched-bridge:gate-parameter-table
[2026-04-17 02:39:56.228992] | Thread:21871 | [NetconfSession::getData] | Got return for path: /ietf-interfaces:interfaces/interface/ieee802-dot1q-bridge:bridge-port/ieee802-dot1q-sched-bridge:gate-parameter-table
[2026-04-17 02:39:56.229152] | Thread:21871 | [GclParser::parseOperationalGclData] | Start operational GCL data parsing
[2026-04-17 02:39:56.229513] | Thread:21871 | [GclParser::parseOperationalGclData] | Finished operational GCL data parsing
[2026-04-17 02:39:56.229637] | Thread:22040 | [NetworkManager::fetchOperationGclForNode] | Start operational GCL fetch for node: vstsn02
[2026-04-17 02:39:56.229687] | Thread:21876 | [NetconfSession::getData] | Start data fetch with XPath: /ietf-interfaces:interfaces/interface/ieee802-dot1q-bridge:bridge-port/ieee802-dot1q-sched-bridge:gate-parameter-table
[2026-04-17 02:39:56.307366] | Thread:21876 | [NetconfSession::getData] | Got return for path: /ietf-interfaces:interfaces/interface/ieee802-dot1q-bridge:bridge-port/ieee802-dot1q-sched-bridge:gate-parameter-table
[2026-04-17 02:39:56.307604] | Thread:21876 | [GclParser::parseOperationalGclData] | Start operational GCL data parsing
[2026-04-17 02:39:56.308101] | Thread:21876 | [GclParser::parseOperationalGclData] | Finished operational GCL data parsing
[2026-04-17 02:39:56.308224] | Thread:22040 | [NetworkManager::fetchOperationGclForNode] | Start operational GCL fetch for node: vstsn03
[2026-04-17 02:39:56.308333] | Thread:21878 | [NetconfSession::getData] | Start data fetch with XPath: /ietf-interfaces:interfaces/interface/ieee802-dot1q-bridge:bridge-port/ieee802-dot1q-sched-bridge:gate-parameter-table
[2026-04-17 02:39:56.339284] | Thread:22055 | [CncServiceImpl::SetNodeSchedule] | Start setting node schedule for node: vstsn01
[2026-04-17 02:39:56.340097] | Thread:22024 | [CncServiceImpl::SetNodeSchedule] | Start setting node schedule for node: vstsn01
[2026-04-17 02:39:56.340900] | Thread:22064 | [CncServiceImpl::SetNodeSchedule] | Start setting node schedule for node: vstsn01
[2026-04-17 02:39:56.342588] | Thread:21878 | [NetconfSession::getData] | Got return for path: /ietf-interfaces:interfaces/interface/ieee802-dot1q-bridge:bridge-port/ieee802-dot1q-sched-bridge:gate-parameter-table
[2026-04-17 02:39:56.342685] | Thread:21878 | [GclParser::parseOperationalGclData] | Start operational GCL data parsing
[2026-04-17 02:39:56.342847] | Thread:22065 | [CncServiceImpl::SetNodeSchedule] | Start setting node schedule for node: vstsn01
[2026-04-17 02:39:56.342887] | Thread:21878 | [GclParser::parseOperationalGclData] | Finished operational GCL data parsing
[2026-04-17 02:39:56.342952] | Thread:22067 | [CncServiceImpl::SetNodeSchedule] | Start setting node schedule for node: vstsn01
[2026-04-17 02:39:56.342958] | Thread:22040 | [NetworkManager::fetchOperationGcl] | Stop operational GCL fetch
[2026-04-17 02:39:56.342969] | Thread:22040 | [CncServiceImpl::SetNodeSchedule] | Finished setting node schedule (with verification) for node: vstsn01
[2026-04-17 02:39:56.343005] | Thread:22043 | [NetworkManager::deployConfigToNode] | Start config deployment for node: vstsn01
[2026-04-17 02:39:56.343093] | Thread:21871 | [NetconfSession::editData] | Start edit-config with XML length: 3260
[2026-04-17 02:39:56.343212] | Thread:22068 | [CncServiceImpl::SetNodeSchedule] | Start setting node schedule for node: vstsn01
[2026-04-17 02:39:56.344162] | Thread:22040 | [CncServiceImpl::SetNodeSchedule] | Start setting node schedule for node: vstsn01
[2026-04-17 02:39:56.347872] | Thread:22069 | [CncServiceImpl::SetNodeSchedule] | Start setting node schedule for node: vstsn01
[2026-04-17 02:39:56.372943] | Thread:21871 | [NetconfSession::editData] | Finished edit-config with XML length: 3260
[2026-04-17 02:39:56.372982] | Thread:21871 | [NetconfSession::commit] | Start commit operation.
[2026-04-17 02:39:56.413789] | Thread:21871 | [NetconfSession::commit] | Finished commit operation.
[2026-04-17 02:39:56.413815] | Thread:21871 | [NetworkManager::deployConfigToNode] | Successfully deployed config for node: vstsn01
[2026-04-17 02:39:56.413868] | Thread:22043 | [CncServiceImpl::SetNodeSchedule] | Finished deploying config to node: vstsn01
[2026-04-17 02:39:56.413902] | Thread:22043 | [NetworkManager::fetchOperationGcl] | Start operational GCL fetch
[2026-04-17 02:39:56.413904] | Thread:22043 | [NetworkManager::fetchOperationGclForNode] | Start operational GCL fetch for node: vstsn01
[2026-04-17 02:39:56.413945] | Thread:21871 | [NetconfSession::getData] | Start data fetch with XPath: /ietf-interfaces:interfaces/interface/ieee802-dot1q-bridge:bridge-port/ieee802-dot1q-sched-bridge:gate-parameter-table
[2026-04-17 02:39:56.518103] | Thread:21871 | [NetconfSession::getData] | Got return for path: /ietf-interfaces:interfaces/interface/ieee802-dot1q-bridge:bridge-port/ieee802-dot1q-sched-bridge:gate-parameter-table
[2026-04-17 02:39:56.518217] | Thread:21871 | [GclParser::parseOperationalGclData] | Start operational GCL data parsing
[2026-04-17 02:39:56.518478] | Thread:21871 | [GclParser::parseOperationalGclData] | Finished operational GCL data parsing
[2026-04-17 02:39:56.518559] | Thread:22043 | [NetworkManager::fetchOperationGclForNode] | Start operational GCL fetch for node: vstsn02
[2026-04-17 02:39:56.518607] | Thread:21876 | [NetconfSession::getData] | Start data fetch with XPath: /ietf-interfaces:interfaces/interface/ieee802-dot1q-bridge:bridge-port/ieee802-dot1q-sched-bridge:gate-parameter-table
[2026-04-17 02:39:56.598969] | Thread:21876 | [NetconfSession::getData] | Got return for path: /ietf-interfaces:interfaces/interface/ieee802-dot1q-bridge:bridge-port/ieee802-dot1q-sched-bridge:gate-parameter-table
[2026-04-17 02:39:56.599139] | Thread:21876 | [GclParser::parseOperationalGclData] | Start operational GCL data parsing
[2026-04-17 02:39:56.599475] | Thread:21876 | [GclParser::parseOperationalGclData] | Finished operational GCL data parsing
[2026-04-17 02:39:56.599598] | Thread:22043 | [NetworkManager::fetchOperationGclForNode] | Start operational GCL fetch for node: vstsn03
[2026-04-17 02:39:56.599667] | Thread:21878 | [NetconfSession::getData] | Start data fetch with XPath: /ietf-interfaces:interfaces/interface/ieee802-dot1q-bridge:bridge-port/ieee802-dot1q-sched-bridge:gate-parameter-table
[2026-04-17 02:39:56.637215] | Thread:21878 | [NetconfSession::getData] | Got return for path: /ietf-interfaces:interfaces/interface/ieee802-dot1q-bridge:bridge-port/ieee802-dot1q-sched-bridge:gate-parameter-table
[2026-04-17 02:39:56.637388] | Thread:21878 | [GclParser::parseOperationalGclData] | Start operational GCL data parsing
[2026-04-17 02:39:56.637668] | Thread:21878 | [GclParser::parseOperationalGclData] | Finished operational GCL data parsing
[2026-04-17 02:39:56.637784] | Thread:22043 | [NetworkManager::fetchOperationGcl] | Stop operational GCL fetch
[2026-04-17 02:39:56.637855] | Thread:22043 | [CncServiceImpl::SetNodeSchedule] | Finished setting node schedule (with verification) for node: vstsn01
[2026-04-17 02:39:56.637913] | Thread:22044 | [NetworkManager::deployConfigToNode] | Start config deployment for node: vstsn01
[2026-04-17 02:39:56.638045] | Thread:21871 | [NetconfSession::editData] | Start edit-config with XML length: 3260
[2026-04-17 02:39:56.668668] | Thread:21871 | [NetconfSession::editData] | Finished edit-config with XML length: 3260
[2026-04-17 02:39:56.668694] | Thread:21871 | [NetconfSession::commit] | Start commit operation.
[2026-04-17 02:39:56.711166] | Thread:21871 | [NetconfSession::commit] | Finished commit operation.
[2026-04-17 02:39:56.711197] | Thread:21871 | [NetworkManager::deployConfigToNode] | Successfully deployed config for node: vstsn01
[2026-04-17 02:39:56.711292] | Thread:22044 | [CncServiceImpl::SetNodeSchedule] | Finished deploying config to node: vstsn01
[2026-04-17 02:39:56.711320] | Thread:22044 | [NetworkManager::fetchOperationGcl] | Start operational GCL fetch
[2026-04-17 02:39:56.711322] | Thread:22044 | [NetworkManager::fetchOperationGclForNode] | Start operational GCL fetch for node: vstsn01
[2026-04-17 02:39:56.711365] | Thread:21871 | [NetconfSession::getData] | Start data fetch with XPath: /ietf-interfaces:interfaces/interface/ieee802-dot1q-bridge:bridge-port/ieee802-dot1q-sched-bridge:gate-parameter-table
[2026-04-17 02:39:56.812671] | Thread:21871 | [NetconfSession::getData] | Got return for path: /ietf-interfaces:interfaces/interface/ieee802-dot1q-bridge:bridge-port/ieee802-dot1q-sched-bridge:gate-parameter-table
[2026-04-17 02:39:56.812806] | Thread:21871 | [GclParser::parseOperationalGclData] | Start operational GCL data parsing
[2026-04-17 02:39:56.813090] | Thread:21871 | [GclParser::parseOperationalGclData] | Finished operational GCL data parsing
[2026-04-17 02:39:56.813167] | Thread:22044 | [NetworkManager::fetchOperationGclForNode] | Start operational GCL fetch for node: vstsn02
[2026-04-17 02:39:56.813263] | Thread:21876 | [NetconfSession::getData] | Start data fetch with XPath: /ietf-interfaces:interfaces/interface/ieee802-dot1q-bridge:bridge-port/ieee802-dot1q-sched-bridge:gate-parameter-table
[2026-04-17 02:39:56.893796] | Thread:21876 | [NetconfSession::getData] | Got return for path: /ietf-interfaces:interfaces/interface/ieee802-dot1q-bridge:bridge-port/ieee802-dot1q-sched-bridge:gate-parameter-table
[2026-04-17 02:39:56.894038] | Thread:21876 | [GclParser::parseOperationalGclData] | Start operational GCL data parsing
[2026-04-17 02:39:56.894459] | Thread:21876 | [GclParser::parseOperationalGclData] | Finished operational GCL data parsing
[2026-04-17 02:39:56.894578] | Thread:22044 | [NetworkManager::fetchOperationGclForNode] | Start operational GCL fetch for node: vstsn03
[2026-04-17 02:39:56.894707] | Thread:21878 | [NetconfSession::getData] | Start data fetch with XPath: /ietf-interfaces:interfaces/interface/ieee802-dot1q-bridge:bridge-port/ieee802-dot1q-sched-bridge:gate-parameter-table
[2026-04-17 02:39:56.930271] | Thread:21878 | [NetconfSession::getData] | Got return for path: /ietf-interfaces:interfaces/interface/ieee802-dot1q-bridge:bridge-port/ieee802-dot1q-sched-bridge:gate-parameter-table
[2026-04-17 02:39:56.930388] | Thread:21878 | [GclParser::parseOperationalGclData] | Start operational GCL data parsing
[2026-04-17 02:39:56.930540] | Thread:21878 | [GclParser::parseOperationalGclData] | Finished operational GCL data parsing
[2026-04-17 02:39:56.930611] | Thread:22044 | [NetworkManager::fetchOperationGcl] | Stop operational GCL fetch
[2026-04-17 02:39:56.930685] | Thread:22044 | [CncServiceImpl::SetNodeSchedule] | Finished setting node schedule (with verification) for node: vstsn01
[2026-04-17 02:39:56.930749] | Thread:22034 | [NetworkManager::deployConfigToNode] | Start config deployment for node: vstsn01
[2026-04-17 02:39:56.930837] | Thread:21871 | [NetconfSession::editData] | Start edit-config with XML length: 3260
[2026-04-17 02:39:56.959847] | Thread:21871 | [NetconfSession::editData] | Finished edit-config with XML length: 3260
[2026-04-17 02:39:56.959876] | Thread:21871 | [NetconfSession::commit] | Start commit operation.
[2026-04-17 02:39:56.998992] | Thread:21871 | [NetconfSession::commit] | Finished commit operation.
[2026-04-17 02:39:56.999030] | Thread:21871 | [NetworkManager::deployConfigToNode] | Successfully deployed config for node: vstsn01
[2026-04-17 02:39:56.999145] | Thread:22034 | [CncServiceImpl::SetNodeSchedule] | Finished deploying config to node: vstsn01
[2026-04-17 02:39:56.999169] | Thread:22034 | [NetworkManager::fetchOperationGcl] | Start operational GCL fetch
[2026-04-17 02:39:56.999171] | Thread:22034 | [NetworkManager::fetchOperationGclForNode] | Start operational GCL fetch for node: vstsn01
[2026-04-17 02:39:56.999211] | Thread:21871 | [NetconfSession::getData] | Start data fetch with XPath: /ietf-interfaces:interfaces/interface/ieee802-dot1q-bridge:bridge-port/ieee802-dot1q-sched-bridge:gate-parameter-table
[2026-04-17 02:39:57.105987] | Thread:21871 | [NetconfSession::getData] | Got return for path: /ietf-interfaces:interfaces/interface/ieee802-dot1q-bridge:bridge-port/ieee802-dot1q-sched-bridge:gate-parameter-table
[2026-04-17 02:39:57.106128] | Thread:21871 | [GclParser::parseOperationalGclData] | Start operational GCL data parsing
[2026-04-17 02:39:57.106491] | Thread:21871 | [GclParser::parseOperationalGclData] | Finished operational GCL data parsing
[2026-04-17 02:39:57.106580] | Thread:22034 | [NetworkManager::fetchOperationGclForNode] | Start operational GCL fetch for node: vstsn02
[2026-04-17 02:39:57.106675] | Thread:21876 | [NetconfSession::getData] | Start data fetch with XPath: /ietf-interfaces:interfaces/interface/ieee802-dot1q-bridge:bridge-port/ieee802-dot1q-sched-bridge:gate-parameter-table
[2026-04-17 02:39:57.194166] | Thread:21876 | [NetconfSession::getData] | Got return for path: /ietf-interfaces:interfaces/interface/ieee802-dot1q-bridge:bridge-port/ieee802-dot1q-sched-bridge:gate-parameter-table
[2026-04-17 02:39:57.194319] | Thread:21876 | [GclParser::parseOperationalGclData] | Start operational GCL data parsing
[2026-04-17 02:39:57.194740] | Thread:21876 | [GclParser::parseOperationalGclData] | Finished operational GCL data parsing
[2026-04-17 02:39:57.194880] | Thread:22034 | [NetworkManager::fetchOperationGclForNode] | Start operational GCL fetch for node: vstsn03
[2026-04-17 02:39:57.194952] | Thread:21878 | [NetconfSession::getData] | Start data fetch with XPath: /ietf-interfaces:interfaces/interface/ieee802-dot1q-bridge:bridge-port/ieee802-dot1q-sched-bridge:gate-parameter-table
[2026-04-17 02:39:57.234758] | Thread:21878 | [NetconfSession::getData] | Got return for path: /ietf-interfaces:interfaces/interface/ieee802-dot1q-bridge:bridge-port/ieee802-dot1q-sched-bridge:gate-parameter-table
[2026-04-17 02:39:57.234863] | Thread:21878 | [GclParser::parseOperationalGclData] | Start operational GCL data parsing
[2026-04-17 02:39:57.235049] | Thread:21878 | [GclParser::parseOperationalGclData] | Finished operational GCL data parsing
[2026-04-17 02:39:57.235115] | Thread:22034 | [NetworkManager::fetchOperationGcl] | Stop operational GCL fetch
[2026-04-17 02:39:57.235171] | Thread:22034 | [CncServiceImpl::SetNodeSchedule] | Finished setting node schedule (with verification) for node: vstsn01
[2026-04-17 02:39:57.235255] | Thread:22045 | [NetworkManager::deployConfigToNode] | Start config deployment for node: vstsn01
[2026-04-17 02:39:57.235377] | Thread:21871 | [NetconfSession::editData] | Start edit-config with XML length: 3260
[2026-04-17 02:39:57.270493] | Thread:21871 | [NetconfSession::editData] | Finished edit-config with XML length: 3260
[2026-04-17 02:39:57.270517] | Thread:21871 | [NetconfSession::commit] | Start commit operation.
[2026-04-17 02:39:57.311617] | Thread:21871 | [NetconfSession::commit] | Finished commit operation.
[2026-04-17 02:39:57.311647] | Thread:21871 | [NetworkManager::deployConfigToNode] | Successfully deployed config for node: vstsn01
[2026-04-17 02:39:57.311699] | Thread:22045 | [CncServiceImpl::SetNodeSchedule] | Finished deploying config to node: vstsn01
[2026-04-17 02:39:57.311725] | Thread:22045 | [NetworkManager::fetchOperationGcl] | Start operational GCL fetch
[2026-04-17 02:39:57.311727] | Thread:22045 | [NetworkManager::fetchOperationGclForNode] | Start operational GCL fetch for node: vstsn01
[2026-04-17 02:39:57.311767] | Thread:21871 | [NetconfSession::getData] | Start data fetch with XPath: /ietf-interfaces:interfaces/interface/ieee802-dot1q-bridge:bridge-port/ieee802-dot1q-sched-bridge:gate-parameter-table
[2026-04-17 02:39:57.350353] | Thread:22072 | [CncServiceImpl::SetNodeSchedule] | Start setting node schedule for node: vstsn01
[2026-04-17 02:39:57.351359] | Thread:22043 | [CncServiceImpl::SetNodeSchedule] | Start setting node schedule for node: vstsn01
[2026-04-17 02:39:57.352251] | Thread:22094 | [CncServiceImpl::SetNodeSchedule] | Start setting node schedule for node: vstsn01
[2026-04-17 02:39:57.353324] | Thread:22095 | [CncServiceImpl::SetNodeSchedule] | Start setting node schedule for node: vstsn01
[2026-04-17 02:39:57.354145] | Thread:22096 | [CncServiceImpl::SetNodeSchedule] | Start setting node schedule for node: vstsn01
[2026-04-17 02:39:57.355081] | Thread:22097 | [CncServiceImpl::SetNodeSchedule] | Start setting node schedule for node: vstsn01
[2026-04-17 02:39:57.358095] | Thread:22099 | [CncServiceImpl::SetNodeSchedule] | Start setting node schedule for node: vstsn01
[2026-04-17 02:39:57.358262] | Thread:22101 | [CncServiceImpl::SetNodeSchedule] | Start setting node schedule for node: vstsn01
[2026-04-17 02:39:57.358378] | Thread:22102 | [CncServiceImpl::SetNodeSchedule] | Start setting node schedule for node: vstsn01
[2026-04-17 02:39:57.415678] | Thread:21871 | [NetconfSession::getData] | Got return for path: /ietf-interfaces:interfaces/interface/ieee802-dot1q-bridge:bridge-port/ieee802-dot1q-sched-bridge:gate-parameter-table
[2026-04-17 02:39:57.415808] | Thread:21871 | [GclParser::parseOperationalGclData] | Start operational GCL data parsing
[2026-04-17 02:39:57.416528] | Thread:21871 | [GclParser::parseOperationalGclData] | Finished operational GCL data parsing
[2026-04-17 02:39:57.416691] | Thread:22045 | [NetworkManager::fetchOperationGclForNode] | Start operational GCL fetch for node: vstsn02
[2026-04-17 02:39:57.416791] | Thread:21876 | [NetconfSession::getData] | Start data fetch with XPath: /ietf-interfaces:interfaces/interface/ieee802-dot1q-bridge:bridge-port/ieee802-dot1q-sched-bridge:gate-parameter-table
[2026-04-17 02:39:57.492623] | Thread:21876 | [NetconfSession::getData] | Got return for path: /ietf-interfaces:interfaces/interface/ieee802-dot1q-bridge:bridge-port/ieee802-dot1q-sched-bridge:gate-parameter-table
[2026-04-17 02:39:57.492774] | Thread:21876 | [GclParser::parseOperationalGclData] | Start operational GCL data parsing
[2026-04-17 02:39:57.493176] | Thread:21876 | [GclParser::parseOperationalGclData] | Finished operational GCL data parsing
[2026-04-17 02:39:57.493325] | Thread:22045 | [NetworkManager::fetchOperationGclForNode] | Start operational GCL fetch for node: vstsn03
[2026-04-17 02:39:57.493393] | Thread:21878 | [NetconfSession::getData] | Start data fetch with XPath: /ietf-interfaces:interfaces/interface/ieee802-dot1q-bridge:bridge-port/ieee802-dot1q-sched-bridge:gate-parameter-table
[2026-04-17 02:39:57.531414] | Thread:21878 | [NetconfSession::getData] | Got return for path: /ietf-interfaces:interfaces/interface/ieee802-dot1q-bridge:bridge-port/ieee802-dot1q-sched-bridge:gate-parameter-table
[2026-04-17 02:39:57.531534] | Thread:21878 | [GclParser::parseOperationalGclData] | Start operational GCL data parsing
[2026-04-17 02:39:57.531688] | Thread:21878 | [GclParser::parseOperationalGclData] | Finished operational GCL data parsing
[2026-04-17 02:39:57.531785] | Thread:22045 | [NetworkManager::fetchOperationGcl] | Stop operational GCL fetch
[2026-04-17 02:39:57.531826] | Thread:22045 | [CncServiceImpl::SetNodeSchedule] | Finished setting node schedule (with verification) for node: vstsn01
[2026-04-17 02:39:57.531877] | Thread:22048 | [NetworkManager::deployConfigToNode] | Start config deployment for node: vstsn01
[2026-04-17 02:39:57.531975] | Thread:21871 | [NetconfSession::editData] | Start edit-config with XML length: 3260
[2026-04-17 02:39:57.560381] | Thread:21871 | [NetconfSession::editData] | Finished edit-config with XML length: 3260
[2026-04-17 02:39:57.560407] | Thread:21871 | [NetconfSession::commit] | Start commit operation.
[2026-04-17 02:39:57.602545] | Thread:21871 | [NetconfSession::commit] | Finished commit operation.
[2026-04-17 02:39:57.602568] | Thread:21871 | [NetworkManager::deployConfigToNode] | Successfully deployed config for node: vstsn01
[2026-04-17 02:39:57.602785] | Thread:22048 | [CncServiceImpl::SetNodeSchedule] | Finished deploying config to node: vstsn01
[2026-04-17 02:39:57.602831] | Thread:22048 | [NetworkManager::fetchOperationGcl] | Start operational GCL fetch
[2026-04-17 02:39:57.602834] | Thread:22048 | [NetworkManager::fetchOperationGclForNode] | Start operational GCL fetch for node: vstsn01
[2026-04-17 02:39:57.602849] | Thread:21871 | [NetconfSession::getData] | Start data fetch with XPath: /ietf-interfaces:interfaces/interface/ieee802-dot1q-bridge:bridge-port/ieee802-dot1q-sched-bridge:gate-parameter-table
[2026-04-17 02:39:57.706631] | Thread:21871 | [NetconfSession::getData] | Got return for path: /ietf-interfaces:interfaces/interface/ieee802-dot1q-bridge:bridge-port/ieee802-dot1q-sched-bridge:gate-parameter-table
[2026-04-17 02:39:57.706736] | Thread:21871 | [GclParser::parseOperationalGclData] | Start operational GCL data parsing
[2026-04-17 02:39:57.706998] | Thread:21871 | [GclParser::parseOperationalGclData] | Finished operational GCL data parsing
[2026-04-17 02:39:57.707097] | Thread:22048 | [NetworkManager::fetchOperationGclForNode] | Start operational GCL fetch for node: vstsn02
[2026-04-17 02:39:57.707185] | Thread:21876 | [NetconfSession::getData] | Start data fetch with XPath: /ietf-interfaces:interfaces/interface/ieee802-dot1q-bridge:bridge-port/ieee802-dot1q-sched-bridge:gate-parameter-table
[2026-04-17 02:39:57.782651] | Thread:21876 | [NetconfSession::getData] | Got return for path: /ietf-interfaces:interfaces/interface/ieee802-dot1q-bridge:bridge-port/ieee802-dot1q-sched-bridge:gate-parameter-table
[2026-04-17 02:39:57.782808] | Thread:21876 | [GclParser::parseOperationalGclData] | Start operational GCL data parsing
[2026-04-17 02:39:57.783135] | Thread:21876 | [GclParser::parseOperationalGclData] | Finished operational GCL data parsing
[2026-04-17 02:39:57.783206] | Thread:22048 | [NetworkManager::fetchOperationGclForNode] | Start operational GCL fetch for node: vstsn03
[2026-04-17 02:39:57.783244] | Thread:21878 | [NetconfSession::getData] | Start data fetch with XPath: /ietf-interfaces:interfaces/interface/ieee802-dot1q-bridge:bridge-port/ieee802-dot1q-sched-bridge:gate-parameter-table
[2026-04-17 02:39:57.818670] | Thread:21878 | [NetconfSession::getData] | Got return for path: /ietf-interfaces:interfaces/interface/ieee802-dot1q-bridge:bridge-port/ieee802-dot1q-sched-bridge:gate-parameter-table
[2026-04-17 02:39:57.818786] | Thread:21878 | [GclParser::parseOperationalGclData] | Start operational GCL data parsing
[2026-04-17 02:39:57.818946] | Thread:21878 | [GclParser::parseOperationalGclData] | Finished operational GCL data parsing
[2026-04-17 02:39:57.819114] | Thread:22048 | [NetworkManager::fetchOperationGcl] | Stop operational GCL fetch
[2026-04-17 02:39:57.819173] | Thread:22048 | [CncServiceImpl::SetNodeSchedule] | Finished setting node schedule (with verification) for node: vstsn01
[2026-04-17 02:39:57.819218] | Thread:22049 | [NetworkManager::deployConfigToNode] | Start config deployment for node: vstsn01
[2026-04-17 02:39:57.819313] | Thread:21871 | [NetconfSession::editData] | Start edit-config with XML length: 3260
[2026-04-17 02:39:57.848969] | Thread:21871 | [NetconfSession::editData] | Finished edit-config with XML length: 3260
[2026-04-17 02:39:57.848993] | Thread:21871 | [NetconfSession::commit] | Start commit operation.
[2026-04-17 02:39:57.890233] | Thread:21871 | [NetconfSession::commit] | Finished commit operation.
[2026-04-17 02:39:57.890247] | Thread:21871 | [NetworkManager::deployConfigToNode] | Successfully deployed config for node: vstsn01
[2026-04-17 02:39:57.890315] | Thread:22049 | [CncServiceImpl::SetNodeSchedule] | Finished deploying config to node: vstsn01
[2026-04-17 02:39:57.890378] | Thread:22049 | [NetworkManager::fetchOperationGcl] | Start operational GCL fetch
[2026-04-17 02:39:57.890381] | Thread:22049 | [NetworkManager::fetchOperationGclForNode] | Start operational GCL fetch for node: vstsn01
[2026-04-17 02:39:57.890447] | Thread:21871 | [NetconfSession::getData] | Start data fetch with XPath: /ietf-interfaces:interfaces/interface/ieee802-dot1q-bridge:bridge-port/ieee802-dot1q-sched-bridge:gate-parameter-table
[2026-04-17 02:39:57.992264] | Thread:21871 | [NetconfSession::getData] | Got return for path: /ietf-interfaces:interfaces/interface/ieee802-dot1q-bridge:bridge-port/ieee802-dot1q-sched-bridge:gate-parameter-table
[2026-04-17 02:39:57.992389] | Thread:21871 | [GclParser::parseOperationalGclData] | Start operational GCL data parsing
[2026-04-17 02:39:57.992629] | Thread:21871 | [GclParser::parseOperationalGclData] | Finished operational GCL data parsing
[2026-04-17 02:39:57.992704] | Thread:22049 | [NetworkManager::fetchOperationGclForNode] | Start operational GCL fetch for node: vstsn02
[2026-04-17 02:39:57.992817] | Thread:21876 | [NetconfSession::getData] | Start data fetch with XPath: /ietf-interfaces:interfaces/interface/ieee802-dot1q-bridge:bridge-port/ieee802-dot1q-sched-bridge:gate-parameter-table
[2026-04-17 02:39:58.069358] | Thread:21876 | [NetconfSession::getData] | Got return for path: /ietf-interfaces:interfaces/interface/ieee802-dot1q-bridge:bridge-port/ieee802-dot1q-sched-bridge:gate-parameter-table
[2026-04-17 02:39:58.069681] | Thread:21876 | [GclParser::parseOperationalGclData] | Start operational GCL data parsing
[2026-04-17 02:39:58.070064] | Thread:21876 | [GclParser::parseOperationalGclData] | Finished operational GCL data parsing
[2026-04-17 02:39:58.070166] | Thread:22049 | [NetworkManager::fetchOperationGclForNode] | Start operational GCL fetch for node: vstsn03
[2026-04-17 02:39:58.070244] | Thread:21878 | [NetconfSession::getData] | Start data fetch with XPath: /ietf-interfaces:interfaces/interface/ieee802-dot1q-bridge:bridge-port/ieee802-dot1q-sched-bridge:gate-parameter-table
[2026-04-17 02:39:58.107104] | Thread:21878 | [NetconfSession::getData] | Got return for path: /ietf-interfaces:interfaces/interface/ieee802-dot1q-bridge:bridge-port/ieee802-dot1q-sched-bridge:gate-parameter-table
[2026-04-17 02:39:58.107206] | Thread:21878 | [GclParser::parseOperationalGclData] | Start operational GCL data parsing
[2026-04-17 02:39:58.107349] | Thread:21878 | [GclParser::parseOperationalGclData] | Finished operational GCL data parsing
[2026-04-17 02:39:58.107509] | Thread:22049 | [NetworkManager::fetchOperationGcl] | Stop operational GCL fetch
[2026-04-17 02:39:58.107569] | Thread:22049 | [CncServiceImpl::SetNodeSchedule] | Finished setting node schedule (with verification) for node: vstsn01
[2026-04-17 02:39:58.107695] | Thread:22051 | [NetworkManager::deployConfigToNode] | Start config deployment for node: vstsn01
[2026-04-17 02:39:58.107812] | Thread:21871 | [NetconfSession::editData] | Start edit-config with XML length: 3260
[2026-04-17 02:39:58.139043] | Thread:21871 | [NetconfSession::editData] | Finished edit-config with XML length: 3260
[2026-04-17 02:39:58.139071] | Thread:21871 | [NetconfSession::commit] | Start commit operation.
[2026-04-17 02:39:58.180484] | Thread:21871 | [NetconfSession::commit] | Finished commit operation.
[2026-04-17 02:39:58.180510] | Thread:21871 | [NetworkManager::deployConfigToNode] | Successfully deployed config for node: vstsn01
[2026-04-17 02:39:58.180586] | Thread:22051 | [CncServiceImpl::SetNodeSchedule] | Finished deploying config to node: vstsn01
[2026-04-17 02:39:58.180650] | Thread:22051 | [NetworkManager::fetchOperationGcl] | Start operational GCL fetch
[2026-04-17 02:39:58.180652] | Thread:22051 | [NetworkManager::fetchOperationGclForNode] | Start operational GCL fetch for node: vstsn01
[2026-04-17 02:39:58.180738] | Thread:21871 | [NetconfSession::getData] | Start data fetch with XPath: /ietf-interfaces:interfaces/interface/ieee802-dot1q-bridge:bridge-port/ieee802-dot1q-sched-bridge:gate-parameter-table
[2026-04-17 02:39:58.282295] | Thread:21871 | [NetconfSession::getData] | Got return for path: /ietf-interfaces:interfaces/interface/ieee802-dot1q-bridge:bridge-port/ieee802-dot1q-sched-bridge:gate-parameter-table
[2026-04-17 02:39:58.282420] | Thread:21871 | [GclParser::parseOperationalGclData] | Start operational GCL data parsing
[2026-04-17 02:39:58.282672] | Thread:21871 | [GclParser::parseOperationalGclData] | Finished operational GCL data parsing
[2026-04-17 02:39:58.282783] | Thread:22051 | [NetworkManager::fetchOperationGclForNode] | Start operational GCL fetch for node: vstsn02
[2026-04-17 02:39:58.282831] | Thread:21876 | [NetconfSession::getData] | Start data fetch with XPath: /ietf-interfaces:interfaces/interface/ieee802-dot1q-bridge:bridge-port/ieee802-dot1q-sched-bridge:gate-parameter-table
[2026-04-17 02:39:58.359326] | Thread:22103 | [CncServiceImpl::SetNodeSchedule] | Start setting node schedule for node: vstsn01
[2026-04-17 02:39:58.360158] | Thread:22045 | [CncServiceImpl::SetNodeSchedule] | Start setting node schedule for node: vstsn01
[2026-04-17 02:39:58.360622] | Thread:21876 | [NetconfSession::getData] | Got return for path: /ietf-interfaces:interfaces/interface/ieee802-dot1q-bridge:bridge-port/ieee802-dot1q-sched-bridge:gate-parameter-table
[2026-04-17 02:39:58.360769] | Thread:21876 | [GclParser::parseOperationalGclData] | Start operational GCL data parsing
[2026-04-17 02:39:58.361106] | Thread:21876 | [GclParser::parseOperationalGclData] | Finished operational GCL data parsing
[2026-04-17 02:39:58.361354] | Thread:22051 | [NetworkManager::fetchOperationGclForNode] | Start operational GCL fetch for node: vstsn03
[2026-04-17 02:39:58.361396] | Thread:21878 | [NetconfSession::getData] | Start data fetch with XPath: /ietf-interfaces:interfaces/interface/ieee802-dot1q-bridge:bridge-port/ieee802-dot1q-sched-bridge:gate-parameter-table
[2026-04-17 02:39:58.362586] | Thread:22111 | [CncServiceImpl::SetNodeSchedule] | Start setting node schedule for node: vstsn01
[2026-04-17 02:39:58.363470] | Thread:22113 | [CncServiceImpl::SetNodeSchedule] | Start setting node schedule for node: vstsn01
[2026-04-17 02:39:58.364810] | Thread:22115 | [CncServiceImpl::SetNodeSchedule] | Start setting node schedule for node: vstsn01
[2026-04-17 02:39:58.365456] | Thread:22116 | [CncServiceImpl::SetNodeSchedule] | Start setting node schedule for node: vstsn01
[2026-04-17 02:39:58.366940] | Thread:22118 | [CncServiceImpl::SetNodeSchedule] | Start setting node schedule for node: vstsn01
[2026-04-17 02:39:58.369294] | Thread:22120 | [CncServiceImpl::SetNodeSchedule] | Start setting node schedule for node: vstsn01
[2026-04-17 02:39:58.369426] | Thread:22123 | [CncServiceImpl::SetNodeSchedule] | Start setting node schedule for node: vstsn01
[2026-04-17 02:39:58.369936] | Thread:22124 | [CncServiceImpl::SetNodeSchedule] | Start setting node schedule for node: vstsn01
[2026-04-17 02:39:58.408863] | Thread:21878 | [NetconfSession::getData] | Got return for path: /ietf-interfaces:interfaces/interface/ieee802-dot1q-bridge:bridge-port/ieee802-dot1q-sched-bridge:gate-parameter-table
[2026-04-17 02:39:58.408979] | Thread:21878 | [GclParser::parseOperationalGclData] | Start operational GCL data parsing
[2026-04-17 02:39:58.409165] | Thread:21878 | [GclParser::parseOperationalGclData] | Finished operational GCL data parsing
[2026-04-17 02:39:58.409257] | Thread:22051 | [NetworkManager::fetchOperationGcl] | Stop operational GCL fetch
[2026-04-17 02:39:58.409301] | Thread:22051 | [CncServiceImpl::SetNodeSchedule] | Finished setting node schedule (with verification) for node: vstsn01
[2026-04-17 02:39:58.409342] | Thread:22052 | [NetworkManager::deployConfigToNode] | Start config deployment for node: vstsn01
[2026-04-17 02:39:58.409428] | Thread:21871 | [NetconfSession::editData] | Start edit-config with XML length: 3260
[2026-04-17 02:39:58.440313] | Thread:21871 | [NetconfSession::editData] | Finished edit-config with XML length: 3260
[2026-04-17 02:39:58.440414] | Thread:21871 | [NetconfSession::commit] | Start commit operation.
[2026-04-17 02:39:58.486676] | Thread:21871 | [NetconfSession::commit] | Finished commit operation.
[2026-04-17 02:39:58.486709] | Thread:21871 | [NetworkManager::deployConfigToNode] | Successfully deployed config for node: vstsn01
[2026-04-17 02:39:58.486751] | Thread:22052 | [CncServiceImpl::SetNodeSchedule] | Finished deploying config to node: vstsn01
[2026-04-17 02:39:58.486781] | Thread:22052 | [NetworkManager::fetchOperationGcl] | Start operational GCL fetch
[2026-04-17 02:39:58.486799] | Thread:22052 | [NetworkManager::fetchOperationGclForNode] | Start operational GCL fetch for node: vstsn01
[2026-04-17 02:39:58.486827] | Thread:21871 | [NetconfSession::getData] | Start data fetch with XPath: /ietf-interfaces:interfaces/interface/ieee802-dot1q-bridge:bridge-port/ieee802-dot1q-sched-bridge:gate-parameter-table
[2026-04-17 02:39:58.589608] | Thread:21871 | [NetconfSession::getData] | Got return for path: /ietf-interfaces:interfaces/interface/ieee802-dot1q-bridge:bridge-port/ieee802-dot1q-sched-bridge:gate-parameter-table
[2026-04-17 02:39:58.589720] | Thread:21871 | [GclParser::parseOperationalGclData] | Start operational GCL data parsing
[2026-04-17 02:39:58.589970] | Thread:21871 | [GclParser::parseOperationalGclData] | Finished operational GCL data parsing
[2026-04-17 02:39:58.590116] | Thread:22052 | [NetworkManager::fetchOperationGclForNode] | Start operational GCL fetch for node: vstsn02
[2026-04-17 02:39:58.590182] | Thread:21876 | [NetconfSession::getData] | Start data fetch with XPath: /ietf-interfaces:interfaces/interface/ieee802-dot1q-bridge:bridge-port/ieee802-dot1q-sched-bridge:gate-parameter-table
[2026-04-17 02:39:58.665489] | Thread:21876 | [NetconfSession::getData] | Got return for path: /ietf-interfaces:interfaces/interface/ieee802-dot1q-bridge:bridge-port/ieee802-dot1q-sched-bridge:gate-parameter-table
[2026-04-17 02:39:58.665643] | Thread:21876 | [GclParser::parseOperationalGclData] | Start operational GCL data parsing
[2026-04-17 02:39:58.665965] | Thread:21876 | [GclParser::parseOperationalGclData] | Finished operational GCL data parsing
[2026-04-17 02:39:58.666087] | Thread:22052 | [NetworkManager::fetchOperationGclForNode] | Start operational GCL fetch for node: vstsn03
[2026-04-17 02:39:58.666184] | Thread:21878 | [NetconfSession::getData] | Start data fetch with XPath: /ietf-interfaces:interfaces/interface/ieee802-dot1q-bridge:bridge-port/ieee802-dot1q-sched-bridge:gate-parameter-table
[2026-04-17 02:39:58.704244] | Thread:21878 | [NetconfSession::getData] | Got return for path: /ietf-interfaces:interfaces/interface/ieee802-dot1q-bridge:bridge-port/ieee802-dot1q-sched-bridge:gate-parameter-table
[2026-04-17 02:39:58.704343] | Thread:21878 | [GclParser::parseOperationalGclData] | Start operational GCL data parsing
[2026-04-17 02:39:58.704495] | Thread:21878 | [GclParser::parseOperationalGclData] | Finished operational GCL data parsing
[2026-04-17 02:39:58.704626] | Thread:22052 | [NetworkManager::fetchOperationGcl] | Stop operational GCL fetch
[2026-04-17 02:39:58.704666] | Thread:22052 | [CncServiceImpl::SetNodeSchedule] | Finished setting node schedule (with verification) for node: vstsn01
[2026-04-17 02:39:58.704737] | Thread:22054 | [NetworkManager::deployConfigToNode] | Start config deployment for node: vstsn01
[2026-04-17 02:39:58.704836] | Thread:21871 | [NetconfSession::editData] | Start edit-config with XML length: 3260
[2026-04-17 02:39:58.733431] | Thread:21871 | [NetconfSession::editData] | Finished edit-config with XML length: 3260
[2026-04-17 02:39:58.733454] | Thread:21871 | [NetconfSession::commit] | Start commit operation.
[2026-04-17 02:39:58.776910] | Thread:21871 | [NetconfSession::commit] | Finished commit operation.
[2026-04-17 02:39:58.776935] | Thread:21871 | [NetworkManager::deployConfigToNode] | Successfully deployed config for node: vstsn01
[2026-04-17 02:39:58.776983] | Thread:22054 | [CncServiceImpl::SetNodeSchedule] | Finished deploying config to node: vstsn01
[2026-04-17 02:39:58.777037] | Thread:22054 | [NetworkManager::fetchOperationGcl] | Start operational GCL fetch
[2026-04-17 02:39:58.777039] | Thread:22054 | [NetworkManager::fetchOperationGclForNode] | Start operational GCL fetch for node: vstsn01
[2026-04-17 02:39:58.777079] | Thread:21871 | [NetconfSession::getData] | Start data fetch with XPath: /ietf-interfaces:interfaces/interface/ieee802-dot1q-bridge:bridge-port/ieee802-dot1q-sched-bridge:gate-parameter-table
[2026-04-17 02:39:58.888479] | Thread:21871 | [NetconfSession::getData] | Got return for path: /ietf-interfaces:interfaces/interface/ieee802-dot1q-bridge:bridge-port/ieee802-dot1q-sched-bridge:gate-parameter-table
[2026-04-17 02:39:58.888587] | Thread:21871 | [GclParser::parseOperationalGclData] | Start operational GCL data parsing
[2026-04-17 02:39:58.888830] | Thread:21871 | [GclParser::parseOperationalGclData] | Finished operational GCL data parsing
[2026-04-17 02:39:58.889007] | Thread:22054 | [NetworkManager::fetchOperationGclForNode] | Start operational GCL fetch for node: vstsn02
[2026-04-17 02:39:58.889118] | Thread:21876 | [NetconfSession::getData] | Start data fetch with XPath: /ietf-interfaces:interfaces/interface/ieee802-dot1q-bridge:bridge-port/ieee802-dot1q-sched-bridge:gate-parameter-table
[2026-04-17 02:39:58.984809] | Thread:21876 | [NetconfSession::getData] | Got return for path: /ietf-interfaces:interfaces/interface/ieee802-dot1q-bridge:bridge-port/ieee802-dot1q-sched-bridge:gate-parameter-table
[2026-04-17 02:39:58.984960] | Thread:21876 | [GclParser::parseOperationalGclData] | Start operational GCL data parsing
[2026-04-17 02:39:58.985277] | Thread:21876 | [GclParser::parseOperationalGclData] | Finished operational GCL data parsing
[2026-04-17 02:39:58.985376] | Thread:22054 | [NetworkManager::fetchOperationGclForNode] | Start operational GCL fetch for node: vstsn03
[2026-04-17 02:39:58.985464] | Thread:21878 | [NetconfSession::getData] | Start data fetch with XPath: /ietf-interfaces:interfaces/interface/ieee802-dot1q-bridge:bridge-port/ieee802-dot1q-sched-bridge:gate-parameter-table
[2026-04-17 02:39:59.022296] | Thread:21878 | [NetconfSession::getData] | Got return for path: /ietf-interfaces:interfaces/interface/ieee802-dot1q-bridge:bridge-port/ieee802-dot1q-sched-bridge:gate-parameter-table
[2026-04-17 02:39:59.022452] | Thread:21878 | [GclParser::parseOperationalGclData] | Start operational GCL data parsing
[2026-04-17 02:39:59.022634] | Thread:21878 | [GclParser::parseOperationalGclData] | Finished operational GCL data parsing
[2026-04-17 02:39:59.022733] | Thread:22054 | [NetworkManager::fetchOperationGcl] | Stop operational GCL fetch
[2026-04-17 02:39:59.022823] | Thread:22054 | [CncServiceImpl::SetNodeSchedule] | Finished setting node schedule (with verification) for node: vstsn01
[2026-04-17 02:39:59.022908] | Thread:22055 | [NetworkManager::deployConfigToNode] | Start config deployment for node: vstsn01
[2026-04-17 02:39:59.023055] | Thread:21871 | [NetconfSession::editData] | Start edit-config with XML length: 3260
[2026-04-17 02:39:59.053671] | Thread:21871 | [NetconfSession::editData] | Finished edit-config with XML length: 3260
[2026-04-17 02:39:59.053697] | Thread:21871 | [NetconfSession::commit] | Start commit operation.
[2026-04-17 02:39:59.095273] | Thread:21871 | [NetconfSession::commit] | Finished commit operation.
[2026-04-17 02:39:59.095301] | Thread:21871 | [NetworkManager::deployConfigToNode] | Successfully deployed config for node: vstsn01
[2026-04-17 02:39:59.095354] | Thread:22055 | [CncServiceImpl::SetNodeSchedule] | Finished deploying config to node: vstsn01
[2026-04-17 02:39:59.095404] | Thread:22055 | [NetworkManager::fetchOperationGcl] | Start operational GCL fetch
[2026-04-17 02:39:59.095406] | Thread:22055 | [NetworkManager::fetchOperationGclForNode] | Start operational GCL fetch for node: vstsn01
[2026-04-17 02:39:59.095440] | Thread:21871 | [NetconfSession::getData] | Start data fetch with XPath: /ietf-interfaces:interfaces/interface/ieee802-dot1q-bridge:bridge-port/ieee802-dot1q-sched-bridge:gate-parameter-table
[2026-04-17 02:39:59.203679] | Thread:21871 | [NetconfSession::getData] | Got return for path: /ietf-interfaces:interfaces/interface/ieee802-dot1q-bridge:bridge-port/ieee802-dot1q-sched-bridge:gate-parameter-table
[2026-04-17 02:39:59.203791] | Thread:21871 | [GclParser::parseOperationalGclData] | Start operational GCL data parsing
[2026-04-17 02:39:59.204015] | Thread:21871 | [GclParser::parseOperationalGclData] | Finished operational GCL data parsing
[2026-04-17 02:39:59.204132] | Thread:22055 | [NetworkManager::fetchOperationGclForNode] | Start operational GCL fetch for node: vstsn02
[2026-04-17 02:39:59.204224] | Thread:21876 | [NetconfSession::getData] | Start data fetch with XPath: /ietf-interfaces:interfaces/interface/ieee802-dot1q-bridge:bridge-port/ieee802-dot1q-sched-bridge:gate-parameter-table
[2026-04-17 02:39:59.280110] | Thread:21876 | [NetconfSession::getData] | Got return for path: /ietf-interfaces:interfaces/interface/ieee802-dot1q-bridge:bridge-port/ieee802-dot1q-sched-bridge:gate-parameter-table
[2026-04-17 02:39:59.280286] | Thread:21876 | [GclParser::parseOperationalGclData] | Start operational GCL data parsing
[2026-04-17 02:39:59.280659] | Thread:21876 | [GclParser::parseOperationalGclData] | Finished operational GCL data parsing
[2026-04-17 02:39:59.280740] | Thread:22055 | [NetworkManager::fetchOperationGclForNode] | Start operational GCL fetch for node: vstsn03
[2026-04-17 02:39:59.280853] | Thread:21878 | [NetconfSession::getData] | Start data fetch with XPath: /ietf-interfaces:interfaces/interface/ieee802-dot1q-bridge:bridge-port/ieee802-dot1q-sched-bridge:gate-parameter-table
[2026-04-17 02:39:59.316529] | Thread:21878 | [NetconfSession::getData] | Got return for path: /ietf-interfaces:interfaces/interface/ieee802-dot1q-bridge:bridge-port/ieee802-dot1q-sched-bridge:gate-parameter-table
[2026-04-17 02:39:59.316652] | Thread:21878 | [GclParser::parseOperationalGclData] | Start operational GCL data parsing
[2026-04-17 02:39:59.316835] | Thread:21878 | [GclParser::parseOperationalGclData] | Finished operational GCL data parsing
[2026-04-17 02:39:59.316923] | Thread:22055 | [NetworkManager::fetchOperationGcl] | Stop operational GCL fetch
[2026-04-17 02:39:59.316963] | Thread:22055 | [CncServiceImpl::SetNodeSchedule] | Finished setting node schedule (with verification) for node: vstsn01
[2026-04-17 02:39:59.317012] | Thread:22024 | [NetworkManager::deployConfigToNode] | Start config deployment for node: vstsn01
[2026-04-17 02:39:59.317134] | Thread:21871 | [NetconfSession::editData] | Start edit-config with XML length: 3260
[2026-04-17 02:39:59.346605] | Thread:21871 | [NetconfSession::editData] | Finished edit-config with XML length: 3260
[2026-04-17 02:39:59.346639] | Thread:21871 | [NetconfSession::commit] | Start commit operation.
[2026-04-17 02:39:59.402817] | Thread:21871 | [NetconfSession::commit] | Finished commit operation.
[2026-04-17 02:39:59.402850] | Thread:21871 | [NetworkManager::deployConfigToNode] | Successfully deployed config for node: vstsn01
[2026-04-17 02:39:59.402988] | Thread:22024 | [CncServiceImpl::SetNodeSchedule] | Finished deploying config to node: vstsn01
[2026-04-17 02:39:59.403107] | Thread:22024 | [NetworkManager::fetchOperationGcl] | Start operational GCL fetch
[2026-04-17 02:39:59.403111] | Thread:22024 | [NetworkManager::fetchOperationGclForNode] | Start operational GCL fetch for node: vstsn01
[2026-04-17 02:39:59.403167] | Thread:21871 | [NetconfSession::getData] | Start data fetch with XPath: /ietf-interfaces:interfaces/interface/ieee802-dot1q-bridge:bridge-port/ieee802-dot1q-sched-bridge:gate-parameter-table
[2026-04-17 02:39:59.515022] | Thread:21871 | [NetconfSession::getData] | Got return for path: /ietf-interfaces:interfaces/interface/ieee802-dot1q-bridge:bridge-port/ieee802-dot1q-sched-bridge:gate-parameter-table
[2026-04-17 02:39:59.515157] | Thread:21871 | [GclParser::parseOperationalGclData] | Start operational GCL data parsing
[2026-04-17 02:39:59.515412] | Thread:21871 | [GclParser::parseOperationalGclData] | Finished operational GCL data parsing
[2026-04-17 02:39:59.515499] | Thread:22024 | [NetworkManager::fetchOperationGclForNode] | Start operational GCL fetch for node: vstsn02
[2026-04-17 02:39:59.515575] | Thread:21876 | [NetconfSession::getData] | Start data fetch with XPath: /ietf-interfaces:interfaces/interface/ieee802-dot1q-bridge:bridge-port/ieee802-dot1q-sched-bridge:gate-parameter-table
[2026-04-17 02:39:59.613386] | Thread:21876 | [NetconfSession::getData] | Got return for path: /ietf-interfaces:interfaces/interface/ieee802-dot1q-bridge:bridge-port/ieee802-dot1q-sched-bridge:gate-parameter-table
[2026-04-17 02:39:59.613539] | Thread:21876 | [GclParser::parseOperationalGclData] | Start operational GCL data parsing
[2026-04-17 02:39:59.613873] | Thread:21876 | [GclParser::parseOperationalGclData] | Finished operational GCL data parsing
[2026-04-17 02:39:59.614005] | Thread:22024 | [NetworkManager::fetchOperationGclForNode] | Start operational GCL fetch for node: vstsn03
[2026-04-17 02:39:59.614079] | Thread:21878 | [NetconfSession::getData] | Start data fetch with XPath: /ietf-interfaces:interfaces/interface/ieee802-dot1q-bridge:bridge-port/ieee802-dot1q-sched-bridge:gate-parameter-table
[2026-04-17 02:39:59.651319] | Thread:21878 | [NetconfSession::getData] | Got return for path: /ietf-interfaces:interfaces/interface/ieee802-dot1q-bridge:bridge-port/ieee802-dot1q-sched-bridge:gate-parameter-table
[2026-04-17 02:39:59.651449] | Thread:21878 | [GclParser::parseOperationalGclData] | Start operational GCL data parsing
[2026-04-17 02:39:59.651641] | Thread:21878 | [GclParser::parseOperationalGclData] | Finished operational GCL data parsing
[2026-04-17 02:39:59.651826] | Thread:22024 | [NetworkManager::fetchOperationGcl] | Stop operational GCL fetch
[2026-04-17 02:39:59.651885] | Thread:22024 | [CncServiceImpl::SetNodeSchedule] | Finished setting node schedule (with verification) for node: vstsn01
[2026-04-17 02:39:59.651969] | Thread:22064 | [NetworkManager::deployConfigToNode] | Start config deployment for node: vstsn01
[2026-04-17 02:39:59.652133] | Thread:21871 | [NetconfSession::editData] | Start edit-config with XML length: 3260
[2026-04-17 02:39:59.681109] | Thread:21871 | [NetconfSession::editData] | Finished edit-config with XML length: 3260
[2026-04-17 02:39:59.681135] | Thread:21871 | [NetconfSession::commit] | Start commit operation.
[2026-04-17 02:39:59.722794] | Thread:21871 | [NetconfSession::commit] | Finished commit operation.
[2026-04-17 02:39:59.722834] | Thread:21871 | [NetworkManager::deployConfigToNode] | Successfully deployed config for node: vstsn01
[2026-04-17 02:39:59.722893] | Thread:22064 | [CncServiceImpl::SetNodeSchedule] | Finished deploying config to node: vstsn01
[2026-04-17 02:39:59.722936] | Thread:22064 | [NetworkManager::fetchOperationGcl] | Start operational GCL fetch
[2026-04-17 02:39:59.722938] | Thread:22064 | [NetworkManager::fetchOperationGclForNode] | Start operational GCL fetch for node: vstsn01
[2026-04-17 02:39:59.723002] | Thread:21871 | [NetconfSession::getData] | Start data fetch with XPath: /ietf-interfaces:interfaces/interface/ieee802-dot1q-bridge:bridge-port/ieee802-dot1q-sched-bridge:gate-parameter-table
[2026-04-17 02:39:59.826928] | Thread:21871 | [NetconfSession::getData] | Got return for path: /ietf-interfaces:interfaces/interface/ieee802-dot1q-bridge:bridge-port/ieee802-dot1q-sched-bridge:gate-parameter-table
[2026-04-17 02:39:59.827077] | Thread:21871 | [GclParser::parseOperationalGclData] | Start operational GCL data parsing
[2026-04-17 02:39:59.827440] | Thread:21871 | [GclParser::parseOperationalGclData] | Finished operational GCL data parsing
[2026-04-17 02:39:59.827559] | Thread:22064 | [NetworkManager::fetchOperationGclForNode] | Start operational GCL fetch for node: vstsn02
[2026-04-17 02:39:59.827610] | Thread:21876 | [NetconfSession::getData] | Start data fetch with XPath: /ietf-interfaces:interfaces/interface/ieee802-dot1q-bridge:bridge-port/ieee802-dot1q-sched-bridge:gate-parameter-table
[2026-04-17 02:39:59.904279] | Thread:21876 | [NetconfSession::getData] | Got return for path: /ietf-interfaces:interfaces/interface/ieee802-dot1q-bridge:bridge-port/ieee802-dot1q-sched-bridge:gate-parameter-table
[2026-04-17 02:39:59.904447] | Thread:21876 | [GclParser::parseOperationalGclData] | Start operational GCL data parsing
[2026-04-17 02:39:59.904758] | Thread:21876 | [GclParser::parseOperationalGclData] | Finished operational GCL data parsing
[2026-04-17 02:39:59.904846] | Thread:22064 | [NetworkManager::fetchOperationGclForNode] | Start operational GCL fetch for node: vstsn03
[2026-04-17 02:39:59.904917] | Thread:21878 | [NetconfSession::getData] | Start data fetch with XPath: /ietf-interfaces:interfaces/interface/ieee802-dot1q-bridge:bridge-port/ieee802-dot1q-sched-bridge:gate-parameter-table
[2026-04-17 02:39:59.944443] | Thread:21878 | [NetconfSession::getData] | Got return for path: /ietf-interfaces:interfaces/interface/ieee802-dot1q-bridge:bridge-port/ieee802-dot1q-sched-bridge:gate-parameter-table
[2026-04-17 02:39:59.944609] | Thread:21878 | [GclParser::parseOperationalGclData] | Start operational GCL data parsing
[2026-04-17 02:39:59.944836] | Thread:21878 | [GclParser::parseOperationalGclData] | Finished operational GCL data parsing
[2026-04-17 02:39:59.944932] | Thread:22064 | [NetworkManager::fetchOperationGcl] | Stop operational GCL fetch
[2026-04-17 02:39:59.944984] | Thread:22064 | [CncServiceImpl::SetNodeSchedule] | Finished setting node schedule (with verification) for node: vstsn01
[2026-04-17 02:39:59.945038] | Thread:22065 | [NetworkManager::deployConfigToNode] | Start config deployment for node: vstsn01
[2026-04-17 02:39:59.945175] | Thread:21871 | [NetconfSession::editData] | Start edit-config with XML length: 3260
[2026-04-17 02:39:59.976430] | Thread:21871 | [NetconfSession::editData] | Finished edit-config with XML length: 3260
[2026-04-17 02:39:59.976470] | Thread:21871 | [NetconfSession::commit] | Start commit operation.
[2026-04-17 02:40:00.017216] | Thread:21871 | [NetconfSession::commit] | Finished commit operation.
[2026-04-17 02:40:00.017250] | Thread:21871 | [NetworkManager::deployConfigToNode] | Successfully deployed config for node: vstsn01
[2026-04-17 02:40:00.017323] | Thread:22065 | [CncServiceImpl::SetNodeSchedule] | Finished deploying config to node: vstsn01
[2026-04-17 02:40:00.017337] | Thread:22065 | [NetworkManager::fetchOperationGcl] | Start operational GCL fetch
[2026-04-17 02:40:00.017339] | Thread:22065 | [NetworkManager::fetchOperationGclForNode] | Start operational GCL fetch for node: vstsn01
[2026-04-17 02:40:00.017396] | Thread:21871 | [NetconfSession::getData] | Start data fetch with XPath: /ietf-interfaces:interfaces/interface/ieee802-dot1q-bridge:bridge-port/ieee802-dot1q-sched-bridge:gate-parameter-table
[2026-04-17 02:40:00.125766] | Thread:21871 | [NetconfSession::getData] | Got return for path: /ietf-interfaces:interfaces/interface/ieee802-dot1q-bridge:bridge-port/ieee802-dot1q-sched-bridge:gate-parameter-table
[2026-04-17 02:40:00.125871] | Thread:21871 | [GclParser::parseOperationalGclData] | Start operational GCL data parsing
[2026-04-17 02:40:00.126077] | Thread:21871 | [GclParser::parseOperationalGclData] | Finished operational GCL data parsing
[2026-04-17 02:40:00.126253] | Thread:22065 | [NetworkManager::fetchOperationGclForNode] | Start operational GCL fetch for node: vstsn02
[2026-04-17 02:40:00.126351] | Thread:21876 | [NetconfSession::getData] | Start data fetch with XPath: /ietf-interfaces:interfaces/interface/ieee802-dot1q-bridge:bridge-port/ieee802-dot1q-sched-bridge:gate-parameter-table
[2026-04-17 02:40:00.203438] | Thread:21876 | [NetconfSession::getData] | Got return for path: /ietf-interfaces:interfaces/interface/ieee802-dot1q-bridge:bridge-port/ieee802-dot1q-sched-bridge:gate-parameter-table
[2026-04-17 02:40:00.203626] | Thread:21876 | [GclParser::parseOperationalGclData] | Start operational GCL data parsing
[2026-04-17 02:40:00.203940] | Thread:21876 | [GclParser::parseOperationalGclData] | Finished operational GCL data parsing
[2026-04-17 02:40:00.204062] | Thread:22065 | [NetworkManager::fetchOperationGclForNode] | Start operational GCL fetch for node: vstsn03
[2026-04-17 02:40:00.204159] | Thread:21878 | [NetconfSession::getData] | Start data fetch with XPath: /ietf-interfaces:interfaces/interface/ieee802-dot1q-bridge:bridge-port/ieee802-dot1q-sched-bridge:gate-parameter-table
[2026-04-17 02:40:00.240241] | Thread:21878 | [NetconfSession::getData] | Got return for path: /ietf-interfaces:interfaces/interface/ieee802-dot1q-bridge:bridge-port/ieee802-dot1q-sched-bridge:gate-parameter-table
[2026-04-17 02:40:00.240402] | Thread:21878 | [GclParser::parseOperationalGclData] | Start operational GCL data parsing
[2026-04-17 02:40:00.240682] | Thread:21878 | [GclParser::parseOperationalGclData] | Finished operational GCL data parsing
[2026-04-17 02:40:00.240794] | Thread:22065 | [NetworkManager::fetchOperationGcl] | Stop operational GCL fetch
[2026-04-17 02:40:00.240838] | Thread:22065 | [CncServiceImpl::SetNodeSchedule] | Finished setting node schedule (with verification) for node: vstsn01
[2026-04-17 02:40:00.240884] | Thread:22067 | [NetworkManager::deployConfigToNode] | Start config deployment for node: vstsn01
[2026-04-17 02:40:00.241047] | Thread:21871 | [NetconfSession::editData] | Start edit-config with XML length: 3260
[2026-04-17 02:40:00.273590] | Thread:21871 | [NetconfSession::editData] | Finished edit-config with XML length: 3260
[2026-04-17 02:40:00.273617] | Thread:21871 | [NetconfSession::commit] | Start commit operation.
[2026-04-17 02:40:00.313523] | Thread:21871 | [NetconfSession::commit] | Finished commit operation.
[2026-04-17 02:40:00.313552] | Thread:21871 | [NetworkManager::deployConfigToNode] | Successfully deployed config for node: vstsn01
[2026-04-17 02:40:00.313628] | Thread:22067 | [CncServiceImpl::SetNodeSchedule] | Finished deploying config to node: vstsn01
[2026-04-17 02:40:00.313659] | Thread:22067 | [NetworkManager::fetchOperationGcl] | Start operational GCL fetch
[2026-04-17 02:40:00.313661] | Thread:22067 | [NetworkManager::fetchOperationGclForNode] | Start operational GCL fetch for node: vstsn01
[2026-04-17 02:40:00.313723] | Thread:21871 | [NetconfSession::getData] | Start data fetch with XPath: /ietf-interfaces:interfaces/interface/ieee802-dot1q-bridge:bridge-port/ieee802-dot1q-sched-bridge:gate-parameter-table
[2026-04-17 02:40:00.432443] | Thread:21871 | [NetconfSession::getData] | Got return for path: /ietf-interfaces:interfaces/interface/ieee802-dot1q-bridge:bridge-port/ieee802-dot1q-sched-bridge:gate-parameter-table
[2026-04-17 02:40:00.432565] | Thread:21871 | [GclParser::parseOperationalGclData] | Start operational GCL data parsing
[2026-04-17 02:40:00.432928] | Thread:21871 | [GclParser::parseOperationalGclData] | Finished operational GCL data parsing
[2026-04-17 02:40:00.433009] | Thread:22067 | [NetworkManager::fetchOperationGclForNode] | Start operational GCL fetch for node: vstsn02
[2026-04-17 02:40:00.433066] | Thread:21876 | [NetconfSession::getData] | Start data fetch with XPath: /ietf-interfaces:interfaces/interface/ieee802-dot1q-bridge:bridge-port/ieee802-dot1q-sched-bridge:gate-parameter-table
[2026-04-17 02:40:00.508680] | Thread:21876 | [NetconfSession::getData] | Got return for path: /ietf-interfaces:interfaces/interface/ieee802-dot1q-bridge:bridge-port/ieee802-dot1q-sched-bridge:gate-parameter-table
[2026-04-17 02:40:00.508850] | Thread:21876 | [GclParser::parseOperationalGclData] | Start operational GCL data parsing
[2026-04-17 02:40:00.509170] | Thread:21876 | [GclParser::parseOperationalGclData] | Finished operational GCL data parsing
[2026-04-17 02:40:00.509252] | Thread:22067 | [NetworkManager::fetchOperationGclForNode] | Start operational GCL fetch for node: vstsn03
[2026-04-17 02:40:00.509344] | Thread:21878 | [NetconfSession::getData] | Start data fetch with XPath: /ietf-interfaces:interfaces/interface/ieee802-dot1q-bridge:bridge-port/ieee802-dot1q-sched-bridge:gate-parameter-table
[2026-04-17 02:40:00.545648] | Thread:21878 | [NetconfSession::getData] | Got return for path: /ietf-interfaces:interfaces/interface/ieee802-dot1q-bridge:bridge-port/ieee802-dot1q-sched-bridge:gate-parameter-table
[2026-04-17 02:40:00.545857] | Thread:21878 | [GclParser::parseOperationalGclData] | Start operational GCL data parsing
[2026-04-17 02:40:00.546115] | Thread:21878 | [GclParser::parseOperationalGclData] | Finished operational GCL data parsing
[2026-04-17 02:40:00.546204] | Thread:22067 | [NetworkManager::fetchOperationGcl] | Stop operational GCL fetch
[2026-04-17 02:40:00.546254] | Thread:22067 | [CncServiceImpl::SetNodeSchedule] | Finished setting node schedule (with verification) for node: vstsn01
[2026-04-17 02:40:00.546326] | Thread:22068 | [NetworkManager::deployConfigToNode] | Start config deployment for node: vstsn01
[2026-04-17 02:40:00.546490] | Thread:21871 | [NetconfSession::editData] | Start edit-config with XML length: 3260
[2026-04-17 02:40:00.575184] | Thread:21871 | [NetconfSession::editData] | Finished edit-config with XML length: 3260
[2026-04-17 02:40:00.575211] | Thread:21871 | [NetconfSession::commit] | Start commit operation.
[2026-04-17 02:40:00.616022] | Thread:21871 | [NetconfSession::commit] | Finished commit operation.
[2026-04-17 02:40:00.616055] | Thread:21871 | [NetworkManager::deployConfigToNode] | Successfully deployed config for node: vstsn01
[2026-04-17 02:40:00.616094] | Thread:22068 | [CncServiceImpl::SetNodeSchedule] | Finished deploying config to node: vstsn01
[2026-04-17 02:40:00.616117] | Thread:22068 | [NetworkManager::fetchOperationGcl] | Start operational GCL fetch
[2026-04-17 02:40:00.616119] | Thread:22068 | [NetworkManager::fetchOperationGclForNode] | Start operational GCL fetch for node: vstsn01
[2026-04-17 02:40:00.616157] | Thread:21871 | [NetconfSession::getData] | Start data fetch with XPath: /ietf-interfaces:interfaces/interface/ieee802-dot1q-bridge:bridge-port/ieee802-dot1q-sched-bridge:gate-parameter-table
[2026-04-17 02:40:00.716733] | Thread:21871 | [NetconfSession::getData] | Got return for path: /ietf-interfaces:interfaces/interface/ieee802-dot1q-bridge:bridge-port/ieee802-dot1q-sched-bridge:gate-parameter-table
[2026-04-17 02:40:00.716862] | Thread:21871 | [GclParser::parseOperationalGclData] | Start operational GCL data parsing
[2026-04-17 02:40:00.717124] | Thread:21871 | [GclParser::parseOperationalGclData] | Finished operational GCL data parsing
[2026-04-17 02:40:00.717202] | Thread:22068 | [NetworkManager::fetchOperationGclForNode] | Start operational GCL fetch for node: vstsn02
[2026-04-17 02:40:00.717248] | Thread:21876 | [NetconfSession::getData] | Start data fetch with XPath: /ietf-interfaces:interfaces/interface/ieee802-dot1q-bridge:bridge-port/ieee802-dot1q-sched-bridge:gate-parameter-table
[2026-04-17 02:40:00.791835] | Thread:21876 | [NetconfSession::getData] | Got return for path: /ietf-interfaces:interfaces/interface/ieee802-dot1q-bridge:bridge-port/ieee802-dot1q-sched-bridge:gate-parameter-table
[2026-04-17 02:40:00.792014] | Thread:21876 | [GclParser::parseOperationalGclData] | Start operational GCL data parsing
[2026-04-17 02:40:00.792356] | Thread:21876 | [GclParser::parseOperationalGclData] | Finished operational GCL data parsing
[2026-04-17 02:40:00.792439] | Thread:22068 | [NetworkManager::fetchOperationGclForNode] | Start operational GCL fetch for node: vstsn03
[2026-04-17 02:40:00.792497] | Thread:21878 | [NetconfSession::getData] | Start data fetch with XPath: /ietf-interfaces:interfaces/interface/ieee802-dot1q-bridge:bridge-port/ieee802-dot1q-sched-bridge:gate-parameter-table
[2026-04-17 02:40:00.845248] | Thread:21878 | [NetconfSession::getData] | Got return for path: /ietf-interfaces:interfaces/interface/ieee802-dot1q-bridge:bridge-port/ieee802-dot1q-sched-bridge:gate-parameter-table
[2026-04-17 02:40:00.845383] | Thread:21878 | [GclParser::parseOperationalGclData] | Start operational GCL data parsing
[2026-04-17 02:40:00.845570] | Thread:21878 | [GclParser::parseOperationalGclData] | Finished operational GCL data parsing
[2026-04-17 02:40:00.845651] | Thread:22068 | [NetworkManager::fetchOperationGcl] | Stop operational GCL fetch
[2026-04-17 02:40:00.845706] | Thread:22068 | [CncServiceImpl::SetNodeSchedule] | Finished setting node schedule (with verification) for node: vstsn01
[2026-04-17 02:40:00.845770] | Thread:22040 | [NetworkManager::deployConfigToNode] | Start config deployment for node: vstsn01
[2026-04-17 02:40:00.845905] | Thread:21871 | [NetconfSession::editData] | Start edit-config with XML length: 3260
[2026-04-17 02:40:00.877724] | Thread:21871 | [NetconfSession::editData] | Finished edit-config with XML length: 3260
[2026-04-17 02:40:00.877750] | Thread:21871 | [NetconfSession::commit] | Start commit operation.
[2026-04-17 02:40:00.919949] | Thread:21871 | [NetconfSession::commit] | Finished commit operation.
[2026-04-17 02:40:00.919972] | Thread:21871 | [NetworkManager::deployConfigToNode] | Successfully deployed config for node: vstsn01
[2026-04-17 02:40:00.920035] | Thread:22040 | [CncServiceImpl::SetNodeSchedule] | Finished deploying config to node: vstsn01
[2026-04-17 02:40:00.920059] | Thread:22040 | [NetworkManager::fetchOperationGcl] | Start operational GCL fetch
[2026-04-17 02:40:00.920061] | Thread:22040 | [NetworkManager::fetchOperationGclForNode] | Start operational GCL fetch for node: vstsn01
[2026-04-17 02:40:00.920108] | Thread:21871 | [NetconfSession::getData] | Start data fetch with XPath: /ietf-interfaces:interfaces/interface/ieee802-dot1q-bridge:bridge-port/ieee802-dot1q-sched-bridge:gate-parameter-table
[2026-04-17 02:40:01.023920] | Thread:21871 | [NetconfSession::getData] | Got return for path: /ietf-interfaces:interfaces/interface/ieee802-dot1q-bridge:bridge-port/ieee802-dot1q-sched-bridge:gate-parameter-table
[2026-04-17 02:40:01.024040] | Thread:21871 | [GclParser::parseOperationalGclData] | Start operational GCL data parsing
[2026-04-17 02:40:01.024255] | Thread:21871 | [GclParser::parseOperationalGclData] | Finished operational GCL data parsing
[2026-04-17 02:40:01.024368] | Thread:22040 | [NetworkManager::fetchOperationGclForNode] | Start operational GCL fetch for node: vstsn02
[2026-04-17 02:40:01.024472] | Thread:21876 | [NetconfSession::getData] | Start data fetch with XPath: /ietf-interfaces:interfaces/interface/ieee802-dot1q-bridge:bridge-port/ieee802-dot1q-sched-bridge:gate-parameter-table
[2026-04-17 02:40:01.109052] | Thread:21876 | [NetconfSession::getData] | Got return for path: /ietf-interfaces:interfaces/interface/ieee802-dot1q-bridge:bridge-port/ieee802-dot1q-sched-bridge:gate-parameter-table
[2026-04-17 02:40:01.109198] | Thread:21876 | [GclParser::parseOperationalGclData] | Start operational GCL data parsing
[2026-04-17 02:40:01.109503] | Thread:21876 | [GclParser::parseOperationalGclData] | Finished operational GCL data parsing
[2026-04-17 02:40:01.109699] | Thread:22040 | [NetworkManager::fetchOperationGclForNode] | Start operational GCL fetch for node: vstsn03
[2026-04-17 02:40:01.109806] | Thread:21878 | [NetconfSession::getData] | Start data fetch with XPath: /ietf-interfaces:interfaces/interface/ieee802-dot1q-bridge:bridge-port/ieee802-dot1q-sched-bridge:gate-parameter-table
[2026-04-17 02:40:01.156187] | Thread:21878 | [NetconfSession::getData] | Got return for path: /ietf-interfaces:interfaces/interface/ieee802-dot1q-bridge:bridge-port/ieee802-dot1q-sched-bridge:gate-parameter-table
[2026-04-17 02:40:01.156330] | Thread:21878 | [GclParser::parseOperationalGclData] | Start operational GCL data parsing
[2026-04-17 02:40:01.156565] | Thread:21878 | [GclParser::parseOperationalGclData] | Finished operational GCL data parsing
[2026-04-17 02:40:01.156694] | Thread:22040 | [NetworkManager::fetchOperationGcl] | Stop operational GCL fetch
[2026-04-17 02:40:01.156735] | Thread:22040 | [CncServiceImpl::SetNodeSchedule] | Finished setting node schedule (with verification) for node: vstsn01
[2026-04-17 02:40:01.156792] | Thread:22069 | [NetworkManager::deployConfigToNode] | Start config deployment for node: vstsn01
[2026-04-17 02:40:01.156938] | Thread:21871 | [NetconfSession::editData] | Start edit-config with XML length: 3260
[2026-04-17 02:40:01.192562] | Thread:21871 | [NetconfSession::editData] | Finished edit-config with XML length: 3260
[2026-04-17 02:40:01.192602] | Thread:21871 | [NetconfSession::commit] | Start commit operation.
[2026-04-17 02:40:01.234544] | Thread:21871 | [NetconfSession::commit] | Finished commit operation.
[2026-04-17 02:40:01.234570] | Thread:21871 | [NetworkManager::deployConfigToNode] | Successfully deployed config for node: vstsn01
[2026-04-17 02:40:01.234622] | Thread:22069 | [CncServiceImpl::SetNodeSchedule] | Finished deploying config to node: vstsn01
[2026-04-17 02:40:01.234649] | Thread:22069 | [NetworkManager::fetchOperationGcl] | Start operational GCL fetch
[2026-04-17 02:40:01.234651] | Thread:22069 | [NetworkManager::fetchOperationGclForNode] | Start operational GCL fetch for node: vstsn01
[2026-04-17 02:40:01.234686] | Thread:21871 | [NetconfSession::getData] | Start data fetch with XPath: /ietf-interfaces:interfaces/interface/ieee802-dot1q-bridge:bridge-port/ieee802-dot1q-sched-bridge:gate-parameter-table
[2026-04-17 02:40:01.340835] | Thread:21871 | [NetconfSession::getData] | Got return for path: /ietf-interfaces:interfaces/interface/ieee802-dot1q-bridge:bridge-port/ieee802-dot1q-sched-bridge:gate-parameter-table
[2026-04-17 02:40:01.340948] | Thread:21871 | [GclParser::parseOperationalGclData] | Start operational GCL data parsing
[2026-04-17 02:40:01.341173] | Thread:21871 | [GclParser::parseOperationalGclData] | Finished operational GCL data parsing
[2026-04-17 02:40:01.341253] | Thread:22069 | [NetworkManager::fetchOperationGclForNode] | Start operational GCL fetch for node: vstsn02
[2026-04-17 02:40:01.341299] | Thread:21876 | [NetconfSession::getData] | Start data fetch with XPath: /ietf-interfaces:interfaces/interface/ieee802-dot1q-bridge:bridge-port/ieee802-dot1q-sched-bridge:gate-parameter-table
[2026-04-17 02:40:01.427710] | Thread:21876 | [NetconfSession::getData] | Got return for path: /ietf-interfaces:interfaces/interface/ieee802-dot1q-bridge:bridge-port/ieee802-dot1q-sched-bridge:gate-parameter-table
[2026-04-17 02:40:01.427877] | Thread:21876 | [GclParser::parseOperationalGclData] | Start operational GCL data parsing
[2026-04-17 02:40:01.428200] | Thread:21876 | [GclParser::parseOperationalGclData] | Finished operational GCL data parsing
[2026-04-17 02:40:01.428304] | Thread:22069 | [NetworkManager::fetchOperationGclForNode] | Start operational GCL fetch for node: vstsn03
[2026-04-17 02:40:01.428364] | Thread:21878 | [NetconfSession::getData] | Start data fetch with XPath: /ietf-interfaces:interfaces/interface/ieee802-dot1q-bridge:bridge-port/ieee802-dot1q-sched-bridge:gate-parameter-table
[2026-04-17 02:40:01.482555] | Thread:21878 | [NetconfSession::getData] | Got return for path: /ietf-interfaces:interfaces/interface/ieee802-dot1q-bridge:bridge-port/ieee802-dot1q-sched-bridge:gate-parameter-table
[2026-04-17 02:40:01.482694] | Thread:21878 | [GclParser::parseOperationalGclData] | Start operational GCL data parsing
[2026-04-17 02:40:01.482921] | Thread:21878 | [GclParser::parseOperationalGclData] | Finished operational GCL data parsing
[2026-04-17 02:40:01.482998] | Thread:22069 | [NetworkManager::fetchOperationGcl] | Stop operational GCL fetch
[2026-04-17 02:40:01.483037] | Thread:22069 | [CncServiceImpl::SetNodeSchedule] | Finished setting node schedule (with verification) for node: vstsn01
[2026-04-17 02:40:01.483130] | Thread:22072 | [NetworkManager::deployConfigToNode] | Start config deployment for node: vstsn01
[2026-04-17 02:40:01.483381] | Thread:21871 | [NetconfSession::editData] | Start edit-config with XML length: 3260
[2026-04-17 02:40:01.517511] | Thread:21871 | [NetconfSession::editData] | Finished edit-config with XML length: 3260
[2026-04-17 02:40:01.517544] | Thread:21871 | [NetconfSession::commit] | Start commit operation.
[2026-04-17 02:40:01.571128] | Thread:21871 | [NetconfSession::commit] | Finished commit operation.
[2026-04-17 02:40:01.571159] | Thread:21871 | [NetworkManager::deployConfigToNode] | Successfully deployed config for node: vstsn01
[2026-04-17 02:40:01.571234] | Thread:22072 | [CncServiceImpl::SetNodeSchedule] | Finished deploying config to node: vstsn01
[2026-04-17 02:40:01.571297] | Thread:22072 | [NetworkManager::fetchOperationGcl] | Start operational GCL fetch
[2026-04-17 02:40:01.571299] | Thread:22072 | [NetworkManager::fetchOperationGclForNode] | Start operational GCL fetch for node: vstsn01
[2026-04-17 02:40:01.571342] | Thread:21871 | [NetconfSession::getData] | Start data fetch with XPath: /ietf-interfaces:interfaces/interface/ieee802-dot1q-bridge:bridge-port/ieee802-dot1q-sched-bridge:gate-parameter-table
[2026-04-17 02:40:01.677465] | Thread:21871 | [NetconfSession::getData] | Got return for path: /ietf-interfaces:interfaces/interface/ieee802-dot1q-bridge:bridge-port/ieee802-dot1q-sched-bridge:gate-parameter-table
[2026-04-17 02:40:01.677590] | Thread:21871 | [GclParser::parseOperationalGclData] | Start operational GCL data parsing
[2026-04-17 02:40:01.677885] | Thread:21871 | [GclParser::parseOperationalGclData] | Finished operational GCL data parsing
[2026-04-17 02:40:01.678022] | Thread:22072 | [NetworkManager::fetchOperationGclForNode] | Start operational GCL fetch for node: vstsn02
[2026-04-17 02:40:01.678084] | Thread:21876 | [NetconfSession::getData] | Start data fetch with XPath: /ietf-interfaces:interfaces/interface/ieee802-dot1q-bridge:bridge-port/ieee802-dot1q-sched-bridge:gate-parameter-table
[2026-04-17 02:40:01.762289] | Thread:21876 | [NetconfSession::getData] | Got return for path: /ietf-interfaces:interfaces/interface/ieee802-dot1q-bridge:bridge-port/ieee802-dot1q-sched-bridge:gate-parameter-table
[2026-04-17 02:40:01.762596] | Thread:21876 | [GclParser::parseOperationalGclData] | Start operational GCL data parsing
[2026-04-17 02:40:01.763113] | Thread:21876 | [GclParser::parseOperationalGclData] | Finished operational GCL data parsing
[2026-04-17 02:40:01.763225] | Thread:22072 | [NetworkManager::fetchOperationGclForNode] | Start operational GCL fetch for node: vstsn03
[2026-04-17 02:40:01.763298] | Thread:21878 | [NetconfSession::getData] | Start data fetch with XPath: /ietf-interfaces:interfaces/interface/ieee802-dot1q-bridge:bridge-port/ieee802-dot1q-sched-bridge:gate-parameter-table
[2026-04-17 02:40:01.803300] | Thread:21878 | [NetconfSession::getData] | Got return for path: /ietf-interfaces:interfaces/interface/ieee802-dot1q-bridge:bridge-port/ieee802-dot1q-sched-bridge:gate-parameter-table
[2026-04-17 02:40:01.803423] | Thread:21878 | [GclParser::parseOperationalGclData] | Start operational GCL data parsing
[2026-04-17 02:40:01.803581] | Thread:21878 | [GclParser::parseOperationalGclData] | Finished operational GCL data parsing
[2026-04-17 02:40:01.803657] | Thread:22072 | [NetworkManager::fetchOperationGcl] | Stop operational GCL fetch
[2026-04-17 02:40:01.803699] | Thread:22072 | [CncServiceImpl::SetNodeSchedule] | Finished setting node schedule (with verification) for node: vstsn01
[2026-04-17 02:40:01.803739] | Thread:22043 | [NetworkManager::deployConfigToNode] | Start config deployment for node: vstsn01
[2026-04-17 02:40:01.803897] | Thread:21871 | [NetconfSession::editData] | Start edit-config with XML length: 3260
[2026-04-17 02:40:01.835622] | Thread:21871 | [NetconfSession::editData] | Finished edit-config with XML length: 3260
[2026-04-17 02:40:01.835649] | Thread:21871 | [NetconfSession::commit] | Start commit operation.
[2026-04-17 02:40:01.877788] | Thread:21871 | [NetconfSession::commit] | Finished commit operation.
[2026-04-17 02:40:01.877818] | Thread:21871 | [NetworkManager::deployConfigToNode] | Successfully deployed config for node: vstsn01
[2026-04-17 02:40:01.877862] | Thread:22043 | [CncServiceImpl::SetNodeSchedule] | Finished deploying config to node: vstsn01
[2026-04-17 02:40:01.877904] | Thread:22043 | [NetworkManager::fetchOperationGcl] | Start operational GCL fetch
[2026-04-17 02:40:01.877922] | Thread:22043 | [NetworkManager::fetchOperationGclForNode] | Start operational GCL fetch for node: vstsn01
[2026-04-17 02:40:01.878004] | Thread:21871 | [NetconfSession::getData] | Start data fetch with XPath: /ietf-interfaces:interfaces/interface/ieee802-dot1q-bridge:bridge-port/ieee802-dot1q-sched-bridge:gate-parameter-table
[2026-04-17 02:40:01.980125] | Thread:21871 | [NetconfSession::getData] | Got return for path: /ietf-interfaces:interfaces/interface/ieee802-dot1q-bridge:bridge-port/ieee802-dot1q-sched-bridge:gate-parameter-table
[2026-04-17 02:40:01.980224] | Thread:21871 | [GclParser::parseOperationalGclData] | Start operational GCL data parsing
[2026-04-17 02:40:01.980446] | Thread:21871 | [GclParser::parseOperationalGclData] | Finished operational GCL data parsing
[2026-04-17 02:40:01.980501] | Thread:22043 | [NetworkManager::fetchOperationGclForNode] | Start operational GCL fetch for node: vstsn02
[2026-04-17 02:40:01.980628] | Thread:21876 | [NetconfSession::getData] | Start data fetch with XPath: /ietf-interfaces:interfaces/interface/ieee802-dot1q-bridge:bridge-port/ieee802-dot1q-sched-bridge:gate-parameter-table
[2026-04-17 02:40:02.056306] | Thread:21876 | [NetconfSession::getData] | Got return for path: /ietf-interfaces:interfaces/interface/ieee802-dot1q-bridge:bridge-port/ieee802-dot1q-sched-bridge:gate-parameter-table
[2026-04-17 02:40:02.056456] | Thread:21876 | [GclParser::parseOperationalGclData] | Start operational GCL data parsing
[2026-04-17 02:40:02.056749] | Thread:21876 | [GclParser::parseOperationalGclData] | Finished operational GCL data parsing
[2026-04-17 02:40:02.056844] | Thread:22043 | [NetworkManager::fetchOperationGclForNode] | Start operational GCL fetch for node: vstsn03
[2026-04-17 02:40:02.056895] | Thread:21878 | [NetconfSession::getData] | Start data fetch with XPath: /ietf-interfaces:interfaces/interface/ieee802-dot1q-bridge:bridge-port/ieee802-dot1q-sched-bridge:gate-parameter-table
[2026-04-17 02:40:02.092969] | Thread:21878 | [NetconfSession::getData] | Got return for path: /ietf-interfaces:interfaces/interface/ieee802-dot1q-bridge:bridge-port/ieee802-dot1q-sched-bridge:gate-parameter-table
[2026-04-17 02:40:02.093208] | Thread:21878 | [GclParser::parseOperationalGclData] | Start operational GCL data parsing
[2026-04-17 02:40:02.093715] | Thread:21878 | [GclParser::parseOperationalGclData] | Finished operational GCL data parsing
[2026-04-17 02:40:02.093926] | Thread:22043 | [NetworkManager::fetchOperationGcl] | Stop operational GCL fetch
[2026-04-17 02:40:02.094000] | Thread:22043 | [CncServiceImpl::SetNodeSchedule] | Finished setting node schedule (with verification) for node: vstsn01
[2026-04-17 02:40:02.094098] | Thread:22094 | [NetworkManager::deployConfigToNode] | Start config deployment for node: vstsn01
[2026-04-17 02:40:02.094299] | Thread:21871 | [NetconfSession::editData] | Start edit-config with XML length: 3260
[2026-04-17 02:40:02.124124] | Thread:21871 | [NetconfSession::editData] | Finished edit-config with XML length: 3260
[2026-04-17 02:40:02.124147] | Thread:21871 | [NetconfSession::commit] | Start commit operation.
[2026-04-17 02:40:02.165160] | Thread:21871 | [NetconfSession::commit] | Finished commit operation.
[2026-04-17 02:40:02.165183] | Thread:21871 | [NetworkManager::deployConfigToNode] | Successfully deployed config for node: vstsn01
[2026-04-17 02:40:02.165356] | Thread:22094 | [CncServiceImpl::SetNodeSchedule] | Finished deploying config to node: vstsn01
[2026-04-17 02:40:02.165493] | Thread:22094 | [NetworkManager::fetchOperationGcl] | Start operational GCL fetch
[2026-04-17 02:40:02.165536] | Thread:22094 | [NetworkManager::fetchOperationGclForNode] | Start operational GCL fetch for node: vstsn01
[2026-04-17 02:40:02.165668] | Thread:21871 | [NetconfSession::getData] | Start data fetch with XPath: /ietf-interfaces:interfaces/interface/ieee802-dot1q-bridge:bridge-port/ieee802-dot1q-sched-bridge:gate-parameter-table
[2026-04-17 02:40:02.269430] | Thread:21871 | [NetconfSession::getData] | Got return for path: /ietf-interfaces:interfaces/interface/ieee802-dot1q-bridge:bridge-port/ieee802-dot1q-sched-bridge:gate-parameter-table
[2026-04-17 02:40:02.269682] | Thread:21871 | [GclParser::parseOperationalGclData] | Start operational GCL data parsing
[2026-04-17 02:40:02.270036] | Thread:21871 | [GclParser::parseOperationalGclData] | Finished operational GCL data parsing
[2026-04-17 02:40:02.270186] | Thread:22094 | [NetworkManager::fetchOperationGclForNode] | Start operational GCL fetch for node: vstsn02
[2026-04-17 02:40:02.270264] | Thread:21876 | [NetconfSession::getData] | Start data fetch with XPath: /ietf-interfaces:interfaces/interface/ieee802-dot1q-bridge:bridge-port/ieee802-dot1q-sched-bridge:gate-parameter-table
[2026-04-17 02:40:02.345886] | Thread:21876 | [NetconfSession::getData] | Got return for path: /ietf-interfaces:interfaces/interface/ieee802-dot1q-bridge:bridge-port/ieee802-dot1q-sched-bridge:gate-parameter-table
[2026-04-17 02:40:02.346065] | Thread:21876 | [GclParser::parseOperationalGclData] | Start operational GCL data parsing
[2026-04-17 02:40:02.346364] | Thread:21876 | [GclParser::parseOperationalGclData] | Finished operational GCL data parsing
[2026-04-17 02:40:02.346564] | Thread:22094 | [NetworkManager::fetchOperationGclForNode] | Start operational GCL fetch for node: vstsn03
[2026-04-17 02:40:02.346653] | Thread:21878 | [NetconfSession::getData] | Start data fetch with XPath: /ietf-interfaces:interfaces/interface/ieee802-dot1q-bridge:bridge-port/ieee802-dot1q-sched-bridge:gate-parameter-table
[2026-04-17 02:40:02.383344] | Thread:21878 | [NetconfSession::getData] | Got return for path: /ietf-interfaces:interfaces/interface/ieee802-dot1q-bridge:bridge-port/ieee802-dot1q-sched-bridge:gate-parameter-table
[2026-04-17 02:40:02.383438] | Thread:21878 | [GclParser::parseOperationalGclData] | Start operational GCL data parsing
[2026-04-17 02:40:02.383626] | Thread:21878 | [GclParser::parseOperationalGclData] | Finished operational GCL data parsing
[2026-04-17 02:40:02.383725] | Thread:22094 | [NetworkManager::fetchOperationGcl] | Stop operational GCL fetch
[2026-04-17 02:40:02.383777] | Thread:22094 | [CncServiceImpl::SetNodeSchedule] | Finished setting node schedule (with verification) for node: vstsn01
[2026-04-17 02:40:02.383874] | Thread:22095 | [NetworkManager::deployConfigToNode] | Start config deployment for node: vstsn01
[2026-04-17 02:40:02.383996] | Thread:21871 | [NetconfSession::editData] | Start edit-config with XML length: 3260
[2026-04-17 02:40:02.411200] | Thread:21871 | [NetconfSession::editData] | Finished edit-config with XML length: 3260
[2026-04-17 02:40:02.411234] | Thread:21871 | [NetconfSession::commit] | Start commit operation.
[2026-04-17 02:40:02.451373] | Thread:21871 | [NetconfSession::commit] | Finished commit operation.
[2026-04-17 02:40:02.451399] | Thread:21871 | [NetworkManager::deployConfigToNode] | Successfully deployed config for node: vstsn01
[2026-04-17 02:40:02.451451] | Thread:22095 | [CncServiceImpl::SetNodeSchedule] | Finished deploying config to node: vstsn01
[2026-04-17 02:40:02.451508] | Thread:22095 | [NetworkManager::fetchOperationGcl] | Start operational GCL fetch
[2026-04-17 02:40:02.451510] | Thread:22095 | [NetworkManager::fetchOperationGclForNode] | Start operational GCL fetch for node: vstsn01
[2026-04-17 02:40:02.451547] | Thread:21871 | [NetconfSession::getData] | Start data fetch with XPath: /ietf-interfaces:interfaces/interface/ieee802-dot1q-bridge:bridge-port/ieee802-dot1q-sched-bridge:gate-parameter-table
[2026-04-17 02:40:02.559065] | Thread:21871 | [NetconfSession::getData] | Got return for path: /ietf-interfaces:interfaces/interface/ieee802-dot1q-bridge:bridge-port/ieee802-dot1q-sched-bridge:gate-parameter-table
[2026-04-17 02:40:02.559171] | Thread:21871 | [GclParser::parseOperationalGclData] | Start operational GCL data parsing
[2026-04-17 02:40:02.559457] | Thread:21871 | [GclParser::parseOperationalGclData] | Finished operational GCL data parsing
[2026-04-17 02:40:02.559576] | Thread:22095 | [NetworkManager::fetchOperationGclForNode] | Start operational GCL fetch for node: vstsn02
[2026-04-17 02:40:02.559684] | Thread:21876 | [NetconfSession::getData] | Start data fetch with XPath: /ietf-interfaces:interfaces/interface/ieee802-dot1q-bridge:bridge-port/ieee802-dot1q-sched-bridge:gate-parameter-table
[2026-04-17 02:40:02.639287] | Thread:21876 | [NetconfSession::getData] | Got return for path: /ietf-interfaces:interfaces/interface/ieee802-dot1q-bridge:bridge-port/ieee802-dot1q-sched-bridge:gate-parameter-table
[2026-04-17 02:40:02.639450] | Thread:21876 | [GclParser::parseOperationalGclData] | Start operational GCL data parsing
[2026-04-17 02:40:02.640006] | Thread:21876 | [GclParser::parseOperationalGclData] | Finished operational GCL data parsing
[2026-04-17 02:40:02.640160] | Thread:22095 | [NetworkManager::fetchOperationGclForNode] | Start operational GCL fetch for node: vstsn03
[2026-04-17 02:40:02.640232] | Thread:21878 | [NetconfSession::getData] | Start data fetch with XPath: /ietf-interfaces:interfaces/interface/ieee802-dot1q-bridge:bridge-port/ieee802-dot1q-sched-bridge:gate-parameter-table
[2026-04-17 02:40:02.676478] | Thread:21878 | [NetconfSession::getData] | Got return for path: /ietf-interfaces:interfaces/interface/ieee802-dot1q-bridge:bridge-port/ieee802-dot1q-sched-bridge:gate-parameter-table
[2026-04-17 02:40:02.676587] | Thread:21878 | [GclParser::parseOperationalGclData] | Start operational GCL data parsing
[2026-04-17 02:40:02.676734] | Thread:21878 | [GclParser::parseOperationalGclData] | Finished operational GCL data parsing
[2026-04-17 02:40:02.676898] | Thread:22095 | [NetworkManager::fetchOperationGcl] | Stop operational GCL fetch
[2026-04-17 02:40:02.677157] | Thread:22095 | [CncServiceImpl::SetNodeSchedule] | Finished setting node schedule (with verification) for node: vstsn01
[2026-04-17 02:40:02.677264] | Thread:22096 | [NetworkManager::deployConfigToNode] | Start config deployment for node: vstsn01
[2026-04-17 02:40:02.677589] | Thread:21871 | [NetconfSession::editData] | Start edit-config with XML length: 3260
[2026-04-17 02:40:02.710885] | Thread:21871 | [NetconfSession::editData] | Finished edit-config with XML length: 3260
[2026-04-17 02:40:02.710909] | Thread:21871 | [NetconfSession::commit] | Start commit operation.
[2026-04-17 02:40:02.761237] | Thread:21871 | [NetconfSession::commit] | Finished commit operation.
[2026-04-17 02:40:02.761268] | Thread:21871 | [NetworkManager::deployConfigToNode] | Successfully deployed config for node: vstsn01
[2026-04-17 02:40:02.761326] | Thread:22096 | [CncServiceImpl::SetNodeSchedule] | Finished deploying config to node: vstsn01
[2026-04-17 02:40:02.761361] | Thread:22096 | [NetworkManager::fetchOperationGcl] | Start operational GCL fetch
[2026-04-17 02:40:02.761363] | Thread:22096 | [NetworkManager::fetchOperationGclForNode] | Start operational GCL fetch for node: vstsn01
[2026-04-17 02:40:02.761409] | Thread:21871 | [NetconfSession::getData] | Start data fetch with XPath: /ietf-interfaces:interfaces/interface/ieee802-dot1q-bridge:bridge-port/ieee802-dot1q-sched-bridge:gate-parameter-table
[2026-04-17 02:40:02.872672] | Thread:21871 | [NetconfSession::getData] | Got return for path: /ietf-interfaces:interfaces/interface/ieee802-dot1q-bridge:bridge-port/ieee802-dot1q-sched-bridge:gate-parameter-table
[2026-04-17 02:40:02.872792] | Thread:21871 | [GclParser::parseOperationalGclData] | Start operational GCL data parsing
[2026-04-17 02:40:02.873021] | Thread:21871 | [GclParser::parseOperationalGclData] | Finished operational GCL data parsing
[2026-04-17 02:40:02.873090] | Thread:22096 | [NetworkManager::fetchOperationGclForNode] | Start operational GCL fetch for node: vstsn02
[2026-04-17 02:40:02.873183] | Thread:21876 | [NetconfSession::getData] | Start data fetch with XPath: /ietf-interfaces:interfaces/interface/ieee802-dot1q-bridge:bridge-port/ieee802-dot1q-sched-bridge:gate-parameter-table
[2026-04-17 02:40:02.953075] | Thread:21876 | [NetconfSession::getData] | Got return for path: /ietf-interfaces:interfaces/interface/ieee802-dot1q-bridge:bridge-port/ieee802-dot1q-sched-bridge:gate-parameter-table
[2026-04-17 02:40:02.953230] | Thread:21876 | [GclParser::parseOperationalGclData] | Start operational GCL data parsing
[2026-04-17 02:40:02.953560] | Thread:21876 | [GclParser::parseOperationalGclData] | Finished operational GCL data parsing
[2026-04-17 02:40:02.953735] | Thread:22096 | [NetworkManager::fetchOperationGclForNode] | Start operational GCL fetch for node: vstsn03
[2026-04-17 02:40:02.953834] | Thread:21878 | [NetconfSession::getData] | Start data fetch with XPath: /ietf-interfaces:interfaces/interface/ieee802-dot1q-bridge:bridge-port/ieee802-dot1q-sched-bridge:gate-parameter-table
[2026-04-17 02:40:03.001251] | Thread:21878 | [NetconfSession::getData] | Got return for path: /ietf-interfaces:interfaces/interface/ieee802-dot1q-bridge:bridge-port/ieee802-dot1q-sched-bridge:gate-parameter-table
[2026-04-17 02:40:03.001367] | Thread:21878 | [GclParser::parseOperationalGclData] | Start operational GCL data parsing
[2026-04-17 02:40:03.001518] | Thread:21878 | [GclParser::parseOperationalGclData] | Finished operational GCL data parsing
[2026-04-17 02:40:03.001601] | Thread:22096 | [NetworkManager::fetchOperationGcl] | Stop operational GCL fetch
[2026-04-17 02:40:03.001639] | Thread:22096 | [CncServiceImpl::SetNodeSchedule] | Finished setting node schedule (with verification) for node: vstsn01
[2026-04-17 02:40:03.001678] | Thread:22097 | [NetworkManager::deployConfigToNode] | Start config deployment for node: vstsn01
[2026-04-17 02:40:03.001851] | Thread:21871 | [NetconfSession::editData] | Start edit-config with XML length: 3260
[2026-04-17 02:40:03.038199] | Thread:21871 | [NetconfSession::editData] | Finished edit-config with XML length: 3260
[2026-04-17 02:40:03.038228] | Thread:21871 | [NetconfSession::commit] | Start commit operation.
[2026-04-17 02:40:03.079074] | Thread:21871 | [NetconfSession::commit] | Finished commit operation.
[2026-04-17 02:40:03.079105] | Thread:21871 | [NetworkManager::deployConfigToNode] | Successfully deployed config for node: vstsn01
[2026-04-17 02:40:03.079161] | Thread:22097 | [CncServiceImpl::SetNodeSchedule] | Finished deploying config to node: vstsn01
[2026-04-17 02:40:03.079208] | Thread:22097 | [NetworkManager::fetchOperationGcl] | Start operational GCL fetch
[2026-04-17 02:40:03.079210] | Thread:22097 | [NetworkManager::fetchOperationGclForNode] | Start operational GCL fetch for node: vstsn01
[2026-04-17 02:40:03.079243] | Thread:21871 | [NetconfSession::getData] | Start data fetch with XPath: /ietf-interfaces:interfaces/interface/ieee802-dot1q-bridge:bridge-port/ieee802-dot1q-sched-bridge:gate-parameter-table
[2026-04-17 02:40:03.180762] | Thread:21871 | [NetconfSession::getData] | Got return for path: /ietf-interfaces:interfaces/interface/ieee802-dot1q-bridge:bridge-port/ieee802-dot1q-sched-bridge:gate-parameter-table
[2026-04-17 02:40:03.180895] | Thread:21871 | [GclParser::parseOperationalGclData] | Start operational GCL data parsing
[2026-04-17 02:40:03.181126] | Thread:21871 | [GclParser::parseOperationalGclData] | Finished operational GCL data parsing
[2026-04-17 02:40:03.181201] | Thread:22097 | [NetworkManager::fetchOperationGclForNode] | Start operational GCL fetch for node: vstsn02
[2026-04-17 02:40:03.181292] | Thread:21876 | [NetconfSession::getData] | Start data fetch with XPath: /ietf-interfaces:interfaces/interface/ieee802-dot1q-bridge:bridge-port/ieee802-dot1q-sched-bridge:gate-parameter-table
[2026-04-17 02:40:03.258207] | Thread:21876 | [NetconfSession::getData] | Got return for path: /ietf-interfaces:interfaces/interface/ieee802-dot1q-bridge:bridge-port/ieee802-dot1q-sched-bridge:gate-parameter-table
[2026-04-17 02:40:03.258414] | Thread:21876 | [GclParser::parseOperationalGclData] | Start operational GCL data parsing
[2026-04-17 02:40:03.258776] | Thread:21876 | [GclParser::parseOperationalGclData] | Finished operational GCL data parsing
[2026-04-17 02:40:03.258865] | Thread:22097 | [NetworkManager::fetchOperationGclForNode] | Start operational GCL fetch for node: vstsn03
[2026-04-17 02:40:03.259018] | Thread:21878 | [NetconfSession::getData] | Start data fetch with XPath: /ietf-interfaces:interfaces/interface/ieee802-dot1q-bridge:bridge-port/ieee802-dot1q-sched-bridge:gate-parameter-table
[2026-04-17 02:40:03.295910] | Thread:21878 | [NetconfSession::getData] | Got return for path: /ietf-interfaces:interfaces/interface/ieee802-dot1q-bridge:bridge-port/ieee802-dot1q-sched-bridge:gate-parameter-table
[2026-04-17 02:40:03.296097] | Thread:21878 | [GclParser::parseOperationalGclData] | Start operational GCL data parsing
[2026-04-17 02:40:03.296305] | Thread:21878 | [GclParser::parseOperationalGclData] | Finished operational GCL data parsing
[2026-04-17 02:40:03.296407] | Thread:22097 | [NetworkManager::fetchOperationGcl] | Stop operational GCL fetch
[2026-04-17 02:40:03.296448] | Thread:22097 | [CncServiceImpl::SetNodeSchedule] | Finished setting node schedule (with verification) for node: vstsn01
[2026-04-17 02:40:03.296501] | Thread:22099 | [NetworkManager::deployConfigToNode] | Start config deployment for node: vstsn01
[2026-04-17 02:40:03.296659] | Thread:21871 | [NetconfSession::editData] | Start edit-config with XML length: 3260
[2026-04-17 02:40:03.324725] | Thread:21871 | [NetconfSession::editData] | Finished edit-config with XML length: 3260
[2026-04-17 02:40:03.324748] | Thread:21871 | [NetconfSession::commit] | Start commit operation.
[2026-04-17 02:40:03.365322] | Thread:21871 | [NetconfSession::commit] | Finished commit operation.
[2026-04-17 02:40:03.365373] | Thread:21871 | [NetworkManager::deployConfigToNode] | Successfully deployed config for node: vstsn01
[2026-04-17 02:40:03.365430] | Thread:22099 | [CncServiceImpl::SetNodeSchedule] | Finished deploying config to node: vstsn01
[2026-04-17 02:40:03.365480] | Thread:22099 | [NetworkManager::fetchOperationGcl] | Start operational GCL fetch
[2026-04-17 02:40:03.365482] | Thread:22099 | [NetworkManager::fetchOperationGclForNode] | Start operational GCL fetch for node: vstsn01
[2026-04-17 02:40:03.365538] | Thread:21871 | [NetconfSession::getData] | Start data fetch with XPath: /ietf-interfaces:interfaces/interface/ieee802-dot1q-bridge:bridge-port/ieee802-dot1q-sched-bridge:gate-parameter-table
[2026-04-17 02:40:03.476389] | Thread:21871 | [NetconfSession::getData] | Got return for path: /ietf-interfaces:interfaces/interface/ieee802-dot1q-bridge:bridge-port/ieee802-dot1q-sched-bridge:gate-parameter-table
[2026-04-17 02:40:03.476517] | Thread:21871 | [GclParser::parseOperationalGclData] | Start operational GCL data parsing
[2026-04-17 02:40:03.476775] | Thread:21871 | [GclParser::parseOperationalGclData] | Finished operational GCL data parsing
[2026-04-17 02:40:03.476869] | Thread:22099 | [NetworkManager::fetchOperationGclForNode] | Start operational GCL fetch for node: vstsn02
[2026-04-17 02:40:03.476919] | Thread:21876 | [NetconfSession::getData] | Start data fetch with XPath: /ietf-interfaces:interfaces/interface/ieee802-dot1q-bridge:bridge-port/ieee802-dot1q-sched-bridge:gate-parameter-table
[2026-04-17 02:40:03.554619] | Thread:21876 | [NetconfSession::getData] | Got return for path: /ietf-interfaces:interfaces/interface/ieee802-dot1q-bridge:bridge-port/ieee802-dot1q-sched-bridge:gate-parameter-table
[2026-04-17 02:40:03.554770] | Thread:21876 | [GclParser::parseOperationalGclData] | Start operational GCL data parsing
[2026-04-17 02:40:03.555209] | Thread:21876 | [GclParser::parseOperationalGclData] | Finished operational GCL data parsing
[2026-04-17 02:40:03.555353] | Thread:22099 | [NetworkManager::fetchOperationGclForNode] | Start operational GCL fetch for node: vstsn03
[2026-04-17 02:40:03.555411] | Thread:21878 | [NetconfSession::getData] | Start data fetch with XPath: /ietf-interfaces:interfaces/interface/ieee802-dot1q-bridge:bridge-port/ieee802-dot1q-sched-bridge:gate-parameter-table
[2026-04-17 02:40:03.591601] | Thread:21878 | [NetconfSession::getData] | Got return for path: /ietf-interfaces:interfaces/interface/ieee802-dot1q-bridge:bridge-port/ieee802-dot1q-sched-bridge:gate-parameter-table
[2026-04-17 02:40:03.591707] | Thread:21878 | [GclParser::parseOperationalGclData] | Start operational GCL data parsing
[2026-04-17 02:40:03.591898] | Thread:21878 | [GclParser::parseOperationalGclData] | Finished operational GCL data parsing
[2026-04-17 02:40:03.591994] | Thread:22099 | [NetworkManager::fetchOperationGcl] | Stop operational GCL fetch
[2026-04-17 02:40:03.592043] | Thread:22099 | [CncServiceImpl::SetNodeSchedule] | Finished setting node schedule (with verification) for node: vstsn01
[2026-04-17 02:40:03.592145] | Thread:22101 | [NetworkManager::deployConfigToNode] | Start config deployment for node: vstsn01
[2026-04-17 02:40:03.592284] | Thread:21871 | [NetconfSession::editData] | Start edit-config with XML length: 3260
[2026-04-17 02:40:03.620816] | Thread:21871 | [NetconfSession::editData] | Finished edit-config with XML length: 3260
[2026-04-17 02:40:03.620841] | Thread:21871 | [NetconfSession::commit] | Start commit operation.
[2026-04-17 02:40:03.661455] | Thread:21871 | [NetconfSession::commit] | Finished commit operation.
[2026-04-17 02:40:03.661485] | Thread:21871 | [NetworkManager::deployConfigToNode] | Successfully deployed config for node: vstsn01
[2026-04-17 02:40:03.661526] | Thread:22101 | [CncServiceImpl::SetNodeSchedule] | Finished deploying config to node: vstsn01
[2026-04-17 02:40:03.661566] | Thread:22101 | [NetworkManager::fetchOperationGcl] | Start operational GCL fetch
[2026-04-17 02:40:03.661568] | Thread:22101 | [NetworkManager::fetchOperationGclForNode] | Start operational GCL fetch for node: vstsn01
[2026-04-17 02:40:03.661598] | Thread:21871 | [NetconfSession::getData] | Start data fetch with XPath: /ietf-interfaces:interfaces/interface/ieee802-dot1q-bridge:bridge-port/ieee802-dot1q-sched-bridge:gate-parameter-table
[2026-04-17 02:40:03.762148] | Thread:21871 | [NetconfSession::getData] | Got return for path: /ietf-interfaces:interfaces/interface/ieee802-dot1q-bridge:bridge-port/ieee802-dot1q-sched-bridge:gate-parameter-table
[2026-04-17 02:40:03.762255] | Thread:21871 | [GclParser::parseOperationalGclData] | Start operational GCL data parsing
[2026-04-17 02:40:03.762565] | Thread:21871 | [GclParser::parseOperationalGclData] | Finished operational GCL data parsing
[2026-04-17 02:40:03.762699] | Thread:22101 | [NetworkManager::fetchOperationGclForNode] | Start operational GCL fetch for node: vstsn02
[2026-04-17 02:40:03.762792] | Thread:21876 | [NetconfSession::getData] | Start data fetch with XPath: /ietf-interfaces:interfaces/interface/ieee802-dot1q-bridge:bridge-port/ieee802-dot1q-sched-bridge:gate-parameter-table
[2026-04-17 02:40:03.837697] | Thread:21876 | [NetconfSession::getData] | Got return for path: /ietf-interfaces:interfaces/interface/ieee802-dot1q-bridge:bridge-port/ieee802-dot1q-sched-bridge:gate-parameter-table
[2026-04-17 02:40:03.837854] | Thread:21876 | [GclParser::parseOperationalGclData] | Start operational GCL data parsing
[2026-04-17 02:40:03.838396] | Thread:21876 | [GclParser::parseOperationalGclData] | Finished operational GCL data parsing
[2026-04-17 02:40:03.838513] | Thread:22101 | [NetworkManager::fetchOperationGclForNode] | Start operational GCL fetch for node: vstsn03
[2026-04-17 02:40:03.838561] | Thread:21878 | [NetconfSession::getData] | Start data fetch with XPath: /ietf-interfaces:interfaces/interface/ieee802-dot1q-bridge:bridge-port/ieee802-dot1q-sched-bridge:gate-parameter-table
[2026-04-17 02:40:03.874476] | Thread:21878 | [NetconfSession::getData] | Got return for path: /ietf-interfaces:interfaces/interface/ieee802-dot1q-bridge:bridge-port/ieee802-dot1q-sched-bridge:gate-parameter-table
[2026-04-17 02:40:03.874636] | Thread:21878 | [GclParser::parseOperationalGclData] | Start operational GCL data parsing
[2026-04-17 02:40:03.874863] | Thread:21878 | [GclParser::parseOperationalGclData] | Finished operational GCL data parsing
[2026-04-17 02:40:03.875005] | Thread:22101 | [NetworkManager::fetchOperationGcl] | Stop operational GCL fetch
[2026-04-17 02:40:03.875057] | Thread:22101 | [CncServiceImpl::SetNodeSchedule] | Finished setting node schedule (with verification) for node: vstsn01
[2026-04-17 02:40:03.875148] | Thread:22102 | [NetworkManager::deployConfigToNode] | Start config deployment for node: vstsn01
[2026-04-17 02:40:03.875320] | Thread:21871 | [NetconfSession::editData] | Start edit-config with XML length: 3260
[2026-04-17 02:40:03.907739] | Thread:21871 | [NetconfSession::editData] | Finished edit-config with XML length: 3260
[2026-04-17 02:40:03.907764] | Thread:21871 | [NetconfSession::commit] | Start commit operation.
[2026-04-17 02:40:03.951049] | Thread:21871 | [NetconfSession::commit] | Finished commit operation.
[2026-04-17 02:40:03.951072] | Thread:21871 | [NetworkManager::deployConfigToNode] | Successfully deployed config for node: vstsn01
[2026-04-17 02:40:03.951139] | Thread:22102 | [CncServiceImpl::SetNodeSchedule] | Finished deploying config to node: vstsn01
[2026-04-17 02:40:03.951164] | Thread:22102 | [NetworkManager::fetchOperationGcl] | Start operational GCL fetch
[2026-04-17 02:40:03.951166] | Thread:22102 | [NetworkManager::fetchOperationGclForNode] | Start operational GCL fetch for node: vstsn01
[2026-04-17 02:40:03.951199] | Thread:21871 | [NetconfSession::getData] | Start data fetch with XPath: /ietf-interfaces:interfaces/interface/ieee802-dot1q-bridge:bridge-port/ieee802-dot1q-sched-bridge:gate-parameter-table
[2026-04-17 02:40:04.056157] | Thread:21871 | [NetconfSession::getData] | Got return for path: /ietf-interfaces:interfaces/interface/ieee802-dot1q-bridge:bridge-port/ieee802-dot1q-sched-bridge:gate-parameter-table
[2026-04-17 02:40:04.056271] | Thread:21871 | [GclParser::parseOperationalGclData] | Start operational GCL data parsing
[2026-04-17 02:40:04.056526] | Thread:21871 | [GclParser::parseOperationalGclData] | Finished operational GCL data parsing
[2026-04-17 02:40:04.056633] | Thread:22102 | [NetworkManager::fetchOperationGclForNode] | Start operational GCL fetch for node: vstsn02
[2026-04-17 02:40:04.056670] | Thread:21876 | [NetconfSession::getData] | Start data fetch with XPath: /ietf-interfaces:interfaces/interface/ieee802-dot1q-bridge:bridge-port/ieee802-dot1q-sched-bridge:gate-parameter-table
[2026-04-17 02:40:04.134540] | Thread:21876 | [NetconfSession::getData] | Got return for path: /ietf-interfaces:interfaces/interface/ieee802-dot1q-bridge:bridge-port/ieee802-dot1q-sched-bridge:gate-parameter-table
[2026-04-17 02:40:04.134699] | Thread:21876 | [GclParser::parseOperationalGclData] | Start operational GCL data parsing
[2026-04-17 02:40:04.135012] | Thread:21876 | [GclParser::parseOperationalGclData] | Finished operational GCL data parsing
[2026-04-17 02:40:04.135137] | Thread:22102 | [NetworkManager::fetchOperationGclForNode] | Start operational GCL fetch for node: vstsn03
[2026-04-17 02:40:04.135182] | Thread:21878 | [NetconfSession::getData] | Start data fetch with XPath: /ietf-interfaces:interfaces/interface/ieee802-dot1q-bridge:bridge-port/ieee802-dot1q-sched-bridge:gate-parameter-table
[2026-04-17 02:40:04.171470] | Thread:21878 | [NetconfSession::getData] | Got return for path: /ietf-interfaces:interfaces/interface/ieee802-dot1q-bridge:bridge-port/ieee802-dot1q-sched-bridge:gate-parameter-table
[2026-04-17 02:40:04.171563] | Thread:21878 | [GclParser::parseOperationalGclData] | Start operational GCL data parsing
[2026-04-17 02:40:04.171703] | Thread:21878 | [GclParser::parseOperationalGclData] | Finished operational GCL data parsing
[2026-04-17 02:40:04.171859] | Thread:22102 | [NetworkManager::fetchOperationGcl] | Stop operational GCL fetch
[2026-04-17 02:40:04.171918] | Thread:22102 | [CncServiceImpl::SetNodeSchedule] | Finished setting node schedule (with verification) for node: vstsn01
[2026-04-17 02:40:04.171974] | Thread:22103 | [NetworkManager::deployConfigToNode] | Start config deployment for node: vstsn01
[2026-04-17 02:40:04.172056] | Thread:21871 | [NetconfSession::editData] | Start edit-config with XML length: 3260
[2026-04-17 02:40:04.204707] | Thread:21871 | [NetconfSession::editData] | Finished edit-config with XML length: 3260
[2026-04-17 02:40:04.204730] | Thread:21871 | [NetconfSession::commit] | Start commit operation.
[2026-04-17 02:40:04.245501] | Thread:21871 | [NetconfSession::commit] | Finished commit operation.
[2026-04-17 02:40:04.245532] | Thread:21871 | [NetworkManager::deployConfigToNode] | Successfully deployed config for node: vstsn01
[2026-04-17 02:40:04.245585] | Thread:22103 | [CncServiceImpl::SetNodeSchedule] | Finished deploying config to node: vstsn01
[2026-04-17 02:40:04.245629] | Thread:22103 | [NetworkManager::fetchOperationGcl] | Start operational GCL fetch
[2026-04-17 02:40:04.245631] | Thread:22103 | [NetworkManager::fetchOperationGclForNode] | Start operational GCL fetch for node: vstsn01
[2026-04-17 02:40:04.245672] | Thread:21871 | [NetconfSession::getData] | Start data fetch with XPath: /ietf-interfaces:interfaces/interface/ieee802-dot1q-bridge:bridge-port/ieee802-dot1q-sched-bridge:gate-parameter-table
[2026-04-17 02:40:04.347429] | Thread:21871 | [NetconfSession::getData] | Got return for path: /ietf-interfaces:interfaces/interface/ieee802-dot1q-bridge:bridge-port/ieee802-dot1q-sched-bridge:gate-parameter-table
[2026-04-17 02:40:04.347545] | Thread:21871 | [GclParser::parseOperationalGclData] | Start operational GCL data parsing
[2026-04-17 02:40:04.347969] | Thread:21871 | [GclParser::parseOperationalGclData] | Finished operational GCL data parsing
[2026-04-17 02:40:04.348047] | Thread:22103 | [NetworkManager::fetchOperationGclForNode] | Start operational GCL fetch for node: vstsn02
[2026-04-17 02:40:04.348102] | Thread:21876 | [NetconfSession::getData] | Start data fetch with XPath: /ietf-interfaces:interfaces/interface/ieee802-dot1q-bridge:bridge-port/ieee802-dot1q-sched-bridge:gate-parameter-table
[2026-04-17 02:40:04.424954] | Thread:21876 | [NetconfSession::getData] | Got return for path: /ietf-interfaces:interfaces/interface/ieee802-dot1q-bridge:bridge-port/ieee802-dot1q-sched-bridge:gate-parameter-table
[2026-04-17 02:40:04.425118] | Thread:21876 | [GclParser::parseOperationalGclData] | Start operational GCL data parsing
[2026-04-17 02:40:04.425438] | Thread:21876 | [GclParser::parseOperationalGclData] | Finished operational GCL data parsing
[2026-04-17 02:40:04.425576] | Thread:22103 | [NetworkManager::fetchOperationGclForNode] | Start operational GCL fetch for node: vstsn03
[2026-04-17 02:40:04.425641] | Thread:21878 | [NetconfSession::getData] | Start data fetch with XPath: /ietf-interfaces:interfaces/interface/ieee802-dot1q-bridge:bridge-port/ieee802-dot1q-sched-bridge:gate-parameter-table
[2026-04-17 02:40:04.463074] | Thread:21878 | [NetconfSession::getData] | Got return for path: /ietf-interfaces:interfaces/interface/ieee802-dot1q-bridge:bridge-port/ieee802-dot1q-sched-bridge:gate-parameter-table
[2026-04-17 02:40:04.463240] | Thread:21878 | [GclParser::parseOperationalGclData] | Start operational GCL data parsing
[2026-04-17 02:40:04.463472] | Thread:21878 | [GclParser::parseOperationalGclData] | Finished operational GCL data parsing
[2026-04-17 02:40:04.463596] | Thread:22103 | [NetworkManager::fetchOperationGcl] | Stop operational GCL fetch
[2026-04-17 02:40:04.463642] | Thread:22103 | [CncServiceImpl::SetNodeSchedule] | Finished setting node schedule (with verification) for node: vstsn01
[2026-04-17 02:40:04.463729] | Thread:22045 | [NetworkManager::deployConfigToNode] | Start config deployment for node: vstsn01
[2026-04-17 02:40:04.463861] | Thread:21871 | [NetconfSession::editData] | Start edit-config with XML length: 3260
[2026-04-17 02:40:04.495131] | Thread:21871 | [NetconfSession::editData] | Finished edit-config with XML length: 3260
[2026-04-17 02:40:04.495161] | Thread:21871 | [NetconfSession::commit] | Start commit operation.
[2026-04-17 02:40:04.535616] | Thread:21871 | [NetconfSession::commit] | Finished commit operation.
[2026-04-17 02:40:04.535646] | Thread:21871 | [NetworkManager::deployConfigToNode] | Successfully deployed config for node: vstsn01
[2026-04-17 02:40:04.535715] | Thread:22045 | [CncServiceImpl::SetNodeSchedule] | Finished deploying config to node: vstsn01
[2026-04-17 02:40:04.535726] | Thread:22045 | [NetworkManager::fetchOperationGcl] | Start operational GCL fetch
[2026-04-17 02:40:04.535727] | Thread:22045 | [NetworkManager::fetchOperationGclForNode] | Start operational GCL fetch for node: vstsn01
[2026-04-17 02:40:04.535790] | Thread:21871 | [NetconfSession::getData] | Start data fetch with XPath: /ietf-interfaces:interfaces/interface/ieee802-dot1q-bridge:bridge-port/ieee802-dot1q-sched-bridge:gate-parameter-table
[2026-04-17 02:40:04.636625] | Thread:21871 | [NetconfSession::getData] | Got return for path: /ietf-interfaces:interfaces/interface/ieee802-dot1q-bridge:bridge-port/ieee802-dot1q-sched-bridge:gate-parameter-table
[2026-04-17 02:40:04.636753] | Thread:21871 | [GclParser::parseOperationalGclData] | Start operational GCL data parsing
[2026-04-17 02:40:04.636993] | Thread:21871 | [GclParser::parseOperationalGclData] | Finished operational GCL data parsing
[2026-04-17 02:40:04.637062] | Thread:22045 | [NetworkManager::fetchOperationGclForNode] | Start operational GCL fetch for node: vstsn02
[2026-04-17 02:40:04.637153] | Thread:21876 | [NetconfSession::getData] | Start data fetch with XPath: /ietf-interfaces:interfaces/interface/ieee802-dot1q-bridge:bridge-port/ieee802-dot1q-sched-bridge:gate-parameter-table
[2026-04-17 02:40:04.713189] | Thread:21876 | [NetconfSession::getData] | Got return for path: /ietf-interfaces:interfaces/interface/ieee802-dot1q-bridge:bridge-port/ieee802-dot1q-sched-bridge:gate-parameter-table
[2026-04-17 02:40:04.713354] | Thread:21876 | [GclParser::parseOperationalGclData] | Start operational GCL data parsing
[2026-04-17 02:40:04.713682] | Thread:21876 | [GclParser::parseOperationalGclData] | Finished operational GCL data parsing
[2026-04-17 02:40:04.713810] | Thread:22045 | [NetworkManager::fetchOperationGclForNode] | Start operational GCL fetch for node: vstsn03
[2026-04-17 02:40:04.713904] | Thread:21878 | [NetconfSession::getData] | Start data fetch with XPath: /ietf-interfaces:interfaces/interface/ieee802-dot1q-bridge:bridge-port/ieee802-dot1q-sched-bridge:gate-parameter-table
[2026-04-17 02:40:04.750214] | Thread:21878 | [NetconfSession::getData] | Got return for path: /ietf-interfaces:interfaces/interface/ieee802-dot1q-bridge:bridge-port/ieee802-dot1q-sched-bridge:gate-parameter-table
[2026-04-17 02:40:04.750333] | Thread:21878 | [GclParser::parseOperationalGclData] | Start operational GCL data parsing
[2026-04-17 02:40:04.750519] | Thread:21878 | [GclParser::parseOperationalGclData] | Finished operational GCL data parsing
[2026-04-17 02:40:04.750603] | Thread:22045 | [NetworkManager::fetchOperationGcl] | Stop operational GCL fetch
[2026-04-17 02:40:04.750654] | Thread:22045 | [CncServiceImpl::SetNodeSchedule] | Finished setting node schedule (with verification) for node: vstsn01
[2026-04-17 02:40:04.750733] | Thread:22111 | [NetworkManager::deployConfigToNode] | Start config deployment for node: vstsn01
[2026-04-17 02:40:04.750838] | Thread:21871 | [NetconfSession::editData] | Start edit-config with XML length: 3260
[2026-04-17 02:40:04.779268] | Thread:21871 | [NetconfSession::editData] | Finished edit-config with XML length: 3260
[2026-04-17 02:40:04.779298] | Thread:21871 | [NetconfSession::commit] | Start commit operation.
[2026-04-17 02:40:04.819834] | Thread:21871 | [NetconfSession::commit] | Finished commit operation.
[2026-04-17 02:40:04.819866] | Thread:21871 | [NetworkManager::deployConfigToNode] | Successfully deployed config for node: vstsn01
[2026-04-17 02:40:04.819914] | Thread:22111 | [CncServiceImpl::SetNodeSchedule] | Finished deploying config to node: vstsn01
[2026-04-17 02:40:04.819985] | Thread:22111 | [NetworkManager::fetchOperationGcl] | Start operational GCL fetch
[2026-04-17 02:40:04.819987] | Thread:22111 | [NetworkManager::fetchOperationGclForNode] | Start operational GCL fetch for node: vstsn01
[2026-04-17 02:40:04.820027] | Thread:21871 | [NetconfSession::getData] | Start data fetch with XPath: /ietf-interfaces:interfaces/interface/ieee802-dot1q-bridge:bridge-port/ieee802-dot1q-sched-bridge:gate-parameter-table
[2026-04-17 02:40:04.920979] | Thread:21871 | [NetconfSession::getData] | Got return for path: /ietf-interfaces:interfaces/interface/ieee802-dot1q-bridge:bridge-port/ieee802-dot1q-sched-bridge:gate-parameter-table
[2026-04-17 02:40:04.921090] | Thread:21871 | [GclParser::parseOperationalGclData] | Start operational GCL data parsing
[2026-04-17 02:40:04.921322] | Thread:21871 | [GclParser::parseOperationalGclData] | Finished operational GCL data parsing
[2026-04-17 02:40:04.921440] | Thread:22111 | [NetworkManager::fetchOperationGclForNode] | Start operational GCL fetch for node: vstsn02
[2026-04-17 02:40:04.921526] | Thread:21876 | [NetconfSession::getData] | Start data fetch with XPath: /ietf-interfaces:interfaces/interface/ieee802-dot1q-bridge:bridge-port/ieee802-dot1q-sched-bridge:gate-parameter-table
[2026-04-17 02:40:04.997720] | Thread:21876 | [NetconfSession::getData] | Got return for path: /ietf-interfaces:interfaces/interface/ieee802-dot1q-bridge:bridge-port/ieee802-dot1q-sched-bridge:gate-parameter-table
[2026-04-17 02:40:04.997876] | Thread:21876 | [GclParser::parseOperationalGclData] | Start operational GCL data parsing
[2026-04-17 02:40:04.998152] | Thread:21876 | [GclParser::parseOperationalGclData] | Finished operational GCL data parsing
[2026-04-17 02:40:04.998317] | Thread:22111 | [NetworkManager::fetchOperationGclForNode] | Start operational GCL fetch for node: vstsn03
[2026-04-17 02:40:04.998413] | Thread:21878 | [NetconfSession::getData] | Start data fetch with XPath: /ietf-interfaces:interfaces/interface/ieee802-dot1q-bridge:bridge-port/ieee802-dot1q-sched-bridge:gate-parameter-table
[2026-04-17 02:40:05.034112] | Thread:21878 | [NetconfSession::getData] | Got return for path: /ietf-interfaces:interfaces/interface/ieee802-dot1q-bridge:bridge-port/ieee802-dot1q-sched-bridge:gate-parameter-table
[2026-04-17 02:40:05.034261] | Thread:21878 | [GclParser::parseOperationalGclData] | Start operational GCL data parsing
[2026-04-17 02:40:05.034414] | Thread:21878 | [GclParser::parseOperationalGclData] | Finished operational GCL data parsing
[2026-04-17 02:40:05.034536] | Thread:22111 | [NetworkManager::fetchOperationGcl] | Stop operational GCL fetch
[2026-04-17 02:40:05.034683] | Thread:22111 | [CncServiceImpl::SetNodeSchedule] | Finished setting node schedule (with verification) for node: vstsn01
[2026-04-17 02:40:05.034800] | Thread:22113 | [NetworkManager::deployConfigToNode] | Start config deployment for node: vstsn01
[2026-04-17 02:40:05.034900] | Thread:21871 | [NetconfSession::editData] | Start edit-config with XML length: 3260
[2026-04-17 02:40:05.065771] | Thread:21871 | [NetconfSession::editData] | Finished edit-config with XML length: 3260
[2026-04-17 02:40:05.065798] | Thread:21871 | [NetconfSession::commit] | Start commit operation.
[2026-04-17 02:40:05.109389] | Thread:21871 | [NetconfSession::commit] | Finished commit operation.
[2026-04-17 02:40:05.109414] | Thread:21871 | [NetworkManager::deployConfigToNode] | Successfully deployed config for node: vstsn01
[2026-04-17 02:40:05.109500] | Thread:22113 | [CncServiceImpl::SetNodeSchedule] | Finished deploying config to node: vstsn01
[2026-04-17 02:40:05.109633] | Thread:22113 | [NetworkManager::fetchOperationGcl] | Start operational GCL fetch
[2026-04-17 02:40:05.109682] | Thread:22113 | [NetworkManager::fetchOperationGclForNode] | Start operational GCL fetch for node: vstsn01
[2026-04-17 02:40:05.109740] | Thread:21871 | [NetconfSession::getData] | Start data fetch with XPath: /ietf-interfaces:interfaces/interface/ieee802-dot1q-bridge:bridge-port/ieee802-dot1q-sched-bridge:gate-parameter-table
[2026-04-17 02:40:05.232145] | Thread:21871 | [NetconfSession::getData] | Got return for path: /ietf-interfaces:interfaces/interface/ieee802-dot1q-bridge:bridge-port/ieee802-dot1q-sched-bridge:gate-parameter-table
[2026-04-17 02:40:05.232261] | Thread:21871 | [GclParser::parseOperationalGclData] | Start operational GCL data parsing
[2026-04-17 02:40:05.232488] | Thread:21871 | [GclParser::parseOperationalGclData] | Finished operational GCL data parsing
[2026-04-17 02:40:05.232566] | Thread:22113 | [NetworkManager::fetchOperationGclForNode] | Start operational GCL fetch for node: vstsn02
[2026-04-17 02:40:05.232603] | Thread:21876 | [NetconfSession::getData] | Start data fetch with XPath: /ietf-interfaces:interfaces/interface/ieee802-dot1q-bridge:bridge-port/ieee802-dot1q-sched-bridge:gate-parameter-table
[2026-04-17 02:40:05.311905] | Thread:21876 | [NetconfSession::getData] | Got return for path: /ietf-interfaces:interfaces/interface/ieee802-dot1q-bridge:bridge-port/ieee802-dot1q-sched-bridge:gate-parameter-table
[2026-04-17 02:40:05.312202] | Thread:21876 | [GclParser::parseOperationalGclData] | Start operational GCL data parsing
[2026-04-17 02:40:05.312648] | Thread:21876 | [GclParser::parseOperationalGclData] | Finished operational GCL data parsing
[2026-04-17 02:40:05.312779] | Thread:22113 | [NetworkManager::fetchOperationGclForNode] | Start operational GCL fetch for node: vstsn03
[2026-04-17 02:40:05.312818] | Thread:21878 | [NetconfSession::getData] | Start data fetch with XPath: /ietf-interfaces:interfaces/interface/ieee802-dot1q-bridge:bridge-port/ieee802-dot1q-sched-bridge:gate-parameter-table
[2026-04-17 02:40:05.353723] | Thread:21878 | [NetconfSession::getData] | Got return for path: /ietf-interfaces:interfaces/interface/ieee802-dot1q-bridge:bridge-port/ieee802-dot1q-sched-bridge:gate-parameter-table
[2026-04-17 02:40:05.353834] | Thread:21878 | [GclParser::parseOperationalGclData] | Start operational GCL data parsing
[2026-04-17 02:40:05.353996] | Thread:21878 | [GclParser::parseOperationalGclData] | Finished operational GCL data parsing
[2026-04-17 02:40:05.354110] | Thread:22113 | [NetworkManager::fetchOperationGcl] | Stop operational GCL fetch
[2026-04-17 02:40:05.354155] | Thread:22113 | [CncServiceImpl::SetNodeSchedule] | Finished setting node schedule (with verification) for node: vstsn01
[2026-04-17 02:40:05.354200] | Thread:22115 | [NetworkManager::deployConfigToNode] | Start config deployment for node: vstsn01
[2026-04-17 02:40:05.354388] | Thread:21871 | [NetconfSession::editData] | Start edit-config with XML length: 3260
[2026-04-17 02:40:05.394557] | Thread:21871 | [NetconfSession::editData] | Finished edit-config with XML length: 3260
[2026-04-17 02:40:05.394600] | Thread:21871 | [NetconfSession::commit] | Start commit operation.
[2026-04-17 02:40:05.445421] | Thread:21871 | [NetconfSession::commit] | Finished commit operation.
[2026-04-17 02:40:05.445450] | Thread:21871 | [NetworkManager::deployConfigToNode] | Successfully deployed config for node: vstsn01
[2026-04-17 02:40:05.445503] | Thread:22115 | [CncServiceImpl::SetNodeSchedule] | Finished deploying config to node: vstsn01
[2026-04-17 02:40:05.445559] | Thread:22115 | [NetworkManager::fetchOperationGcl] | Start operational GCL fetch
[2026-04-17 02:40:05.445577] | Thread:22115 | [NetworkManager::fetchOperationGclForNode] | Start operational GCL fetch for node: vstsn01
[2026-04-17 02:40:05.445606] | Thread:21871 | [NetconfSession::getData] | Start data fetch with XPath: /ietf-interfaces:interfaces/interface/ieee802-dot1q-bridge:bridge-port/ieee802-dot1q-sched-bridge:gate-parameter-table
[2026-04-17 02:40:05.550832] | Thread:21871 | [NetconfSession::getData] | Got return for path: /ietf-interfaces:interfaces/interface/ieee802-dot1q-bridge:bridge-port/ieee802-dot1q-sched-bridge:gate-parameter-table
[2026-04-17 02:40:05.550981] | Thread:21871 | [GclParser::parseOperationalGclData] | Start operational GCL data parsing
[2026-04-17 02:40:05.551330] | Thread:21871 | [GclParser::parseOperationalGclData] | Finished operational GCL data parsing
[2026-04-17 02:40:05.551415] | Thread:22115 | [NetworkManager::fetchOperationGclForNode] | Start operational GCL fetch for node: vstsn02
[2026-04-17 02:40:05.551453] | Thread:21876 | [NetconfSession::getData] | Start data fetch with XPath: /ietf-interfaces:interfaces/interface/ieee802-dot1q-bridge:bridge-port/ieee802-dot1q-sched-bridge:gate-parameter-table
[2026-04-17 02:40:05.612983] | Thread:21876 | [NetconfSession::getData] | Got return for path: /ietf-interfaces:interfaces/interface/ieee802-dot1q-bridge:bridge-port/ieee802-dot1q-sched-bridge:gate-parameter-table
[2026-04-17 02:40:05.613151] | Thread:21876 | [GclParser::parseOperationalGclData] | Start operational GCL data parsing
[2026-04-17 02:40:05.613467] | Thread:21876 | [GclParser::parseOperationalGclData] | Finished operational GCL data parsing
[2026-04-17 02:40:05.613544] | Thread:22115 | [NetworkManager::fetchOperationGclForNode] | Start operational GCL fetch for node: vstsn03
[2026-04-17 02:40:05.613644] | Thread:21878 | [NetconfSession::getData] | Start data fetch with XPath: /ietf-interfaces:interfaces/interface/ieee802-dot1q-bridge:bridge-port/ieee802-dot1q-sched-bridge:gate-parameter-table
[2026-04-17 02:40:05.654421] | Thread:21878 | [NetconfSession::getData] | Got return for path: /ietf-interfaces:interfaces/interface/ieee802-dot1q-bridge:bridge-port/ieee802-dot1q-sched-bridge:gate-parameter-table
[2026-04-17 02:40:05.654526] | Thread:21878 | [GclParser::parseOperationalGclData] | Start operational GCL data parsing
[2026-04-17 02:40:05.654698] | Thread:21878 | [GclParser::parseOperationalGclData] | Finished operational GCL data parsing
[2026-04-17 02:40:05.654786] | Thread:22115 | [NetworkManager::fetchOperationGcl] | Stop operational GCL fetch
[2026-04-17 02:40:05.654862] | Thread:22115 | [CncServiceImpl::SetNodeSchedule] | Finished setting node schedule (with verification) for node: vstsn01
[2026-04-17 02:40:05.654910] | Thread:22116 | [NetworkManager::deployConfigToNode] | Start config deployment for node: vstsn01
[2026-04-17 02:40:05.655069] | Thread:21871 | [NetconfSession::editData] | Start edit-config with XML length: 3260
[2026-04-17 02:40:05.684717] | Thread:21871 | [NetconfSession::editData] | Finished edit-config with XML length: 3260
[2026-04-17 02:40:05.684746] | Thread:21871 | [NetconfSession::commit] | Start commit operation.
[2026-04-17 02:40:05.726682] | Thread:21871 | [NetconfSession::commit] | Finished commit operation.
[2026-04-17 02:40:05.726719] | Thread:21871 | [NetworkManager::deployConfigToNode] | Successfully deployed config for node: vstsn01
[2026-04-17 02:40:05.726759] | Thread:22116 | [CncServiceImpl::SetNodeSchedule] | Finished deploying config to node: vstsn01
[2026-04-17 02:40:05.726781] | Thread:22116 | [NetworkManager::fetchOperationGcl] | Start operational GCL fetch
[2026-04-17 02:40:05.726782] | Thread:22116 | [NetworkManager::fetchOperationGclForNode] | Start operational GCL fetch for node: vstsn01
[2026-04-17 02:40:05.726872] | Thread:21871 | [NetconfSession::getData] | Start data fetch with XPath: /ietf-interfaces:interfaces/interface/ieee802-dot1q-bridge:bridge-port/ieee802-dot1q-sched-bridge:gate-parameter-table
[2026-04-17 02:40:05.828355] | Thread:21871 | [NetconfSession::getData] | Got return for path: /ietf-interfaces:interfaces/interface/ieee802-dot1q-bridge:bridge-port/ieee802-dot1q-sched-bridge:gate-parameter-table
[2026-04-17 02:40:05.828480] | Thread:21871 | [GclParser::parseOperationalGclData] | Start operational GCL data parsing
[2026-04-17 02:40:05.828720] | Thread:21871 | [GclParser::parseOperationalGclData] | Finished operational GCL data parsing
[2026-04-17 02:40:05.828808] | Thread:22116 | [NetworkManager::fetchOperationGclForNode] | Start operational GCL fetch for node: vstsn02
[2026-04-17 02:40:05.828903] | Thread:21876 | [NetconfSession::getData] | Start data fetch with XPath: /ietf-interfaces:interfaces/interface/ieee802-dot1q-bridge:bridge-port/ieee802-dot1q-sched-bridge:gate-parameter-table
[2026-04-17 02:40:05.910292] | Thread:21876 | [NetconfSession::getData] | Got return for path: /ietf-interfaces:interfaces/interface/ieee802-dot1q-bridge:bridge-port/ieee802-dot1q-sched-bridge:gate-parameter-table
[2026-04-17 02:40:05.910446] | Thread:21876 | [GclParser::parseOperationalGclData] | Start operational GCL data parsing
[2026-04-17 02:40:05.910785] | Thread:21876 | [GclParser::parseOperationalGclData] | Finished operational GCL data parsing
[2026-04-17 02:40:05.910918] | Thread:22116 | [NetworkManager::fetchOperationGclForNode] | Start operational GCL fetch for node: vstsn03
[2026-04-17 02:40:05.911005] | Thread:21878 | [NetconfSession::getData] | Start data fetch with XPath: /ietf-interfaces:interfaces/interface/ieee802-dot1q-bridge:bridge-port/ieee802-dot1q-sched-bridge:gate-parameter-table
[2026-04-17 02:40:05.947435] | Thread:21878 | [NetconfSession::getData] | Got return for path: /ietf-interfaces:interfaces/interface/ieee802-dot1q-bridge:bridge-port/ieee802-dot1q-sched-bridge:gate-parameter-table
[2026-04-17 02:40:05.947533] | Thread:21878 | [GclParser::parseOperationalGclData] | Start operational GCL data parsing
[2026-04-17 02:40:05.947712] | Thread:21878 | [GclParser::parseOperationalGclData] | Finished operational GCL data parsing
[2026-04-17 02:40:05.947880] | Thread:22116 | [NetworkManager::fetchOperationGcl] | Stop operational GCL fetch
[2026-04-17 02:40:05.947943] | Thread:22116 | [CncServiceImpl::SetNodeSchedule] | Finished setting node schedule (with verification) for node: vstsn01
[2026-04-17 02:40:05.948010] | Thread:22118 | [NetworkManager::deployConfigToNode] | Start config deployment for node: vstsn01
[2026-04-17 02:40:05.948125] | Thread:21871 | [NetconfSession::editData] | Start edit-config with XML length: 3260
[2026-04-17 02:40:05.977597] | Thread:21871 | [NetconfSession::editData] | Finished edit-config with XML length: 3260
[2026-04-17 02:40:05.977625] | Thread:21871 | [NetconfSession::commit] | Start commit operation.
[2026-04-17 02:40:06.017643] | Thread:21871 | [NetconfSession::commit] | Finished commit operation.
[2026-04-17 02:40:06.017667] | Thread:21871 | [NetworkManager::deployConfigToNode] | Successfully deployed config for node: vstsn01
[2026-04-17 02:40:06.017728] | Thread:22118 | [CncServiceImpl::SetNodeSchedule] | Finished deploying config to node: vstsn01
[2026-04-17 02:40:06.017740] | Thread:22118 | [NetworkManager::fetchOperationGcl] | Start operational GCL fetch
[2026-04-17 02:40:06.017741] | Thread:22118 | [NetworkManager::fetchOperationGclForNode] | Start operational GCL fetch for node: vstsn01
[2026-04-17 02:40:06.017786] | Thread:21871 | [NetconfSession::getData] | Start data fetch with XPath: /ietf-interfaces:interfaces/interface/ieee802-dot1q-bridge:bridge-port/ieee802-dot1q-sched-bridge:gate-parameter-table
[2026-04-17 02:40:06.120444] | Thread:21871 | [NetconfSession::getData] | Got return for path: /ietf-interfaces:interfaces/interface/ieee802-dot1q-bridge:bridge-port/ieee802-dot1q-sched-bridge:gate-parameter-table
[2026-04-17 02:40:06.120541] | Thread:21871 | [GclParser::parseOperationalGclData] | Start operational GCL data parsing
[2026-04-17 02:40:06.120748] | Thread:21871 | [GclParser::parseOperationalGclData] | Finished operational GCL data parsing
[2026-04-17 02:40:06.120858] | Thread:22118 | [NetworkManager::fetchOperationGclForNode] | Start operational GCL fetch for node: vstsn02
[2026-04-17 02:40:06.121014] | Thread:21876 | [NetconfSession::getData] | Start data fetch with XPath: /ietf-interfaces:interfaces/interface/ieee802-dot1q-bridge:bridge-port/ieee802-dot1q-sched-bridge:gate-parameter-table
[2026-04-17 02:40:06.195135] | Thread:21876 | [NetconfSession::getData] | Got return for path: /ietf-interfaces:interfaces/interface/ieee802-dot1q-bridge:bridge-port/ieee802-dot1q-sched-bridge:gate-parameter-table
[2026-04-17 02:40:06.195300] | Thread:21876 | [GclParser::parseOperationalGclData] | Start operational GCL data parsing
[2026-04-17 02:40:06.195704] | Thread:21876 | [GclParser::parseOperationalGclData] | Finished operational GCL data parsing
[2026-04-17 02:40:06.195789] | Thread:22118 | [NetworkManager::fetchOperationGclForNode] | Start operational GCL fetch for node: vstsn03
[2026-04-17 02:40:06.195859] | Thread:21878 | [NetconfSession::getData] | Start data fetch with XPath: /ietf-interfaces:interfaces/interface/ieee802-dot1q-bridge:bridge-port/ieee802-dot1q-sched-bridge:gate-parameter-table
[2026-04-17 02:40:06.237486] | Thread:21878 | [NetconfSession::getData] | Got return for path: /ietf-interfaces:interfaces/interface/ieee802-dot1q-bridge:bridge-port/ieee802-dot1q-sched-bridge:gate-parameter-table
[2026-04-17 02:40:06.237586] | Thread:21878 | [GclParser::parseOperationalGclData] | Start operational GCL data parsing
[2026-04-17 02:40:06.237749] | Thread:21878 | [GclParser::parseOperationalGclData] | Finished operational GCL data parsing
[2026-04-17 02:40:06.237812] | Thread:22118 | [NetworkManager::fetchOperationGcl] | Stop operational GCL fetch
[2026-04-17 02:40:06.237843] | Thread:22118 | [CncServiceImpl::SetNodeSchedule] | Finished setting node schedule (with verification) for node: vstsn01
[2026-04-17 02:40:06.237873] | Thread:22120 | [NetworkManager::deployConfigToNode] | Start config deployment for node: vstsn01
[2026-04-17 02:40:06.237990] | Thread:21871 | [NetconfSession::editData] | Start edit-config with XML length: 3260
[2026-04-17 02:40:06.267824] | Thread:21871 | [NetconfSession::editData] | Finished edit-config with XML length: 3260
[2026-04-17 02:40:06.267846] | Thread:21871 | [NetconfSession::commit] | Start commit operation.
[2026-04-17 02:40:06.312025] | Thread:21871 | [NetconfSession::commit] | Finished commit operation.
[2026-04-17 02:40:06.312051] | Thread:21871 | [NetworkManager::deployConfigToNode] | Successfully deployed config for node: vstsn01
[2026-04-17 02:40:06.312103] | Thread:22120 | [CncServiceImpl::SetNodeSchedule] | Finished deploying config to node: vstsn01
[2026-04-17 02:40:06.312159] | Thread:22120 | [NetworkManager::fetchOperationGcl] | Start operational GCL fetch
[2026-04-17 02:40:06.312161] | Thread:22120 | [NetworkManager::fetchOperationGclForNode] | Start operational GCL fetch for node: vstsn01
[2026-04-17 02:40:06.312200] | Thread:21871 | [NetconfSession::getData] | Start data fetch with XPath: /ietf-interfaces:interfaces/interface/ieee802-dot1q-bridge:bridge-port/ieee802-dot1q-sched-bridge:gate-parameter-table
[2026-04-17 02:40:06.417372] | Thread:21871 | [NetconfSession::getData] | Got return for path: /ietf-interfaces:interfaces/interface/ieee802-dot1q-bridge:bridge-port/ieee802-dot1q-sched-bridge:gate-parameter-table
[2026-04-17 02:40:06.417534] | Thread:21871 | [GclParser::parseOperationalGclData] | Start operational GCL data parsing
[2026-04-17 02:40:06.417865] | Thread:21871 | [GclParser::parseOperationalGclData] | Finished operational GCL data parsing
[2026-04-17 02:40:06.418062] | Thread:22120 | [NetworkManager::fetchOperationGclForNode] | Start operational GCL fetch for node: vstsn02
[2026-04-17 02:40:06.418138] | Thread:21876 | [NetconfSession::getData] | Start data fetch with XPath: /ietf-interfaces:interfaces/interface/ieee802-dot1q-bridge:bridge-port/ieee802-dot1q-sched-bridge:gate-parameter-table
[2026-04-17 02:40:06.493458] | Thread:21876 | [NetconfSession::getData] | Got return for path: /ietf-interfaces:interfaces/interface/ieee802-dot1q-bridge:bridge-port/ieee802-dot1q-sched-bridge:gate-parameter-table
[2026-04-17 02:40:06.493653] | Thread:21876 | [GclParser::parseOperationalGclData] | Start operational GCL data parsing
[2026-04-17 02:40:06.493992] | Thread:21876 | [GclParser::parseOperationalGclData] | Finished operational GCL data parsing
[2026-04-17 02:40:06.494114] | Thread:22120 | [NetworkManager::fetchOperationGclForNode] | Start operational GCL fetch for node: vstsn03
[2026-04-17 02:40:06.494168] | Thread:21878 | [NetconfSession::getData] | Start data fetch with XPath: /ietf-interfaces:interfaces/interface/ieee802-dot1q-bridge:bridge-port/ieee802-dot1q-sched-bridge:gate-parameter-table
[2026-04-17 02:40:06.533737] | Thread:21878 | [NetconfSession::getData] | Got return for path: /ietf-interfaces:interfaces/interface/ieee802-dot1q-bridge:bridge-port/ieee802-dot1q-sched-bridge:gate-parameter-table
[2026-04-17 02:40:06.533846] | Thread:21878 | [GclParser::parseOperationalGclData] | Start operational GCL data parsing
[2026-04-17 02:40:06.534013] | Thread:21878 | [GclParser::parseOperationalGclData] | Finished operational GCL data parsing
[2026-04-17 02:40:06.534097] | Thread:22120 | [NetworkManager::fetchOperationGcl] | Stop operational GCL fetch
[2026-04-17 02:40:06.534134] | Thread:22120 | [CncServiceImpl::SetNodeSchedule] | Finished setting node schedule (with verification) for node: vstsn01
[2026-04-17 02:40:06.534185] | Thread:22123 | [NetworkManager::deployConfigToNode] | Start config deployment for node: vstsn01
[2026-04-17 02:40:06.534307] | Thread:21871 | [NetconfSession::editData] | Start edit-config with XML length: 3260
[2026-04-17 02:40:06.563668] | Thread:21871 | [NetconfSession::editData] | Finished edit-config with XML length: 3260
[2026-04-17 02:40:06.563699] | Thread:21871 | [NetconfSession::commit] | Start commit operation.
[2026-04-17 02:40:06.606270] | Thread:21871 | [NetconfSession::commit] | Finished commit operation.
[2026-04-17 02:40:06.606296] | Thread:21871 | [NetworkManager::deployConfigToNode] | Successfully deployed config for node: vstsn01
[2026-04-17 02:40:06.606344] | Thread:22123 | [CncServiceImpl::SetNodeSchedule] | Finished deploying config to node: vstsn01
[2026-04-17 02:40:06.606371] | Thread:22123 | [NetworkManager::fetchOperationGcl] | Start operational GCL fetch
[2026-04-17 02:40:06.606373] | Thread:22123 | [NetworkManager::fetchOperationGclForNode] | Start operational GCL fetch for node: vstsn01
[2026-04-17 02:40:06.606389] | Thread:21871 | [NetconfSession::getData] | Start data fetch with XPath: /ietf-interfaces:interfaces/interface/ieee802-dot1q-bridge:bridge-port/ieee802-dot1q-sched-bridge:gate-parameter-table
[2026-04-17 02:40:06.715447] | Thread:21871 | [NetconfSession::getData] | Got return for path: /ietf-interfaces:interfaces/interface/ieee802-dot1q-bridge:bridge-port/ieee802-dot1q-sched-bridge:gate-parameter-table
[2026-04-17 02:40:06.715568] | Thread:21871 | [GclParser::parseOperationalGclData] | Start operational GCL data parsing
[2026-04-17 02:40:06.715825] | Thread:21871 | [GclParser::parseOperationalGclData] | Finished operational GCL data parsing
[2026-04-17 02:40:06.715946] | Thread:22123 | [NetworkManager::fetchOperationGclForNode] | Start operational GCL fetch for node: vstsn02
[2026-04-17 02:40:06.716093] | Thread:21876 | [NetconfSession::getData] | Start data fetch with XPath: /ietf-interfaces:interfaces/interface/ieee802-dot1q-bridge:bridge-port/ieee802-dot1q-sched-bridge:gate-parameter-table
[2026-04-17 02:40:06.793153] | Thread:21876 | [NetconfSession::getData] | Got return for path: /ietf-interfaces:interfaces/interface/ieee802-dot1q-bridge:bridge-port/ieee802-dot1q-sched-bridge:gate-parameter-table
[2026-04-17 02:40:06.793308] | Thread:21876 | [GclParser::parseOperationalGclData] | Start operational GCL data parsing
[2026-04-17 02:40:06.793625] | Thread:21876 | [GclParser::parseOperationalGclData] | Finished operational GCL data parsing
[2026-04-17 02:40:06.793729] | Thread:22123 | [NetworkManager::fetchOperationGclForNode] | Start operational GCL fetch for node: vstsn03
[2026-04-17 02:40:06.793829] | Thread:21878 | [NetconfSession::getData] | Start data fetch with XPath: /ietf-interfaces:interfaces/interface/ieee802-dot1q-bridge:bridge-port/ieee802-dot1q-sched-bridge:gate-parameter-table
[2026-04-17 02:40:06.840644] | Thread:21878 | [NetconfSession::getData] | Got return for path: /ietf-interfaces:interfaces/interface/ieee802-dot1q-bridge:bridge-port/ieee802-dot1q-sched-bridge:gate-parameter-table
[2026-04-17 02:40:06.840776] | Thread:21878 | [GclParser::parseOperationalGclData] | Start operational GCL data parsing
[2026-04-17 02:40:06.840948] | Thread:21878 | [GclParser::parseOperationalGclData] | Finished operational GCL data parsing
[2026-04-17 02:40:06.841048] | Thread:22123 | [NetworkManager::fetchOperationGcl] | Stop operational GCL fetch
[2026-04-17 02:40:06.841111] | Thread:22123 | [CncServiceImpl::SetNodeSchedule] | Finished setting node schedule (with verification) for node: vstsn01
[2026-04-17 02:40:06.841166] | Thread:22124 | [NetworkManager::deployConfigToNode] | Start config deployment for node: vstsn01
[2026-04-17 02:40:06.841283] | Thread:21871 | [NetconfSession::editData] | Start edit-config with XML length: 3260
[2026-04-17 02:40:06.871046] | Thread:21871 | [NetconfSession::editData] | Finished edit-config with XML length: 3260
[2026-04-17 02:40:06.871082] | Thread:21871 | [NetconfSession::commit] | Start commit operation.
[2026-04-17 02:40:06.911839] | Thread:21871 | [NetconfSession::commit] | Finished commit operation.
[2026-04-17 02:40:06.911866] | Thread:21871 | [NetworkManager::deployConfigToNode] | Successfully deployed config for node: vstsn01
[2026-04-17 02:40:06.911917] | Thread:22124 | [CncServiceImpl::SetNodeSchedule] | Finished deploying config to node: vstsn01
[2026-04-17 02:40:06.911970] | Thread:22124 | [NetworkManager::fetchOperationGcl] | Start operational GCL fetch
[2026-04-17 02:40:06.911972] | Thread:22124 | [NetworkManager::fetchOperationGclForNode] | Start operational GCL fetch for node: vstsn01
[2026-04-17 02:40:06.912091] | Thread:21871 | [NetconfSession::getData] | Start data fetch with XPath: /ietf-interfaces:interfaces/interface/ieee802-dot1q-bridge:bridge-port/ieee802-dot1q-sched-bridge:gate-parameter-table
[2026-04-17 02:40:07.013749] | Thread:21871 | [NetconfSession::getData] | Got return for path: /ietf-interfaces:interfaces/interface/ieee802-dot1q-bridge:bridge-port/ieee802-dot1q-sched-bridge:gate-parameter-table
[2026-04-17 02:40:07.013882] | Thread:21871 | [GclParser::parseOperationalGclData] | Start operational GCL data parsing
[2026-04-17 02:40:07.014140] | Thread:21871 | [GclParser::parseOperationalGclData] | Finished operational GCL data parsing
[2026-04-17 02:40:07.014221] | Thread:22124 | [NetworkManager::fetchOperationGclForNode] | Start operational GCL fetch for node: vstsn02
[2026-04-17 02:40:07.014279] | Thread:21876 | [NetconfSession::getData] | Start data fetch with XPath: /ietf-interfaces:interfaces/interface/ieee802-dot1q-bridge:bridge-port/ieee802-dot1q-sched-bridge:gate-parameter-table
[2026-04-17 02:40:07.089206] | Thread:21876 | [NetconfSession::getData] | Got return for path: /ietf-interfaces:interfaces/interface/ieee802-dot1q-bridge:bridge-port/ieee802-dot1q-sched-bridge:gate-parameter-table
[2026-04-17 02:40:07.089407] | Thread:21876 | [GclParser::parseOperationalGclData] | Start operational GCL data parsing
[2026-04-17 02:40:07.089887] | Thread:21876 | [GclParser::parseOperationalGclData] | Finished operational GCL data parsing
[2026-04-17 02:40:07.089982] | Thread:22124 | [NetworkManager::fetchOperationGclForNode] | Start operational GCL fetch for node: vstsn03
[2026-04-17 02:40:07.090032] | Thread:21878 | [NetconfSession::getData] | Start data fetch with XPath: /ietf-interfaces:interfaces/interface/ieee802-dot1q-bridge:bridge-port/ieee802-dot1q-sched-bridge:gate-parameter-table
[2026-04-17 02:40:07.127478] | Thread:21878 | [NetconfSession::getData] | Got return for path: /ietf-interfaces:interfaces/interface/ieee802-dot1q-bridge:bridge-port/ieee802-dot1q-sched-bridge:gate-parameter-table
[2026-04-17 02:40:07.127717] | Thread:21878 | [GclParser::parseOperationalGclData] | Start operational GCL data parsing
[2026-04-17 02:40:07.128159] | Thread:21878 | [GclParser::parseOperationalGclData] | Finished operational GCL data parsing
[2026-04-17 02:40:07.128286] | Thread:22124 | [NetworkManager::fetchOperationGcl] | Stop operational GCL fetch
[2026-04-17 02:40:07.128357] | Thread:22124 | [CncServiceImpl::SetNodeSchedule] | Finished setting node schedule (with verification) for node: vstsn01
